ISO-10303-21;
HEADER;
/* Generated by software containing ST-Developer
 * from STEP Tools, Inc. (www.steptools.com) 
 */

FILE_DESCRIPTION(
/* description */ (''),
/* implementation_level */ '2;1');

FILE_NAME(
/* name */ 'button-speaker-top-cover.step',
/* time_stamp */ '2026-01-06T12:36:00+09:00',
/* author */ (''),
/* organization */ (''),
/* preprocessor_version */ 'ST-DEVELOPER v20.1',
/* originating_system */ 'Autodesk Translation Framework v14.21.0.0',
/* authorisation */ '');

FILE_SCHEMA (('AUTOMOTIVE_DESIGN { 1 0 10303 214 3 1 1 }'));
ENDSEC;

DATA;
#10=MECHANICAL_DESIGN_GEOMETRIC_PRESENTATION_REPRESENTATION('',(#13),#7012);
#11=SHAPE_REPRESENTATION_RELATIONSHIP('SRR','None',#7018,#12);
#12=ADVANCED_BREP_SHAPE_REPRESENTATION('',(#14),#7011);
#13=STYLED_ITEM('',(#7027),#14);
#14=MANIFOLD_SOLID_BREP('Body1',#4056);
#15=B_SPLINE_CURVE_WITH_KNOTS('',3,(#6841,#6842,#6843,#6844,#6845,#6846,
#6847,#6848,#6849,#6850,#6851,#6852,#6853,#6854,#6855,#6856,#6857,#6858,
#6859,#6860,#6861,#6862,#6863,#6864,#6865,#6866),.UNSPECIFIED.,.F.,.F.,
(4,2,2,2,2,2,2,2,2,2,2,2,4),(0.,0.0527464803881315,0.105492960776263,0.158239427785702,
0.210985894795141,0.263732361804579,0.316478828814018,0.36922530920215,
0.421971789590281,0.474718269978413,0.527464750366544,0.580211217375983,
0.632957684385422),.UNSPECIFIED.);
#16=B_SPLINE_CURVE_WITH_KNOTS('',3,(#6867,#6868,#6869,#6870,#6871,#6872,
#6873,#6874,#6875,#6876),.UNSPECIFIED.,.F.,.F.,(4,2,2,2,4),(0.632957684385422,
0.68570415139486,0.738450618404299,0.791197098792431,0.843943579180562),
 .UNSPECIFIED.);
#17=B_SPLINE_CURVE_WITH_KNOTS('',3,(#6879,#6880,#6881,#6882,#6883,#6884,
#6885,#6886,#6887,#6888),.UNSPECIFIED.,.F.,.F.,(4,2,2,2,4),(0.,0.0527464803881315,
0.105492960776263,0.158239427785702,0.210985894795141),.UNSPECIFIED.);
#18=B_SPLINE_CURVE_WITH_KNOTS('',3,(#6889,#6890,#6891,#6892,#6893,#6894,
#6895,#6896,#6897,#6898,#6899,#6900,#6901,#6902,#6903,#6904,#6905,#6906,
#6907,#6908,#6909,#6910,#6911,#6912,#6913,#6914),.UNSPECIFIED.,.F.,.F.,
(4,2,2,2,2,2,2,2,2,2,2,2,4),(0.210985894795141,0.263732361804579,0.316478828814018,
0.36922530920215,0.421971789590281,0.474718269978413,0.527464750366544,
0.580211217375983,0.632957684385422,0.68570415139486,0.738450618404299,
0.791197098792431,0.843943579180562),.UNSPECIFIED.);
#19=B_SPLINE_CURVE_WITH_KNOTS('',3,(#6930,#6931,#6932,#6933,#6934,#6935,
#6936,#6937,#6938,#6939),.UNSPECIFIED.,.F.,.F.,(4,2,2,2,4),(0.,0.0527475663533603,
0.105495132706721,0.158242682726435,0.210990232746149),.UNSPECIFIED.);
#20=B_SPLINE_CURVE_WITH_KNOTS('',3,(#6940,#6941,#6942,#6943,#6944,#6945,
#6946,#6947,#6948,#6949,#6950,#6951,#6952,#6953,#6954,#6955,#6956,#6957,
#6958,#6959,#6960,#6961,#6962,#6963,#6964,#6965),.UNSPECIFIED.,.F.,.F.,
(4,2,2,2,2,2,2,2,2,2,2,2,4),(0.210990232746149,0.263737782765864,0.316485332785578,
0.369232899138938,0.421980465492299,0.474728031845659,0.527475598199019,
0.580223148218733,0.632970698238448,0.685718248258162,0.738465798277876,
0.791213364631237,0.843960930984597),.UNSPECIFIED.);
#21=B_SPLINE_CURVE_WITH_KNOTS('',3,(#6968,#6969,#6970,#6971,#6972,#6973,
#6974,#6975,#6976,#6977,#6978,#6979,#6980,#6981,#6982,#6983,#6984,#6985,
#6986,#6987,#6988,#6989,#6990,#6991,#6992,#6993),.UNSPECIFIED.,.F.,.F.,
(4,2,2,2,2,2,2,2,2,2,2,2,4),(0.,0.0527475663533603,0.105495132706721,0.158242682726435,
0.210990232746149,0.263737782765864,0.316485332785578,0.369232899138938,
0.421980465492298,0.474728031845659,0.527475598199019,0.580223148218733,
0.632970698238448),.UNSPECIFIED.);
#22=B_SPLINE_CURVE_WITH_KNOTS('',3,(#6994,#6995,#6996,#6997,#6998,#6999,
#7000,#7001,#7002,#7003),.UNSPECIFIED.,.F.,.F.,(4,2,2,2,4),(0.632970698238448,
0.685718248258162,0.738465798277876,0.791213364631236,0.843960930984597),
 .UNSPECIFIED.);
#23=FACE_BOUND('',#720,.T.);
#24=FACE_BOUND('',#721,.T.);
#25=FACE_BOUND('',#722,.T.);
#26=FACE_BOUND('',#723,.T.);
#27=FACE_BOUND('',#724,.T.);
#28=FACE_BOUND('',#725,.T.);
#29=FACE_BOUND('',#726,.T.);
#30=FACE_BOUND('',#727,.T.);
#31=FACE_BOUND('',#728,.T.);
#32=FACE_BOUND('',#729,.T.);
#33=FACE_BOUND('',#730,.T.);
#34=FACE_BOUND('',#731,.T.);
#35=FACE_BOUND('',#732,.T.);
#36=FACE_BOUND('',#733,.T.);
#37=FACE_BOUND('',#734,.T.);
#38=FACE_BOUND('',#735,.T.);
#39=FACE_BOUND('',#736,.T.);
#40=FACE_BOUND('',#737,.T.);
#41=FACE_BOUND('',#738,.T.);
#42=FACE_BOUND('',#739,.T.);
#43=FACE_BOUND('',#740,.T.);
#44=FACE_BOUND('',#741,.T.);
#45=FACE_BOUND('',#742,.T.);
#46=FACE_BOUND('',#743,.T.);
#47=FACE_BOUND('',#744,.T.);
#48=FACE_BOUND('',#745,.T.);
#49=FACE_BOUND('',#746,.T.);
#50=FACE_BOUND('',#747,.T.);
#51=FACE_BOUND('',#748,.T.);
#52=FACE_BOUND('',#749,.T.);
#53=FACE_BOUND('',#750,.T.);
#54=FACE_BOUND('',#751,.T.);
#55=FACE_BOUND('',#752,.T.);
#56=FACE_BOUND('',#753,.T.);
#57=FACE_BOUND('',#754,.T.);
#58=FACE_BOUND('',#755,.T.);
#59=FACE_BOUND('',#756,.T.);
#60=FACE_BOUND('',#757,.T.);
#61=FACE_BOUND('',#758,.T.);
#62=FACE_BOUND('',#759,.T.);
#63=FACE_BOUND('',#760,.T.);
#64=FACE_BOUND('',#761,.T.);
#65=FACE_BOUND('',#762,.T.);
#66=FACE_BOUND('',#763,.T.);
#67=FACE_BOUND('',#764,.T.);
#68=FACE_BOUND('',#765,.T.);
#69=FACE_BOUND('',#766,.T.);
#70=FACE_BOUND('',#767,.T.);
#71=FACE_BOUND('',#768,.T.);
#72=FACE_BOUND('',#769,.T.);
#73=FACE_BOUND('',#770,.T.);
#74=FACE_BOUND('',#771,.T.);
#75=FACE_BOUND('',#772,.T.);
#76=FACE_BOUND('',#773,.T.);
#77=FACE_BOUND('',#774,.T.);
#78=FACE_BOUND('',#775,.T.);
#79=FACE_BOUND('',#776,.T.);
#80=FACE_BOUND('',#777,.T.);
#81=FACE_BOUND('',#778,.T.);
#82=FACE_BOUND('',#779,.T.);
#83=FACE_BOUND('',#780,.T.);
#84=FACE_BOUND('',#781,.T.);
#85=FACE_BOUND('',#782,.T.);
#86=FACE_BOUND('',#783,.T.);
#87=FACE_BOUND('',#784,.T.);
#88=FACE_BOUND('',#785,.T.);
#89=FACE_BOUND('',#786,.T.);
#90=FACE_BOUND('',#787,.T.);
#91=FACE_BOUND('',#788,.T.);
#92=FACE_BOUND('',#789,.T.);
#93=FACE_BOUND('',#790,.T.);
#94=FACE_BOUND('',#791,.T.);
#95=FACE_BOUND('',#792,.T.);
#96=FACE_BOUND('',#793,.T.);
#97=FACE_BOUND('',#794,.T.);
#98=FACE_BOUND('',#795,.T.);
#99=FACE_BOUND('',#796,.T.);
#100=FACE_BOUND('',#797,.T.);
#101=FACE_BOUND('',#798,.T.);
#102=FACE_BOUND('',#799,.T.);
#103=FACE_BOUND('',#800,.T.);
#104=FACE_BOUND('',#801,.T.);
#105=FACE_BOUND('',#802,.T.);
#106=FACE_BOUND('',#803,.T.);
#107=FACE_BOUND('',#804,.T.);
#108=FACE_BOUND('',#805,.T.);
#109=FACE_BOUND('',#806,.T.);
#110=FACE_BOUND('',#807,.T.);
#111=FACE_BOUND('',#808,.T.);
#112=FACE_BOUND('',#809,.T.);
#113=FACE_BOUND('',#810,.T.);
#114=FACE_BOUND('',#811,.T.);
#115=FACE_BOUND('',#812,.T.);
#116=FACE_BOUND('',#813,.T.);
#117=FACE_BOUND('',#814,.T.);
#118=FACE_BOUND('',#815,.T.);
#119=FACE_BOUND('',#816,.T.);
#120=FACE_BOUND('',#817,.T.);
#121=FACE_BOUND('',#818,.T.);
#122=FACE_BOUND('',#819,.T.);
#123=FACE_BOUND('',#820,.T.);
#124=FACE_BOUND('',#821,.T.);
#125=FACE_BOUND('',#822,.T.);
#126=FACE_BOUND('',#823,.T.);
#127=FACE_BOUND('',#824,.T.);
#128=FACE_BOUND('',#825,.T.);
#129=FACE_BOUND('',#826,.T.);
#130=FACE_BOUND('',#827,.T.);
#131=FACE_BOUND('',#828,.T.);
#132=FACE_BOUND('',#829,.T.);
#133=FACE_BOUND('',#830,.T.);
#134=FACE_BOUND('',#831,.T.);
#135=FACE_BOUND('',#832,.T.);
#136=FACE_BOUND('',#833,.T.);
#137=FACE_BOUND('',#834,.T.);
#138=FACE_BOUND('',#835,.T.);
#139=FACE_BOUND('',#836,.T.);
#140=FACE_BOUND('',#837,.T.);
#141=FACE_BOUND('',#838,.T.);
#142=FACE_BOUND('',#839,.T.);
#143=FACE_BOUND('',#840,.T.);
#144=FACE_BOUND('',#841,.T.);
#145=FACE_BOUND('',#842,.T.);
#146=FACE_BOUND('',#843,.T.);
#147=FACE_BOUND('',#844,.T.);
#148=FACE_BOUND('',#845,.T.);
#149=FACE_BOUND('',#846,.T.);
#150=FACE_BOUND('',#847,.T.);
#151=FACE_BOUND('',#848,.T.);
#152=FACE_BOUND('',#849,.T.);
#153=FACE_BOUND('',#850,.T.);
#154=FACE_BOUND('',#851,.T.);
#155=FACE_BOUND('',#852,.T.);
#156=FACE_BOUND('',#853,.T.);
#157=FACE_BOUND('',#854,.T.);
#158=FACE_BOUND('',#855,.T.);
#159=FACE_BOUND('',#856,.T.);
#160=FACE_BOUND('',#857,.T.);
#161=FACE_BOUND('',#858,.T.);
#162=FACE_BOUND('',#859,.T.);
#163=FACE_BOUND('',#860,.T.);
#164=FACE_BOUND('',#861,.T.);
#165=FACE_BOUND('',#862,.T.);
#166=FACE_BOUND('',#863,.T.);
#167=FACE_BOUND('',#864,.T.);
#168=FACE_BOUND('',#865,.T.);
#169=FACE_BOUND('',#866,.T.);
#170=FACE_BOUND('',#867,.T.);
#171=FACE_BOUND('',#868,.T.);
#172=FACE_BOUND('',#869,.T.);
#173=FACE_BOUND('',#870,.T.);
#174=FACE_BOUND('',#871,.T.);
#175=FACE_BOUND('',#872,.T.);
#176=FACE_BOUND('',#873,.T.);
#177=FACE_BOUND('',#874,.T.);
#178=FACE_BOUND('',#875,.T.);
#179=FACE_BOUND('',#876,.T.);
#180=FACE_BOUND('',#877,.T.);
#181=FACE_BOUND('',#878,.T.);
#182=FACE_BOUND('',#879,.T.);
#183=FACE_BOUND('',#880,.T.);
#184=FACE_BOUND('',#881,.T.);
#185=FACE_BOUND('',#882,.T.);
#186=FACE_BOUND('',#883,.T.);
#187=FACE_BOUND('',#884,.T.);
#188=FACE_BOUND('',#885,.T.);
#189=FACE_BOUND('',#886,.T.);
#190=FACE_BOUND('',#887,.T.);
#191=FACE_BOUND('',#888,.T.);
#192=FACE_BOUND('',#890,.T.);
#193=FACE_BOUND('',#891,.T.);
#194=FACE_BOUND('',#894,.T.);
#195=FACE_BOUND('',#895,.T.);
#196=FACE_BOUND('',#896,.T.);
#197=FACE_BOUND('',#897,.T.);
#198=FACE_BOUND('',#898,.T.);
#199=FACE_BOUND('',#899,.T.);
#200=FACE_BOUND('',#900,.T.);
#201=FACE_BOUND('',#901,.T.);
#202=FACE_BOUND('',#902,.T.);
#203=FACE_BOUND('',#903,.T.);
#204=FACE_BOUND('',#904,.T.);
#205=FACE_BOUND('',#905,.T.);
#206=FACE_BOUND('',#906,.T.);
#207=FACE_BOUND('',#907,.T.);
#208=FACE_BOUND('',#908,.T.);
#209=FACE_BOUND('',#909,.T.);
#210=FACE_BOUND('',#910,.T.);
#211=FACE_BOUND('',#911,.T.);
#212=FACE_BOUND('',#912,.T.);
#213=FACE_BOUND('',#913,.T.);
#214=FACE_BOUND('',#914,.T.);
#215=FACE_BOUND('',#915,.T.);
#216=FACE_BOUND('',#916,.T.);
#217=FACE_BOUND('',#917,.T.);
#218=FACE_BOUND('',#918,.T.);
#219=FACE_BOUND('',#919,.T.);
#220=FACE_BOUND('',#920,.T.);
#221=FACE_BOUND('',#921,.T.);
#222=FACE_BOUND('',#922,.T.);
#223=FACE_BOUND('',#923,.T.);
#224=FACE_BOUND('',#924,.T.);
#225=FACE_BOUND('',#925,.T.);
#226=FACE_BOUND('',#926,.T.);
#227=FACE_BOUND('',#927,.T.);
#228=FACE_BOUND('',#928,.T.);
#229=FACE_BOUND('',#929,.T.);
#230=FACE_BOUND('',#930,.T.);
#231=FACE_BOUND('',#931,.T.);
#232=FACE_BOUND('',#932,.T.);
#233=FACE_BOUND('',#933,.T.);
#234=FACE_BOUND('',#934,.T.);
#235=FACE_BOUND('',#935,.T.);
#236=FACE_BOUND('',#936,.T.);
#237=FACE_BOUND('',#937,.T.);
#238=FACE_BOUND('',#938,.T.);
#239=FACE_BOUND('',#939,.T.);
#240=FACE_BOUND('',#940,.T.);
#241=FACE_BOUND('',#941,.T.);
#242=FACE_BOUND('',#942,.T.);
#243=FACE_BOUND('',#943,.T.);
#244=FACE_BOUND('',#944,.T.);
#245=FACE_BOUND('',#945,.T.);
#246=FACE_BOUND('',#946,.T.);
#247=FACE_BOUND('',#947,.T.);
#248=FACE_BOUND('',#948,.T.);
#249=FACE_BOUND('',#949,.T.);
#250=FACE_BOUND('',#950,.T.);
#251=FACE_BOUND('',#951,.T.);
#252=FACE_BOUND('',#952,.T.);
#253=FACE_BOUND('',#953,.T.);
#254=FACE_BOUND('',#954,.T.);
#255=FACE_BOUND('',#955,.T.);
#256=FACE_BOUND('',#956,.T.);
#257=FACE_BOUND('',#957,.T.);
#258=FACE_BOUND('',#958,.T.);
#259=FACE_BOUND('',#959,.T.);
#260=FACE_BOUND('',#960,.T.);
#261=FACE_BOUND('',#961,.T.);
#262=FACE_BOUND('',#962,.T.);
#263=FACE_BOUND('',#963,.T.);
#264=FACE_BOUND('',#964,.T.);
#265=FACE_BOUND('',#965,.T.);
#266=FACE_BOUND('',#966,.T.);
#267=FACE_BOUND('',#967,.T.);
#268=FACE_BOUND('',#968,.T.);
#269=FACE_BOUND('',#969,.T.);
#270=FACE_BOUND('',#970,.T.);
#271=FACE_BOUND('',#971,.T.);
#272=FACE_BOUND('',#972,.T.);
#273=FACE_BOUND('',#973,.T.);
#274=FACE_BOUND('',#974,.T.);
#275=FACE_BOUND('',#975,.T.);
#276=FACE_BOUND('',#976,.T.);
#277=FACE_BOUND('',#977,.T.);
#278=FACE_BOUND('',#978,.T.);
#279=FACE_BOUND('',#979,.T.);
#280=FACE_BOUND('',#980,.T.);
#281=FACE_BOUND('',#981,.T.);
#282=FACE_BOUND('',#982,.T.);
#283=FACE_BOUND('',#983,.T.);
#284=FACE_BOUND('',#984,.T.);
#285=FACE_BOUND('',#985,.T.);
#286=FACE_BOUND('',#986,.T.);
#287=FACE_BOUND('',#987,.T.);
#288=FACE_BOUND('',#988,.T.);
#289=FACE_BOUND('',#989,.T.);
#290=FACE_BOUND('',#990,.T.);
#291=FACE_BOUND('',#991,.T.);
#292=FACE_BOUND('',#992,.T.);
#293=FACE_BOUND('',#993,.T.);
#294=FACE_BOUND('',#994,.T.);
#295=FACE_BOUND('',#995,.T.);
#296=FACE_BOUND('',#996,.T.);
#297=FACE_BOUND('',#997,.T.);
#298=FACE_BOUND('',#998,.T.);
#299=FACE_BOUND('',#999,.T.);
#300=FACE_BOUND('',#1000,.T.);
#301=FACE_BOUND('',#1001,.T.);
#302=FACE_BOUND('',#1002,.T.);
#303=FACE_BOUND('',#1003,.T.);
#304=FACE_BOUND('',#1004,.T.);
#305=FACE_BOUND('',#1005,.T.);
#306=FACE_BOUND('',#1006,.T.);
#307=FACE_BOUND('',#1007,.T.);
#308=FACE_BOUND('',#1008,.T.);
#309=FACE_BOUND('',#1009,.T.);
#310=FACE_BOUND('',#1010,.T.);
#311=FACE_BOUND('',#1011,.T.);
#312=FACE_BOUND('',#1012,.T.);
#313=FACE_BOUND('',#1013,.T.);
#314=FACE_BOUND('',#1014,.T.);
#315=FACE_BOUND('',#1015,.T.);
#316=FACE_BOUND('',#1016,.T.);
#317=FACE_BOUND('',#1017,.T.);
#318=FACE_BOUND('',#1018,.T.);
#319=FACE_BOUND('',#1019,.T.);
#320=FACE_BOUND('',#1020,.T.);
#321=FACE_BOUND('',#1021,.T.);
#322=FACE_BOUND('',#1022,.T.);
#323=FACE_BOUND('',#1023,.T.);
#324=FACE_BOUND('',#1024,.T.);
#325=FACE_BOUND('',#1025,.T.);
#326=FACE_BOUND('',#1026,.T.);
#327=FACE_BOUND('',#1027,.T.);
#328=FACE_BOUND('',#1028,.T.);
#329=FACE_BOUND('',#1029,.T.);
#330=FACE_BOUND('',#1030,.T.);
#331=FACE_BOUND('',#1031,.T.);
#332=FACE_BOUND('',#1032,.T.);
#333=FACE_BOUND('',#1033,.T.);
#334=FACE_BOUND('',#1034,.T.);
#335=FACE_BOUND('',#1035,.T.);
#336=FACE_BOUND('',#1036,.T.);
#337=FACE_BOUND('',#1037,.T.);
#338=FACE_BOUND('',#1038,.T.);
#339=FACE_BOUND('',#1039,.T.);
#340=FACE_BOUND('',#1040,.T.);
#341=FACE_BOUND('',#1041,.T.);
#342=FACE_BOUND('',#1042,.T.);
#343=FACE_BOUND('',#1043,.T.);
#344=FACE_BOUND('',#1044,.T.);
#345=FACE_BOUND('',#1045,.T.);
#346=FACE_BOUND('',#1046,.T.);
#347=FACE_BOUND('',#1047,.T.);
#348=FACE_BOUND('',#1048,.T.);
#349=FACE_BOUND('',#1049,.T.);
#350=FACE_BOUND('',#1050,.T.);
#351=FACE_BOUND('',#1051,.T.);
#352=FACE_BOUND('',#1052,.T.);
#353=FACE_BOUND('',#1053,.T.);
#354=FACE_BOUND('',#1054,.T.);
#355=FACE_BOUND('',#1055,.T.);
#356=FACE_BOUND('',#1056,.T.);
#357=FACE_BOUND('',#1057,.T.);
#358=FACE_BOUND('',#1058,.T.);
#359=FACE_BOUND('',#1059,.T.);
#360=FACE_BOUND('',#1060,.T.);
#361=FACE_BOUND('',#1061,.T.);
#362=FACE_BOUND('',#1062,.T.);
#363=FACE_BOUND('',#1064,.T.);
#364=FACE_BOUND('',#1065,.T.);
#365=FACE_BOUND('',#1069,.T.);
#366=PLANE('',#4570);
#367=PLANE('',#4578);
#368=PLANE('',#4583);
#369=TOROIDAL_SURFACE('',#4565,25.75,1.);
#370=TOROIDAL_SURFACE('',#4573,24.95,0.5);
#371=FACE_OUTER_BOUND('',#549,.T.);
#372=FACE_OUTER_BOUND('',#550,.T.);
#373=FACE_OUTER_BOUND('',#551,.T.);
#374=FACE_OUTER_BOUND('',#552,.T.);
#375=FACE_OUTER_BOUND('',#553,.T.);
#376=FACE_OUTER_BOUND('',#554,.T.);
#377=FACE_OUTER_BOUND('',#555,.T.);
#378=FACE_OUTER_BOUND('',#556,.T.);
#379=FACE_OUTER_BOUND('',#557,.T.);
#380=FACE_OUTER_BOUND('',#558,.T.);
#381=FACE_OUTER_BOUND('',#559,.T.);
#382=FACE_OUTER_BOUND('',#560,.T.);
#383=FACE_OUTER_BOUND('',#561,.T.);
#384=FACE_OUTER_BOUND('',#562,.T.);
#385=FACE_OUTER_BOUND('',#563,.T.);
#386=FACE_OUTER_BOUND('',#564,.T.);
#387=FACE_OUTER_BOUND('',#565,.T.);
#388=FACE_OUTER_BOUND('',#566,.T.);
#389=FACE_OUTER_BOUND('',#567,.T.);
#390=FACE_OUTER_BOUND('',#568,.T.);
#391=FACE_OUTER_BOUND('',#569,.T.);
#392=FACE_OUTER_BOUND('',#570,.T.);
#393=FACE_OUTER_BOUND('',#571,.T.);
#394=FACE_OUTER_BOUND('',#572,.T.);
#395=FACE_OUTER_BOUND('',#573,.T.);
#396=FACE_OUTER_BOUND('',#574,.T.);
#397=FACE_OUTER_BOUND('',#575,.T.);
#398=FACE_OUTER_BOUND('',#576,.T.);
#399=FACE_OUTER_BOUND('',#577,.T.);
#400=FACE_OUTER_BOUND('',#578,.T.);
#401=FACE_OUTER_BOUND('',#579,.T.);
#402=FACE_OUTER_BOUND('',#580,.T.);
#403=FACE_OUTER_BOUND('',#581,.T.);
#404=FACE_OUTER_BOUND('',#582,.T.);
#405=FACE_OUTER_BOUND('',#583,.T.);
#406=FACE_OUTER_BOUND('',#584,.T.);
#407=FACE_OUTER_BOUND('',#585,.T.);
#408=FACE_OUTER_BOUND('',#586,.T.);
#409=FACE_OUTER_BOUND('',#587,.T.);
#410=FACE_OUTER_BOUND('',#588,.T.);
#411=FACE_OUTER_BOUND('',#589,.T.);
#412=FACE_OUTER_BOUND('',#590,.T.);
#413=FACE_OUTER_BOUND('',#591,.T.);
#414=FACE_OUTER_BOUND('',#592,.T.);
#415=FACE_OUTER_BOUND('',#593,.T.);
#416=FACE_OUTER_BOUND('',#594,.T.);
#417=FACE_OUTER_BOUND('',#595,.T.);
#418=FACE_OUTER_BOUND('',#596,.T.);
#419=FACE_OUTER_BOUND('',#597,.T.);
#420=FACE_OUTER_BOUND('',#598,.T.);
#421=FACE_OUTER_BOUND('',#599,.T.);
#422=FACE_OUTER_BOUND('',#600,.T.);
#423=FACE_OUTER_BOUND('',#601,.T.);
#424=FACE_OUTER_BOUND('',#602,.T.);
#425=FACE_OUTER_BOUND('',#603,.T.);
#426=FACE_OUTER_BOUND('',#604,.T.);
#427=FACE_OUTER_BOUND('',#605,.T.);
#428=FACE_OUTER_BOUND('',#606,.T.);
#429=FACE_OUTER_BOUND('',#607,.T.);
#430=FACE_OUTER_BOUND('',#608,.T.);
#431=FACE_OUTER_BOUND('',#609,.T.);
#432=FACE_OUTER_BOUND('',#610,.T.);
#433=FACE_OUTER_BOUND('',#611,.T.);
#434=FACE_OUTER_BOUND('',#612,.T.);
#435=FACE_OUTER_BOUND('',#613,.T.);
#436=FACE_OUTER_BOUND('',#614,.T.);
#437=FACE_OUTER_BOUND('',#615,.T.);
#438=FACE_OUTER_BOUND('',#616,.T.);
#439=FACE_OUTER_BOUND('',#617,.T.);
#440=FACE_OUTER_BOUND('',#618,.T.);
#441=FACE_OUTER_BOUND('',#619,.T.);
#442=FACE_OUTER_BOUND('',#620,.T.);
#443=FACE_OUTER_BOUND('',#621,.T.);
#444=FACE_OUTER_BOUND('',#622,.T.);
#445=FACE_OUTER_BOUND('',#623,.T.);
#446=FACE_OUTER_BOUND('',#624,.T.);
#447=FACE_OUTER_BOUND('',#625,.T.);
#448=FACE_OUTER_BOUND('',#626,.T.);
#449=FACE_OUTER_BOUND('',#627,.T.);
#450=FACE_OUTER_BOUND('',#628,.T.);
#451=FACE_OUTER_BOUND('',#629,.T.);
#452=FACE_OUTER_BOUND('',#630,.T.);
#453=FACE_OUTER_BOUND('',#631,.T.);
#454=FACE_OUTER_BOUND('',#632,.T.);
#455=FACE_OUTER_BOUND('',#633,.T.);
#456=FACE_OUTER_BOUND('',#634,.T.);
#457=FACE_OUTER_BOUND('',#635,.T.);
#458=FACE_OUTER_BOUND('',#636,.T.);
#459=FACE_OUTER_BOUND('',#637,.T.);
#460=FACE_OUTER_BOUND('',#638,.T.);
#461=FACE_OUTER_BOUND('',#639,.T.);
#462=FACE_OUTER_BOUND('',#640,.T.);
#463=FACE_OUTER_BOUND('',#641,.T.);
#464=FACE_OUTER_BOUND('',#642,.T.);
#465=FACE_OUTER_BOUND('',#643,.T.);
#466=FACE_OUTER_BOUND('',#644,.T.);
#467=FACE_OUTER_BOUND('',#645,.T.);
#468=FACE_OUTER_BOUND('',#646,.T.);
#469=FACE_OUTER_BOUND('',#647,.T.);
#470=FACE_OUTER_BOUND('',#648,.T.);
#471=FACE_OUTER_BOUND('',#649,.T.);
#472=FACE_OUTER_BOUND('',#650,.T.);
#473=FACE_OUTER_BOUND('',#651,.T.);
#474=FACE_OUTER_BOUND('',#652,.T.);
#475=FACE_OUTER_BOUND('',#653,.T.);
#476=FACE_OUTER_BOUND('',#654,.T.);
#477=FACE_OUTER_BOUND('',#655,.T.);
#478=FACE_OUTER_BOUND('',#656,.T.);
#479=FACE_OUTER_BOUND('',#657,.T.);
#480=FACE_OUTER_BOUND('',#658,.T.);
#481=FACE_OUTER_BOUND('',#659,.T.);
#482=FACE_OUTER_BOUND('',#660,.T.);
#483=FACE_OUTER_BOUND('',#661,.T.);
#484=FACE_OUTER_BOUND('',#662,.T.);
#485=FACE_OUTER_BOUND('',#663,.T.);
#486=FACE_OUTER_BOUND('',#664,.T.);
#487=FACE_OUTER_BOUND('',#665,.T.);
#488=FACE_OUTER_BOUND('',#666,.T.);
#489=FACE_OUTER_BOUND('',#667,.T.);
#490=FACE_OUTER_BOUND('',#668,.T.);
#491=FACE_OUTER_BOUND('',#669,.T.);
#492=FACE_OUTER_BOUND('',#670,.T.);
#493=FACE_OUTER_BOUND('',#671,.T.);
#494=FACE_OUTER_BOUND('',#672,.T.);
#495=FACE_OUTER_BOUND('',#673,.T.);
#496=FACE_OUTER_BOUND('',#674,.T.);
#497=FACE_OUTER_BOUND('',#675,.T.);
#498=FACE_OUTER_BOUND('',#676,.T.);
#499=FACE_OUTER_BOUND('',#677,.T.);
#500=FACE_OUTER_BOUND('',#678,.T.);
#501=FACE_OUTER_BOUND('',#679,.T.);
#502=FACE_OUTER_BOUND('',#680,.T.);
#503=FACE_OUTER_BOUND('',#681,.T.);
#504=FACE_OUTER_BOUND('',#682,.T.);
#505=FACE_OUTER_BOUND('',#683,.T.);
#506=FACE_OUTER_BOUND('',#684,.T.);
#507=FACE_OUTER_BOUND('',#685,.T.);
#508=FACE_OUTER_BOUND('',#686,.T.);
#509=FACE_OUTER_BOUND('',#687,.T.);
#510=FACE_OUTER_BOUND('',#688,.T.);
#511=FACE_OUTER_BOUND('',#689,.T.);
#512=FACE_OUTER_BOUND('',#690,.T.);
#513=FACE_OUTER_BOUND('',#691,.T.);
#514=FACE_OUTER_BOUND('',#692,.T.);
#515=FACE_OUTER_BOUND('',#693,.T.);
#516=FACE_OUTER_BOUND('',#694,.T.);
#517=FACE_OUTER_BOUND('',#695,.T.);
#518=FACE_OUTER_BOUND('',#696,.T.);
#519=FACE_OUTER_BOUND('',#697,.T.);
#520=FACE_OUTER_BOUND('',#698,.T.);
#521=FACE_OUTER_BOUND('',#699,.T.);
#522=FACE_OUTER_BOUND('',#700,.T.);
#523=FACE_OUTER_BOUND('',#701,.T.);
#524=FACE_OUTER_BOUND('',#702,.T.);
#525=FACE_OUTER_BOUND('',#703,.T.);
#526=FACE_OUTER_BOUND('',#704,.T.);
#527=FACE_OUTER_BOUND('',#705,.T.);
#528=FACE_OUTER_BOUND('',#706,.T.);
#529=FACE_OUTER_BOUND('',#707,.T.);
#530=FACE_OUTER_BOUND('',#708,.T.);
#531=FACE_OUTER_BOUND('',#709,.T.);
#532=FACE_OUTER_BOUND('',#710,.T.);
#533=FACE_OUTER_BOUND('',#711,.T.);
#534=FACE_OUTER_BOUND('',#712,.T.);
#535=FACE_OUTER_BOUND('',#713,.T.);
#536=FACE_OUTER_BOUND('',#714,.T.);
#537=FACE_OUTER_BOUND('',#715,.T.);
#538=FACE_OUTER_BOUND('',#716,.T.);
#539=FACE_OUTER_BOUND('',#717,.T.);
#540=FACE_OUTER_BOUND('',#718,.T.);
#541=FACE_OUTER_BOUND('',#719,.T.);
#542=FACE_OUTER_BOUND('',#889,.T.);
#543=FACE_OUTER_BOUND('',#892,.T.);
#544=FACE_OUTER_BOUND('',#893,.T.);
#545=FACE_OUTER_BOUND('',#1063,.T.);
#546=FACE_OUTER_BOUND('',#1066,.T.);
#547=FACE_OUTER_BOUND('',#1067,.T.);
#548=FACE_OUTER_BOUND('',#1068,.T.);
#549=EDGE_LOOP('',(#2647,#2648,#2649,#2650));
#550=EDGE_LOOP('',(#2651,#2652,#2653,#2654));
#551=EDGE_LOOP('',(#2655,#2656,#2657,#2658));
#552=EDGE_LOOP('',(#2659,#2660,#2661,#2662));
#553=EDGE_LOOP('',(#2663,#2664,#2665,#2666));
#554=EDGE_LOOP('',(#2667,#2668,#2669,#2670));
#555=EDGE_LOOP('',(#2671,#2672,#2673,#2674));
#556=EDGE_LOOP('',(#2675,#2676,#2677,#2678));
#557=EDGE_LOOP('',(#2679,#2680,#2681,#2682));
#558=EDGE_LOOP('',(#2683,#2684,#2685,#2686));
#559=EDGE_LOOP('',(#2687,#2688,#2689,#2690));
#560=EDGE_LOOP('',(#2691,#2692,#2693,#2694));
#561=EDGE_LOOP('',(#2695,#2696,#2697,#2698));
#562=EDGE_LOOP('',(#2699,#2700,#2701,#2702));
#563=EDGE_LOOP('',(#2703,#2704,#2705,#2706));
#564=EDGE_LOOP('',(#2707,#2708,#2709,#2710));
#565=EDGE_LOOP('',(#2711,#2712,#2713,#2714));
#566=EDGE_LOOP('',(#2715,#2716,#2717,#2718));
#567=EDGE_LOOP('',(#2719,#2720,#2721,#2722));
#568=EDGE_LOOP('',(#2723,#2724,#2725,#2726));
#569=EDGE_LOOP('',(#2727,#2728,#2729,#2730));
#570=EDGE_LOOP('',(#2731,#2732,#2733,#2734));
#571=EDGE_LOOP('',(#2735,#2736,#2737,#2738));
#572=EDGE_LOOP('',(#2739,#2740,#2741,#2742));
#573=EDGE_LOOP('',(#2743,#2744,#2745,#2746));
#574=EDGE_LOOP('',(#2747,#2748,#2749,#2750));
#575=EDGE_LOOP('',(#2751,#2752,#2753,#2754));
#576=EDGE_LOOP('',(#2755,#2756,#2757,#2758));
#577=EDGE_LOOP('',(#2759,#2760,#2761,#2762));
#578=EDGE_LOOP('',(#2763,#2764,#2765,#2766));
#579=EDGE_LOOP('',(#2767,#2768,#2769,#2770));
#580=EDGE_LOOP('',(#2771,#2772,#2773,#2774));
#581=EDGE_LOOP('',(#2775,#2776,#2777,#2778));
#582=EDGE_LOOP('',(#2779,#2780,#2781,#2782));
#583=EDGE_LOOP('',(#2783,#2784,#2785,#2786));
#584=EDGE_LOOP('',(#2787,#2788,#2789,#2790));
#585=EDGE_LOOP('',(#2791,#2792,#2793,#2794));
#586=EDGE_LOOP('',(#2795,#2796,#2797,#2798));
#587=EDGE_LOOP('',(#2799,#2800,#2801,#2802));
#588=EDGE_LOOP('',(#2803,#2804,#2805,#2806));
#589=EDGE_LOOP('',(#2807,#2808,#2809,#2810));
#590=EDGE_LOOP('',(#2811,#2812,#2813,#2814));
#591=EDGE_LOOP('',(#2815,#2816,#2817,#2818));
#592=EDGE_LOOP('',(#2819,#2820,#2821,#2822));
#593=EDGE_LOOP('',(#2823,#2824,#2825,#2826));
#594=EDGE_LOOP('',(#2827,#2828,#2829,#2830));
#595=EDGE_LOOP('',(#2831,#2832,#2833,#2834));
#596=EDGE_LOOP('',(#2835,#2836,#2837,#2838));
#597=EDGE_LOOP('',(#2839,#2840,#2841,#2842));
#598=EDGE_LOOP('',(#2843,#2844,#2845,#2846));
#599=EDGE_LOOP('',(#2847,#2848,#2849,#2850));
#600=EDGE_LOOP('',(#2851,#2852,#2853,#2854));
#601=EDGE_LOOP('',(#2855,#2856,#2857,#2858));
#602=EDGE_LOOP('',(#2859,#2860,#2861,#2862));
#603=EDGE_LOOP('',(#2863,#2864,#2865,#2866));
#604=EDGE_LOOP('',(#2867,#2868,#2869,#2870));
#605=EDGE_LOOP('',(#2871,#2872,#2873,#2874));
#606=EDGE_LOOP('',(#2875,#2876,#2877,#2878));
#607=EDGE_LOOP('',(#2879,#2880,#2881,#2882));
#608=EDGE_LOOP('',(#2883,#2884,#2885,#2886));
#609=EDGE_LOOP('',(#2887,#2888,#2889,#2890));
#610=EDGE_LOOP('',(#2891,#2892,#2893,#2894));
#611=EDGE_LOOP('',(#2895,#2896,#2897,#2898));
#612=EDGE_LOOP('',(#2899,#2900,#2901,#2902));
#613=EDGE_LOOP('',(#2903,#2904,#2905,#2906));
#614=EDGE_LOOP('',(#2907,#2908,#2909,#2910));
#615=EDGE_LOOP('',(#2911,#2912,#2913,#2914));
#616=EDGE_LOOP('',(#2915,#2916,#2917,#2918));
#617=EDGE_LOOP('',(#2919,#2920,#2921,#2922));
#618=EDGE_LOOP('',(#2923,#2924,#2925,#2926));
#619=EDGE_LOOP('',(#2927,#2928,#2929,#2930));
#620=EDGE_LOOP('',(#2931,#2932,#2933,#2934));
#621=EDGE_LOOP('',(#2935,#2936,#2937,#2938));
#622=EDGE_LOOP('',(#2939,#2940,#2941,#2942));
#623=EDGE_LOOP('',(#2943,#2944,#2945,#2946));
#624=EDGE_LOOP('',(#2947,#2948,#2949,#2950));
#625=EDGE_LOOP('',(#2951,#2952,#2953,#2954));
#626=EDGE_LOOP('',(#2955,#2956,#2957,#2958));
#627=EDGE_LOOP('',(#2959,#2960,#2961,#2962));
#628=EDGE_LOOP('',(#2963,#2964,#2965,#2966));
#629=EDGE_LOOP('',(#2967,#2968,#2969,#2970));
#630=EDGE_LOOP('',(#2971,#2972,#2973,#2974));
#631=EDGE_LOOP('',(#2975,#2976,#2977,#2978));
#632=EDGE_LOOP('',(#2979,#2980,#2981,#2982));
#633=EDGE_LOOP('',(#2983,#2984,#2985,#2986));
#634=EDGE_LOOP('',(#2987,#2988,#2989,#2990));
#635=EDGE_LOOP('',(#2991,#2992,#2993,#2994));
#636=EDGE_LOOP('',(#2995,#2996,#2997,#2998));
#637=EDGE_LOOP('',(#2999,#3000,#3001,#3002));
#638=EDGE_LOOP('',(#3003,#3004,#3005,#3006));
#639=EDGE_LOOP('',(#3007,#3008,#3009,#3010));
#640=EDGE_LOOP('',(#3011,#3012,#3013,#3014));
#641=EDGE_LOOP('',(#3015,#3016,#3017,#3018));
#642=EDGE_LOOP('',(#3019,#3020,#3021,#3022));
#643=EDGE_LOOP('',(#3023,#3024,#3025,#3026));
#644=EDGE_LOOP('',(#3027,#3028,#3029,#3030));
#645=EDGE_LOOP('',(#3031,#3032,#3033,#3034));
#646=EDGE_LOOP('',(#3035,#3036,#3037,#3038));
#647=EDGE_LOOP('',(#3039,#3040,#3041,#3042));
#648=EDGE_LOOP('',(#3043,#3044,#3045,#3046));
#649=EDGE_LOOP('',(#3047,#3048,#3049,#3050));
#650=EDGE_LOOP('',(#3051,#3052,#3053,#3054));
#651=EDGE_LOOP('',(#3055,#3056,#3057,#3058));
#652=EDGE_LOOP('',(#3059,#3060,#3061,#3062));
#653=EDGE_LOOP('',(#3063,#3064,#3065,#3066));
#654=EDGE_LOOP('',(#3067,#3068,#3069,#3070));
#655=EDGE_LOOP('',(#3071,#3072,#3073,#3074));
#656=EDGE_LOOP('',(#3075,#3076,#3077,#3078));
#657=EDGE_LOOP('',(#3079,#3080,#3081,#3082));
#658=EDGE_LOOP('',(#3083,#3084,#3085,#3086));
#659=EDGE_LOOP('',(#3087,#3088,#3089,#3090));
#660=EDGE_LOOP('',(#3091,#3092,#3093,#3094));
#661=EDGE_LOOP('',(#3095,#3096,#3097,#3098));
#662=EDGE_LOOP('',(#3099,#3100,#3101,#3102));
#663=EDGE_LOOP('',(#3103,#3104,#3105,#3106));
#664=EDGE_LOOP('',(#3107,#3108,#3109,#3110));
#665=EDGE_LOOP('',(#3111,#3112,#3113,#3114));
#666=EDGE_LOOP('',(#3115,#3116,#3117,#3118));
#667=EDGE_LOOP('',(#3119,#3120,#3121,#3122));
#668=EDGE_LOOP('',(#3123,#3124,#3125,#3126));
#669=EDGE_LOOP('',(#3127,#3128,#3129,#3130));
#670=EDGE_LOOP('',(#3131,#3132,#3133,#3134));
#671=EDGE_LOOP('',(#3135,#3136,#3137,#3138));
#672=EDGE_LOOP('',(#3139,#3140,#3141,#3142));
#673=EDGE_LOOP('',(#3143,#3144,#3145,#3146));
#674=EDGE_LOOP('',(#3147,#3148,#3149,#3150));
#675=EDGE_LOOP('',(#3151,#3152,#3153,#3154));
#676=EDGE_LOOP('',(#3155,#3156,#3157,#3158));
#677=EDGE_LOOP('',(#3159,#3160,#3161,#3162));
#678=EDGE_LOOP('',(#3163,#3164,#3165,#3166));
#679=EDGE_LOOP('',(#3167,#3168,#3169,#3170));
#680=EDGE_LOOP('',(#3171,#3172,#3173,#3174));
#681=EDGE_LOOP('',(#3175,#3176,#3177,#3178));
#682=EDGE_LOOP('',(#3179,#3180,#3181,#3182));
#683=EDGE_LOOP('',(#3183,#3184,#3185,#3186));
#684=EDGE_LOOP('',(#3187,#3188,#3189,#3190));
#685=EDGE_LOOP('',(#3191,#3192,#3193,#3194));
#686=EDGE_LOOP('',(#3195,#3196,#3197,#3198));
#687=EDGE_LOOP('',(#3199,#3200,#3201,#3202));
#688=EDGE_LOOP('',(#3203,#3204,#3205,#3206));
#689=EDGE_LOOP('',(#3207,#3208,#3209,#3210));
#690=EDGE_LOOP('',(#3211,#3212,#3213,#3214));
#691=EDGE_LOOP('',(#3215,#3216,#3217,#3218));
#692=EDGE_LOOP('',(#3219,#3220,#3221,#3222));
#693=EDGE_LOOP('',(#3223,#3224,#3225,#3226));
#694=EDGE_LOOP('',(#3227,#3228,#3229,#3230));
#695=EDGE_LOOP('',(#3231,#3232,#3233,#3234));
#696=EDGE_LOOP('',(#3235,#3236,#3237,#3238));
#697=EDGE_LOOP('',(#3239,#3240,#3241,#3242));
#698=EDGE_LOOP('',(#3243,#3244,#3245,#3246));
#699=EDGE_LOOP('',(#3247,#3248,#3249,#3250));
#700=EDGE_LOOP('',(#3251,#3252,#3253,#3254));
#701=EDGE_LOOP('',(#3255,#3256,#3257,#3258));
#702=EDGE_LOOP('',(#3259,#3260,#3261,#3262));
#703=EDGE_LOOP('',(#3263,#3264,#3265,#3266));
#704=EDGE_LOOP('',(#3267,#3268,#3269,#3270));
#705=EDGE_LOOP('',(#3271,#3272,#3273,#3274));
#706=EDGE_LOOP('',(#3275,#3276,#3277,#3278));
#707=EDGE_LOOP('',(#3279,#3280,#3281,#3282));
#708=EDGE_LOOP('',(#3283,#3284,#3285,#3286));
#709=EDGE_LOOP('',(#3287,#3288,#3289,#3290));
#710=EDGE_LOOP('',(#3291,#3292,#3293,#3294));
#711=EDGE_LOOP('',(#3295,#3296,#3297,#3298));
#712=EDGE_LOOP('',(#3299,#3300,#3301,#3302));
#713=EDGE_LOOP('',(#3303,#3304,#3305,#3306));
#714=EDGE_LOOP('',(#3307,#3308,#3309,#3310));
#715=EDGE_LOOP('',(#3311,#3312,#3313,#3314));
#716=EDGE_LOOP('',(#3315,#3316,#3317,#3318));
#717=EDGE_LOOP('',(#3319,#3320,#3321,#3322));
#718=EDGE_LOOP('',(#3323,#3324,#3325,#3326,#3327));
#719=EDGE_LOOP('',(#3328));
#720=EDGE_LOOP('',(#3329));
#721=EDGE_LOOP('',(#3330));
#722=EDGE_LOOP('',(#3331));
#723=EDGE_LOOP('',(#3332));
#724=EDGE_LOOP('',(#3333));
#725=EDGE_LOOP('',(#3334));
#726=EDGE_LOOP('',(#3335));
#727=EDGE_LOOP('',(#3336));
#728=EDGE_LOOP('',(#3337));
#729=EDGE_LOOP('',(#3338));
#730=EDGE_LOOP('',(#3339));
#731=EDGE_LOOP('',(#3340));
#732=EDGE_LOOP('',(#3341));
#733=EDGE_LOOP('',(#3342));
#734=EDGE_LOOP('',(#3343));
#735=EDGE_LOOP('',(#3344));
#736=EDGE_LOOP('',(#3345));
#737=EDGE_LOOP('',(#3346));
#738=EDGE_LOOP('',(#3347));
#739=EDGE_LOOP('',(#3348));
#740=EDGE_LOOP('',(#3349));
#741=EDGE_LOOP('',(#3350));
#742=EDGE_LOOP('',(#3351));
#743=EDGE_LOOP('',(#3352));
#744=EDGE_LOOP('',(#3353));
#745=EDGE_LOOP('',(#3354));
#746=EDGE_LOOP('',(#3355));
#747=EDGE_LOOP('',(#3356));
#748=EDGE_LOOP('',(#3357));
#749=EDGE_LOOP('',(#3358));
#750=EDGE_LOOP('',(#3359));
#751=EDGE_LOOP('',(#3360));
#752=EDGE_LOOP('',(#3361));
#753=EDGE_LOOP('',(#3362));
#754=EDGE_LOOP('',(#3363));
#755=EDGE_LOOP('',(#3364));
#756=EDGE_LOOP('',(#3365));
#757=EDGE_LOOP('',(#3366));
#758=EDGE_LOOP('',(#3367));
#759=EDGE_LOOP('',(#3368));
#760=EDGE_LOOP('',(#3369));
#761=EDGE_LOOP('',(#3370));
#762=EDGE_LOOP('',(#3371));
#763=EDGE_LOOP('',(#3372));
#764=EDGE_LOOP('',(#3373));
#765=EDGE_LOOP('',(#3374));
#766=EDGE_LOOP('',(#3375));
#767=EDGE_LOOP('',(#3376));
#768=EDGE_LOOP('',(#3377));
#769=EDGE_LOOP('',(#3378));
#770=EDGE_LOOP('',(#3379));
#771=EDGE_LOOP('',(#3380));
#772=EDGE_LOOP('',(#3381));
#773=EDGE_LOOP('',(#3382));
#774=EDGE_LOOP('',(#3383));
#775=EDGE_LOOP('',(#3384));
#776=EDGE_LOOP('',(#3385));
#777=EDGE_LOOP('',(#3386));
#778=EDGE_LOOP('',(#3387));
#779=EDGE_LOOP('',(#3388));
#780=EDGE_LOOP('',(#3389));
#781=EDGE_LOOP('',(#3390));
#782=EDGE_LOOP('',(#3391));
#783=EDGE_LOOP('',(#3392));
#784=EDGE_LOOP('',(#3393));
#785=EDGE_LOOP('',(#3394));
#786=EDGE_LOOP('',(#3395));
#787=EDGE_LOOP('',(#3396));
#788=EDGE_LOOP('',(#3397));
#789=EDGE_LOOP('',(#3398));
#790=EDGE_LOOP('',(#3399));
#791=EDGE_LOOP('',(#3400));
#792=EDGE_LOOP('',(#3401));
#793=EDGE_LOOP('',(#3402));
#794=EDGE_LOOP('',(#3403));
#795=EDGE_LOOP('',(#3404));
#796=EDGE_LOOP('',(#3405));
#797=EDGE_LOOP('',(#3406));
#798=EDGE_LOOP('',(#3407));
#799=EDGE_LOOP('',(#3408));
#800=EDGE_LOOP('',(#3409));
#801=EDGE_LOOP('',(#3410));
#802=EDGE_LOOP('',(#3411));
#803=EDGE_LOOP('',(#3412));
#804=EDGE_LOOP('',(#3413));
#805=EDGE_LOOP('',(#3414));
#806=EDGE_LOOP('',(#3415));
#807=EDGE_LOOP('',(#3416));
#808=EDGE_LOOP('',(#3417));
#809=EDGE_LOOP('',(#3418));
#810=EDGE_LOOP('',(#3419));
#811=EDGE_LOOP('',(#3420));
#812=EDGE_LOOP('',(#3421));
#813=EDGE_LOOP('',(#3422));
#814=EDGE_LOOP('',(#3423));
#815=EDGE_LOOP('',(#3424));
#816=EDGE_LOOP('',(#3425));
#817=EDGE_LOOP('',(#3426));
#818=EDGE_LOOP('',(#3427));
#819=EDGE_LOOP('',(#3428));
#820=EDGE_LOOP('',(#3429));
#821=EDGE_LOOP('',(#3430));
#822=EDGE_LOOP('',(#3431));
#823=EDGE_LOOP('',(#3432));
#824=EDGE_LOOP('',(#3433));
#825=EDGE_LOOP('',(#3434));
#826=EDGE_LOOP('',(#3435));
#827=EDGE_LOOP('',(#3436));
#828=EDGE_LOOP('',(#3437));
#829=EDGE_LOOP('',(#3438));
#830=EDGE_LOOP('',(#3439));
#831=EDGE_LOOP('',(#3440));
#832=EDGE_LOOP('',(#3441));
#833=EDGE_LOOP('',(#3442));
#834=EDGE_LOOP('',(#3443));
#835=EDGE_LOOP('',(#3444));
#836=EDGE_LOOP('',(#3445));
#837=EDGE_LOOP('',(#3446));
#838=EDGE_LOOP('',(#3447));
#839=EDGE_LOOP('',(#3448));
#840=EDGE_LOOP('',(#3449));
#841=EDGE_LOOP('',(#3450));
#842=EDGE_LOOP('',(#3451));
#843=EDGE_LOOP('',(#3452));
#844=EDGE_LOOP('',(#3453));
#845=EDGE_LOOP('',(#3454));
#846=EDGE_LOOP('',(#3455));
#847=EDGE_LOOP('',(#3456));
#848=EDGE_LOOP('',(#3457));
#849=EDGE_LOOP('',(#3458));
#850=EDGE_LOOP('',(#3459));
#851=EDGE_LOOP('',(#3460));
#852=EDGE_LOOP('',(#3461));
#853=EDGE_LOOP('',(#3462));
#854=EDGE_LOOP('',(#3463));
#855=EDGE_LOOP('',(#3464));
#856=EDGE_LOOP('',(#3465));
#857=EDGE_LOOP('',(#3466));
#858=EDGE_LOOP('',(#3467));
#859=EDGE_LOOP('',(#3468));
#860=EDGE_LOOP('',(#3469));
#861=EDGE_LOOP('',(#3470));
#862=EDGE_LOOP('',(#3471));
#863=EDGE_LOOP('',(#3472));
#864=EDGE_LOOP('',(#3473));
#865=EDGE_LOOP('',(#3474));
#866=EDGE_LOOP('',(#3475));
#867=EDGE_LOOP('',(#3476));
#868=EDGE_LOOP('',(#3477));
#869=EDGE_LOOP('',(#3478));
#870=EDGE_LOOP('',(#3479));
#871=EDGE_LOOP('',(#3480));
#872=EDGE_LOOP('',(#3481));
#873=EDGE_LOOP('',(#3482));
#874=EDGE_LOOP('',(#3483));
#875=EDGE_LOOP('',(#3484));
#876=EDGE_LOOP('',(#3485));
#877=EDGE_LOOP('',(#3486));
#878=EDGE_LOOP('',(#3487));
#879=EDGE_LOOP('',(#3488));
#880=EDGE_LOOP('',(#3489));
#881=EDGE_LOOP('',(#3490));
#882=EDGE_LOOP('',(#3491));
#883=EDGE_LOOP('',(#3492));
#884=EDGE_LOOP('',(#3493));
#885=EDGE_LOOP('',(#3494));
#886=EDGE_LOOP('',(#3495));
#887=EDGE_LOOP('',(#3496));
#888=EDGE_LOOP('',(#3497));
#889=EDGE_LOOP('',(#3498,#3499,#3500,#3501,#3502));
#890=EDGE_LOOP('',(#3503,#3504));
#891=EDGE_LOOP('',(#3505,#3506));
#892=EDGE_LOOP('',(#3507,#3508,#3509,#3510,#3511));
#893=EDGE_LOOP('',(#3512));
#894=EDGE_LOOP('',(#3513));
#895=EDGE_LOOP('',(#3514));
#896=EDGE_LOOP('',(#3515));
#897=EDGE_LOOP('',(#3516));
#898=EDGE_LOOP('',(#3517));
#899=EDGE_LOOP('',(#3518));
#900=EDGE_LOOP('',(#3519));
#901=EDGE_LOOP('',(#3520));
#902=EDGE_LOOP('',(#3521));
#903=EDGE_LOOP('',(#3522));
#904=EDGE_LOOP('',(#3523));
#905=EDGE_LOOP('',(#3524));
#906=EDGE_LOOP('',(#3525));
#907=EDGE_LOOP('',(#3526));
#908=EDGE_LOOP('',(#3527));
#909=EDGE_LOOP('',(#3528));
#910=EDGE_LOOP('',(#3529));
#911=EDGE_LOOP('',(#3530));
#912=EDGE_LOOP('',(#3531));
#913=EDGE_LOOP('',(#3532));
#914=EDGE_LOOP('',(#3533));
#915=EDGE_LOOP('',(#3534));
#916=EDGE_LOOP('',(#3535));
#917=EDGE_LOOP('',(#3536));
#918=EDGE_LOOP('',(#3537));
#919=EDGE_LOOP('',(#3538));
#920=EDGE_LOOP('',(#3539));
#921=EDGE_LOOP('',(#3540));
#922=EDGE_LOOP('',(#3541));
#923=EDGE_LOOP('',(#3542));
#924=EDGE_LOOP('',(#3543));
#925=EDGE_LOOP('',(#3544));
#926=EDGE_LOOP('',(#3545));
#927=EDGE_LOOP('',(#3546));
#928=EDGE_LOOP('',(#3547));
#929=EDGE_LOOP('',(#3548));
#930=EDGE_LOOP('',(#3549));
#931=EDGE_LOOP('',(#3550));
#932=EDGE_LOOP('',(#3551));
#933=EDGE_LOOP('',(#3552));
#934=EDGE_LOOP('',(#3553));
#935=EDGE_LOOP('',(#3554));
#936=EDGE_LOOP('',(#3555));
#937=EDGE_LOOP('',(#3556));
#938=EDGE_LOOP('',(#3557));
#939=EDGE_LOOP('',(#3558));
#940=EDGE_LOOP('',(#3559));
#941=EDGE_LOOP('',(#3560));
#942=EDGE_LOOP('',(#3561));
#943=EDGE_LOOP('',(#3562));
#944=EDGE_LOOP('',(#3563));
#945=EDGE_LOOP('',(#3564));
#946=EDGE_LOOP('',(#3565));
#947=EDGE_LOOP('',(#3566));
#948=EDGE_LOOP('',(#3567));
#949=EDGE_LOOP('',(#3568));
#950=EDGE_LOOP('',(#3569));
#951=EDGE_LOOP('',(#3570));
#952=EDGE_LOOP('',(#3571));
#953=EDGE_LOOP('',(#3572));
#954=EDGE_LOOP('',(#3573));
#955=EDGE_LOOP('',(#3574));
#956=EDGE_LOOP('',(#3575));
#957=EDGE_LOOP('',(#3576));
#958=EDGE_LOOP('',(#3577));
#959=EDGE_LOOP('',(#3578));
#960=EDGE_LOOP('',(#3579));
#961=EDGE_LOOP('',(#3580));
#962=EDGE_LOOP('',(#3581));
#963=EDGE_LOOP('',(#3582));
#964=EDGE_LOOP('',(#3583));
#965=EDGE_LOOP('',(#3584));
#966=EDGE_LOOP('',(#3585));
#967=EDGE_LOOP('',(#3586));
#968=EDGE_LOOP('',(#3587));
#969=EDGE_LOOP('',(#3588));
#970=EDGE_LOOP('',(#3589));
#971=EDGE_LOOP('',(#3590));
#972=EDGE_LOOP('',(#3591));
#973=EDGE_LOOP('',(#3592));
#974=EDGE_LOOP('',(#3593));
#975=EDGE_LOOP('',(#3594));
#976=EDGE_LOOP('',(#3595));
#977=EDGE_LOOP('',(#3596));
#978=EDGE_LOOP('',(#3597));
#979=EDGE_LOOP('',(#3598));
#980=EDGE_LOOP('',(#3599));
#981=EDGE_LOOP('',(#3600));
#982=EDGE_LOOP('',(#3601));
#983=EDGE_LOOP('',(#3602));
#984=EDGE_LOOP('',(#3603));
#985=EDGE_LOOP('',(#3604));
#986=EDGE_LOOP('',(#3605));
#987=EDGE_LOOP('',(#3606));
#988=EDGE_LOOP('',(#3607));
#989=EDGE_LOOP('',(#3608));
#990=EDGE_LOOP('',(#3609));
#991=EDGE_LOOP('',(#3610));
#992=EDGE_LOOP('',(#3611));
#993=EDGE_LOOP('',(#3612));
#994=EDGE_LOOP('',(#3613));
#995=EDGE_LOOP('',(#3614));
#996=EDGE_LOOP('',(#3615));
#997=EDGE_LOOP('',(#3616));
#998=EDGE_LOOP('',(#3617));
#999=EDGE_LOOP('',(#3618));
#1000=EDGE_LOOP('',(#3619));
#1001=EDGE_LOOP('',(#3620));
#1002=EDGE_LOOP('',(#3621));
#1003=EDGE_LOOP('',(#3622));
#1004=EDGE_LOOP('',(#3623));
#1005=EDGE_LOOP('',(#3624));
#1006=EDGE_LOOP('',(#3625));
#1007=EDGE_LOOP('',(#3626));
#1008=EDGE_LOOP('',(#3627));
#1009=EDGE_LOOP('',(#3628));
#1010=EDGE_LOOP('',(#3629));
#1011=EDGE_LOOP('',(#3630));
#1012=EDGE_LOOP('',(#3631));
#1013=EDGE_LOOP('',(#3632));
#1014=EDGE_LOOP('',(#3633));
#1015=EDGE_LOOP('',(#3634));
#1016=EDGE_LOOP('',(#3635));
#1017=EDGE_LOOP('',(#3636));
#1018=EDGE_LOOP('',(#3637));
#1019=EDGE_LOOP('',(#3638));
#1020=EDGE_LOOP('',(#3639));
#1021=EDGE_LOOP('',(#3640));
#1022=EDGE_LOOP('',(#3641));
#1023=EDGE_LOOP('',(#3642));
#1024=EDGE_LOOP('',(#3643));
#1025=EDGE_LOOP('',(#3644));
#1026=EDGE_LOOP('',(#3645));
#1027=EDGE_LOOP('',(#3646));
#1028=EDGE_LOOP('',(#3647));
#1029=EDGE_LOOP('',(#3648));
#1030=EDGE_LOOP('',(#3649));
#1031=EDGE_LOOP('',(#3650));
#1032=EDGE_LOOP('',(#3651));
#1033=EDGE_LOOP('',(#3652));
#1034=EDGE_LOOP('',(#3653));
#1035=EDGE_LOOP('',(#3654));
#1036=EDGE_LOOP('',(#3655));
#1037=EDGE_LOOP('',(#3656));
#1038=EDGE_LOOP('',(#3657));
#1039=EDGE_LOOP('',(#3658));
#1040=EDGE_LOOP('',(#3659));
#1041=EDGE_LOOP('',(#3660));
#1042=EDGE_LOOP('',(#3661));
#1043=EDGE_LOOP('',(#3662));
#1044=EDGE_LOOP('',(#3663));
#1045=EDGE_LOOP('',(#3664));
#1046=EDGE_LOOP('',(#3665));
#1047=EDGE_LOOP('',(#3666));
#1048=EDGE_LOOP('',(#3667));
#1049=EDGE_LOOP('',(#3668));
#1050=EDGE_LOOP('',(#3669));
#1051=EDGE_LOOP('',(#3670));
#1052=EDGE_LOOP('',(#3671));
#1053=EDGE_LOOP('',(#3672));
#1054=EDGE_LOOP('',(#3673));
#1055=EDGE_LOOP('',(#3674));
#1056=EDGE_LOOP('',(#3675));
#1057=EDGE_LOOP('',(#3676));
#1058=EDGE_LOOP('',(#3677));
#1059=EDGE_LOOP('',(#3678));
#1060=EDGE_LOOP('',(#3679));
#1061=EDGE_LOOP('',(#3680));
#1062=EDGE_LOOP('',(#3681));
#1063=EDGE_LOOP('',(#3682,#3683,#3684,#3685,#3686));
#1064=EDGE_LOOP('',(#3687,#3688));
#1065=EDGE_LOOP('',(#3689,#3690));
#1066=EDGE_LOOP('',(#3691,#3692,#3693,#3694,#3695,#3696));
#1067=EDGE_LOOP('',(#3697,#3698,#3699,#3700,#3701,#3702));
#1068=EDGE_LOOP('',(#3703));
#1069=EDGE_LOOP('',(#3704));
#1070=LINE('',#5816,#1243);
#1071=LINE('',#5822,#1244);
#1072=LINE('',#5828,#1245);
#1073=LINE('',#5834,#1246);
#1074=LINE('',#5840,#1247);
#1075=LINE('',#5846,#1248);
#1076=LINE('',#5852,#1249);
#1077=LINE('',#5858,#1250);
#1078=LINE('',#5864,#1251);
#1079=LINE('',#5870,#1252);
#1080=LINE('',#5876,#1253);
#1081=LINE('',#5882,#1254);
#1082=LINE('',#5888,#1255);
#1083=LINE('',#5894,#1256);
#1084=LINE('',#5900,#1257);
#1085=LINE('',#5906,#1258);
#1086=LINE('',#5912,#1259);
#1087=LINE('',#5918,#1260);
#1088=LINE('',#5924,#1261);
#1089=LINE('',#5930,#1262);
#1090=LINE('',#5936,#1263);
#1091=LINE('',#5942,#1264);
#1092=LINE('',#5948,#1265);
#1093=LINE('',#5954,#1266);
#1094=LINE('',#5960,#1267);
#1095=LINE('',#5966,#1268);
#1096=LINE('',#5972,#1269);
#1097=LINE('',#5978,#1270);
#1098=LINE('',#5984,#1271);
#1099=LINE('',#5990,#1272);
#1100=LINE('',#5996,#1273);
#1101=LINE('',#6002,#1274);
#1102=LINE('',#6008,#1275);
#1103=LINE('',#6014,#1276);
#1104=LINE('',#6020,#1277);
#1105=LINE('',#6026,#1278);
#1106=LINE('',#6032,#1279);
#1107=LINE('',#6038,#1280);
#1108=LINE('',#6044,#1281);
#1109=LINE('',#6050,#1282);
#1110=LINE('',#6056,#1283);
#1111=LINE('',#6062,#1284);
#1112=LINE('',#6068,#1285);
#1113=LINE('',#6074,#1286);
#1114=LINE('',#6080,#1287);
#1115=LINE('',#6086,#1288);
#1116=LINE('',#6092,#1289);
#1117=LINE('',#6098,#1290);
#1118=LINE('',#6104,#1291);
#1119=LINE('',#6110,#1292);
#1120=LINE('',#6116,#1293);
#1121=LINE('',#6122,#1294);
#1122=LINE('',#6128,#1295);
#1123=LINE('',#6134,#1296);
#1124=LINE('',#6140,#1297);
#1125=LINE('',#6146,#1298);
#1126=LINE('',#6152,#1299);
#1127=LINE('',#6158,#1300);
#1128=LINE('',#6164,#1301);
#1129=LINE('',#6170,#1302);
#1130=LINE('',#6176,#1303);
#1131=LINE('',#6182,#1304);
#1132=LINE('',#6188,#1305);
#1133=LINE('',#6194,#1306);
#1134=LINE('',#6200,#1307);
#1135=LINE('',#6206,#1308);
#1136=LINE('',#6212,#1309);
#1137=LINE('',#6218,#1310);
#1138=LINE('',#6224,#1311);
#1139=LINE('',#6230,#1312);
#1140=LINE('',#6236,#1313);
#1141=LINE('',#6242,#1314);
#1142=LINE('',#6248,#1315);
#1143=LINE('',#6254,#1316);
#1144=LINE('',#6260,#1317);
#1145=LINE('',#6266,#1318);
#1146=LINE('',#6272,#1319);
#1147=LINE('',#6278,#1320);
#1148=LINE('',#6284,#1321);
#1149=LINE('',#6290,#1322);
#1150=LINE('',#6296,#1323);
#1151=LINE('',#6302,#1324);
#1152=LINE('',#6308,#1325);
#1153=LINE('',#6314,#1326);
#1154=LINE('',#6320,#1327);
#1155=LINE('',#6326,#1328);
#1156=LINE('',#6332,#1329);
#1157=LINE('',#6338,#1330);
#1158=LINE('',#6344,#1331);
#1159=LINE('',#6350,#1332);
#1160=LINE('',#6356,#1333);
#1161=LINE('',#6362,#1334);
#1162=LINE('',#6368,#1335);
#1163=LINE('',#6374,#1336);
#1164=LINE('',#6380,#1337);
#1165=LINE('',#6386,#1338);
#1166=LINE('',#6392,#1339);
#1167=LINE('',#6398,#1340);
#1168=LINE('',#6404,#1341);
#1169=LINE('',#6410,#1342);
#1170=LINE('',#6416,#1343);
#1171=LINE('',#6422,#1344);
#1172=LINE('',#6428,#1345);
#1173=LINE('',#6434,#1346);
#1174=LINE('',#6440,#1347);
#1175=LINE('',#6446,#1348);
#1176=LINE('',#6452,#1349);
#1177=LINE('',#6458,#1350);
#1178=LINE('',#6464,#1351);
#1179=LINE('',#6470,#1352);
#1180=LINE('',#6476,#1353);
#1181=LINE('',#6482,#1354);
#1182=LINE('',#6488,#1355);
#1183=LINE('',#6494,#1356);
#1184=LINE('',#6500,#1357);
#1185=LINE('',#6506,#1358);
#1186=LINE('',#6512,#1359);
#1187=LINE('',#6518,#1360);
#1188=LINE('',#6524,#1361);
#1189=LINE('',#6530,#1362);
#1190=LINE('',#6536,#1363);
#1191=LINE('',#6542,#1364);
#1192=LINE('',#6548,#1365);
#1193=LINE('',#6554,#1366);
#1194=LINE('',#6560,#1367);
#1195=LINE('',#6566,#1368);
#1196=LINE('',#6572,#1369);
#1197=LINE('',#6578,#1370);
#1198=LINE('',#6584,#1371);
#1199=LINE('',#6590,#1372);
#1200=LINE('',#6596,#1373);
#1201=LINE('',#6602,#1374);
#1202=LINE('',#6608,#1375);
#1203=LINE('',#6614,#1376);
#1204=LINE('',#6620,#1377);
#1205=LINE('',#6626,#1378);
#1206=LINE('',#6632,#1379);
#1207=LINE('',#6638,#1380);
#1208=LINE('',#6644,#1381);
#1209=LINE('',#6650,#1382);
#1210=LINE('',#6656,#1383);
#1211=LINE('',#6662,#1384);
#1212=LINE('',#6668,#1385);
#1213=LINE('',#6674,#1386);
#1214=LINE('',#6680,#1387);
#1215=LINE('',#6686,#1388);
#1216=LINE('',#6692,#1389);
#1217=LINE('',#6698,#1390);
#1218=LINE('',#6704,#1391);
#1219=LINE('',#6710,#1392);
#1220=LINE('',#6716,#1393);
#1221=LINE('',#6722,#1394);
#1222=LINE('',#6728,#1395);
#1223=LINE('',#6734,#1396);
#1224=LINE('',#6740,#1397);
#1225=LINE('',#6746,#1398);
#1226=LINE('',#6752,#1399);
#1227=LINE('',#6758,#1400);
#1228=LINE('',#6764,#1401);
#1229=LINE('',#6770,#1402);
#1230=LINE('',#6776,#1403);
#1231=LINE('',#6782,#1404);
#1232=LINE('',#6788,#1405);
#1233=LINE('',#6794,#1406);
#1234=LINE('',#6800,#1407);
#1235=LINE('',#6806,#1408);
#1236=LINE('',#6812,#1409);
#1237=LINE('',#6818,#1410);
#1238=LINE('',#6824,#1411);
#1239=LINE('',#6837,#1412);
#1240=LINE('',#6926,#1413);
#1241=LINE('',#7005,#1414);
#1242=LINE('',#7007,#1415);
#1243=VECTOR('',#4590,0.75);
#1244=VECTOR('',#4597,0.750000000000002);
#1245=VECTOR('',#4604,0.75);
#1246=VECTOR('',#4611,0.75);
#1247=VECTOR('',#4618,0.75);
#1248=VECTOR('',#4625,0.75);
#1249=VECTOR('',#4632,0.75);
#1250=VECTOR('',#4639,0.75);
#1251=VECTOR('',#4646,0.75);
#1252=VECTOR('',#4653,0.75);
#1253=VECTOR('',#4660,0.75);
#1254=VECTOR('',#4667,0.75);
#1255=VECTOR('',#4674,0.75);
#1256=VECTOR('',#4681,0.75);
#1257=VECTOR('',#4688,0.75);
#1258=VECTOR('',#4695,0.75);
#1259=VECTOR('',#4702,0.75);
#1260=VECTOR('',#4709,0.75);
#1261=VECTOR('',#4716,0.75);
#1262=VECTOR('',#4723,0.75);
#1263=VECTOR('',#4730,0.75);
#1264=VECTOR('',#4737,0.75);
#1265=VECTOR('',#4744,0.75);
#1266=VECTOR('',#4751,0.75);
#1267=VECTOR('',#4758,0.75);
#1268=VECTOR('',#4765,0.75);
#1269=VECTOR('',#4772,0.75);
#1270=VECTOR('',#4779,0.75);
#1271=VECTOR('',#4786,0.75);
#1272=VECTOR('',#4793,0.75);
#1273=VECTOR('',#4800,0.75);
#1274=VECTOR('',#4807,0.75);
#1275=VECTOR('',#4814,0.75);
#1276=VECTOR('',#4821,0.75);
#1277=VECTOR('',#4828,0.75);
#1278=VECTOR('',#4835,0.75);
#1279=VECTOR('',#4842,0.75);
#1280=VECTOR('',#4849,0.75);
#1281=VECTOR('',#4856,0.75);
#1282=VECTOR('',#4863,0.750000000000002);
#1283=VECTOR('',#4870,0.75);
#1284=VECTOR('',#4877,0.75);
#1285=VECTOR('',#4884,0.75);
#1286=VECTOR('',#4891,0.750000000000002);
#1287=VECTOR('',#4898,0.75);
#1288=VECTOR('',#4905,0.75);
#1289=VECTOR('',#4912,0.75);
#1290=VECTOR('',#4919,0.75);
#1291=VECTOR('',#4926,0.75);
#1292=VECTOR('',#4933,0.75);
#1293=VECTOR('',#4940,0.75);
#1294=VECTOR('',#4947,0.75);
#1295=VECTOR('',#4954,0.75);
#1296=VECTOR('',#4961,0.75);
#1297=VECTOR('',#4968,0.75);
#1298=VECTOR('',#4975,0.75);
#1299=VECTOR('',#4982,0.75);
#1300=VECTOR('',#4989,0.75);
#1301=VECTOR('',#4996,0.75);
#1302=VECTOR('',#5003,0.75);
#1303=VECTOR('',#5010,0.75);
#1304=VECTOR('',#5017,0.75);
#1305=VECTOR('',#5024,0.75);
#1306=VECTOR('',#5031,0.75);
#1307=VECTOR('',#5038,0.75);
#1308=VECTOR('',#5045,0.75);
#1309=VECTOR('',#5052,0.75);
#1310=VECTOR('',#5059,0.75);
#1311=VECTOR('',#5066,0.75);
#1312=VECTOR('',#5073,0.75);
#1313=VECTOR('',#5080,0.75);
#1314=VECTOR('',#5087,0.75);
#1315=VECTOR('',#5094,0.75);
#1316=VECTOR('',#5101,0.75);
#1317=VECTOR('',#5108,0.75);
#1318=VECTOR('',#5115,0.75);
#1319=VECTOR('',#5122,0.75);
#1320=VECTOR('',#5129,0.75);
#1321=VECTOR('',#5136,0.75);
#1322=VECTOR('',#5143,0.75);
#1323=VECTOR('',#5150,0.75);
#1324=VECTOR('',#5157,0.75);
#1325=VECTOR('',#5164,0.750000000000002);
#1326=VECTOR('',#5171,0.75);
#1327=VECTOR('',#5178,0.75);
#1328=VECTOR('',#5185,0.750000000000002);
#1329=VECTOR('',#5192,0.75);
#1330=VECTOR('',#5199,0.75);
#1331=VECTOR('',#5206,0.75);
#1332=VECTOR('',#5213,0.75);
#1333=VECTOR('',#5220,0.75);
#1334=VECTOR('',#5227,0.75);
#1335=VECTOR('',#5234,0.75);
#1336=VECTOR('',#5241,0.75);
#1337=VECTOR('',#5248,0.75);
#1338=VECTOR('',#5255,0.75);
#1339=VECTOR('',#5262,0.75);
#1340=VECTOR('',#5269,0.75);
#1341=VECTOR('',#5276,0.75);
#1342=VECTOR('',#5283,0.75);
#1343=VECTOR('',#5290,0.75);
#1344=VECTOR('',#5297,0.75);
#1345=VECTOR('',#5304,0.75);
#1346=VECTOR('',#5311,0.75);
#1347=VECTOR('',#5318,0.75);
#1348=VECTOR('',#5325,0.75);
#1349=VECTOR('',#5332,0.75);
#1350=VECTOR('',#5339,0.75);
#1351=VECTOR('',#5346,0.75);
#1352=VECTOR('',#5353,0.75);
#1353=VECTOR('',#5360,0.75);
#1354=VECTOR('',#5367,0.75);
#1355=VECTOR('',#5374,0.75);
#1356=VECTOR('',#5381,0.75);
#1357=VECTOR('',#5388,0.75);
#1358=VECTOR('',#5395,0.75);
#1359=VECTOR('',#5402,0.75);
#1360=VECTOR('',#5409,0.75);
#1361=VECTOR('',#5416,0.75);
#1362=VECTOR('',#5423,0.75);
#1363=VECTOR('',#5430,0.75);
#1364=VECTOR('',#5437,0.75);
#1365=VECTOR('',#5444,0.75);
#1366=VECTOR('',#5451,0.75);
#1367=VECTOR('',#5458,0.75);
#1368=VECTOR('',#5465,0.75);
#1369=VECTOR('',#5472,0.75);
#1370=VECTOR('',#5479,0.75);
#1371=VECTOR('',#5486,0.75);
#1372=VECTOR('',#5493,0.75);
#1373=VECTOR('',#5500,0.75);
#1374=VECTOR('',#5507,0.75);
#1375=VECTOR('',#5514,0.75);
#1376=VECTOR('',#5521,0.75);
#1377=VECTOR('',#5528,0.75);
#1378=VECTOR('',#5535,0.75);
#1379=VECTOR('',#5542,0.75);
#1380=VECTOR('',#5549,0.75);
#1381=VECTOR('',#5556,0.75);
#1382=VECTOR('',#5563,0.75);
#1383=VECTOR('',#5570,0.75);
#1384=VECTOR('',#5577,0.75);
#1385=VECTOR('',#5584,0.75);
#1386=VECTOR('',#5591,0.75);
#1387=VECTOR('',#5598,0.75);
#1388=VECTOR('',#5605,0.75);
#1389=VECTOR('',#5612,0.75);
#1390=VECTOR('',#5619,0.75);
#1391=VECTOR('',#5626,0.75);
#1392=VECTOR('',#5633,0.75);
#1393=VECTOR('',#5640,0.75);
#1394=VECTOR('',#5647,0.75);
#1395=VECTOR('',#5654,0.75);
#1396=VECTOR('',#5661,0.75);
#1397=VECTOR('',#5668,0.75);
#1398=VECTOR('',#5675,0.75);
#1399=VECTOR('',#5682,0.75);
#1400=VECTOR('',#5689,0.75);
#1401=VECTOR('',#5696,0.75);
#1402=VECTOR('',#5703,0.75);
#1403=VECTOR('',#5710,0.75);
#1404=VECTOR('',#5717,0.75);
#1405=VECTOR('',#5724,0.75);
#1406=VECTOR('',#5731,0.75);
#1407=VECTOR('',#5738,0.75);
#1408=VECTOR('',#5745,0.75);
#1409=VECTOR('',#5752,0.75);
#1410=VECTOR('',#5759,0.750000000000002);
#1411=VECTOR('',#5766,0.75);
#1412=VECTOR('',#5783,26.75);
#1413=VECTOR('',#5800,25.45);
#1414=VECTOR('',#5805,1.4);
#1415=VECTOR('',#5808,1.4);
#1416=CIRCLE('',#4059,0.75);
#1417=CIRCLE('',#4060,0.75);
#1418=CIRCLE('',#4062,0.750000000000002);
#1419=CIRCLE('',#4063,0.750000000000002);
#1420=CIRCLE('',#4065,0.75);
#1421=CIRCLE('',#4066,0.75);
#1422=CIRCLE('',#4068,0.75);
#1423=CIRCLE('',#4069,0.75);
#1424=CIRCLE('',#4071,0.75);
#1425=CIRCLE('',#4072,0.75);
#1426=CIRCLE('',#4074,0.75);
#1427=CIRCLE('',#4075,0.75);
#1428=CIRCLE('',#4077,0.75);
#1429=CIRCLE('',#4078,0.75);
#1430=CIRCLE('',#4080,0.75);
#1431=CIRCLE('',#4081,0.75);
#1432=CIRCLE('',#4083,0.75);
#1433=CIRCLE('',#4084,0.75);
#1434=CIRCLE('',#4086,0.75);
#1435=CIRCLE('',#4087,0.75);
#1436=CIRCLE('',#4089,0.75);
#1437=CIRCLE('',#4090,0.75);
#1438=CIRCLE('',#4092,0.75);
#1439=CIRCLE('',#4093,0.75);
#1440=CIRCLE('',#4095,0.75);
#1441=CIRCLE('',#4096,0.75);
#1442=CIRCLE('',#4098,0.75);
#1443=CIRCLE('',#4099,0.75);
#1444=CIRCLE('',#4101,0.75);
#1445=CIRCLE('',#4102,0.75);
#1446=CIRCLE('',#4104,0.75);
#1447=CIRCLE('',#4105,0.75);
#1448=CIRCLE('',#4107,0.75);
#1449=CIRCLE('',#4108,0.75);
#1450=CIRCLE('',#4110,0.75);
#1451=CIRCLE('',#4111,0.75);
#1452=CIRCLE('',#4113,0.75);
#1453=CIRCLE('',#4114,0.75);
#1454=CIRCLE('',#4116,0.75);
#1455=CIRCLE('',#4117,0.75);
#1456=CIRCLE('',#4119,0.75);
#1457=CIRCLE('',#4120,0.75);
#1458=CIRCLE('',#4122,0.75);
#1459=CIRCLE('',#4123,0.75);
#1460=CIRCLE('',#4125,0.75);
#1461=CIRCLE('',#4126,0.75);
#1462=CIRCLE('',#4128,0.75);
#1463=CIRCLE('',#4129,0.75);
#1464=CIRCLE('',#4131,0.75);
#1465=CIRCLE('',#4132,0.75);
#1466=CIRCLE('',#4134,0.75);
#1467=CIRCLE('',#4135,0.75);
#1468=CIRCLE('',#4137,0.75);
#1469=CIRCLE('',#4138,0.75);
#1470=CIRCLE('',#4140,0.75);
#1471=CIRCLE('',#4141,0.75);
#1472=CIRCLE('',#4143,0.75);
#1473=CIRCLE('',#4144,0.75);
#1474=CIRCLE('',#4146,0.75);
#1475=CIRCLE('',#4147,0.75);
#1476=CIRCLE('',#4149,0.75);
#1477=CIRCLE('',#4150,0.75);
#1478=CIRCLE('',#4152,0.75);
#1479=CIRCLE('',#4153,0.75);
#1480=CIRCLE('',#4155,0.75);
#1481=CIRCLE('',#4156,0.75);
#1482=CIRCLE('',#4158,0.75);
#1483=CIRCLE('',#4159,0.75);
#1484=CIRCLE('',#4161,0.75);
#1485=CIRCLE('',#4162,0.75);
#1486=CIRCLE('',#4164,0.75);
#1487=CIRCLE('',#4165,0.75);
#1488=CIRCLE('',#4167,0.75);
#1489=CIRCLE('',#4168,0.75);
#1490=CIRCLE('',#4170,0.75);
#1491=CIRCLE('',#4171,0.75);
#1492=CIRCLE('',#4173,0.75);
#1493=CIRCLE('',#4174,0.75);
#1494=CIRCLE('',#4176,0.750000000000002);
#1495=CIRCLE('',#4177,0.750000000000002);
#1496=CIRCLE('',#4179,0.75);
#1497=CIRCLE('',#4180,0.75);
#1498=CIRCLE('',#4182,0.75);
#1499=CIRCLE('',#4183,0.75);
#1500=CIRCLE('',#4185,0.75);
#1501=CIRCLE('',#4186,0.75);
#1502=CIRCLE('',#4188,0.750000000000002);
#1503=CIRCLE('',#4189,0.750000000000002);
#1504=CIRCLE('',#4191,0.75);
#1505=CIRCLE('',#4192,0.75);
#1506=CIRCLE('',#4194,0.75);
#1507=CIRCLE('',#4195,0.75);
#1508=CIRCLE('',#4197,0.75);
#1509=CIRCLE('',#4198,0.75);
#1510=CIRCLE('',#4200,0.75);
#1511=CIRCLE('',#4201,0.75);
#1512=CIRCLE('',#4203,0.75);
#1513=CIRCLE('',#4204,0.75);
#1514=CIRCLE('',#4206,0.75);
#1515=CIRCLE('',#4207,0.75);
#1516=CIRCLE('',#4209,0.75);
#1517=CIRCLE('',#4210,0.75);
#1518=CIRCLE('',#4212,0.75);
#1519=CIRCLE('',#4213,0.75);
#1520=CIRCLE('',#4215,0.75);
#1521=CIRCLE('',#4216,0.75);
#1522=CIRCLE('',#4218,0.75);
#1523=CIRCLE('',#4219,0.75);
#1524=CIRCLE('',#4221,0.75);
#1525=CIRCLE('',#4222,0.75);
#1526=CIRCLE('',#4224,0.75);
#1527=CIRCLE('',#4225,0.75);
#1528=CIRCLE('',#4227,0.75);
#1529=CIRCLE('',#4228,0.75);
#1530=CIRCLE('',#4230,0.75);
#1531=CIRCLE('',#4231,0.75);
#1532=CIRCLE('',#4233,0.75);
#1533=CIRCLE('',#4234,0.75);
#1534=CIRCLE('',#4236,0.75);
#1535=CIRCLE('',#4237,0.75);
#1536=CIRCLE('',#4239,0.75);
#1537=CIRCLE('',#4240,0.75);
#1538=CIRCLE('',#4242,0.75);
#1539=CIRCLE('',#4243,0.75);
#1540=CIRCLE('',#4245,0.75);
#1541=CIRCLE('',#4246,0.75);
#1542=CIRCLE('',#4248,0.75);
#1543=CIRCLE('',#4249,0.75);
#1544=CIRCLE('',#4251,0.75);
#1545=CIRCLE('',#4252,0.75);
#1546=CIRCLE('',#4254,0.75);
#1547=CIRCLE('',#4255,0.75);
#1548=CIRCLE('',#4257,0.75);
#1549=CIRCLE('',#4258,0.75);
#1550=CIRCLE('',#4260,0.75);
#1551=CIRCLE('',#4261,0.75);
#1552=CIRCLE('',#4263,0.75);
#1553=CIRCLE('',#4264,0.75);
#1554=CIRCLE('',#4266,0.75);
#1555=CIRCLE('',#4267,0.75);
#1556=CIRCLE('',#4269,0.75);
#1557=CIRCLE('',#4270,0.75);
#1558=CIRCLE('',#4272,0.75);
#1559=CIRCLE('',#4273,0.75);
#1560=CIRCLE('',#4275,0.75);
#1561=CIRCLE('',#4276,0.75);
#1562=CIRCLE('',#4278,0.75);
#1563=CIRCLE('',#4279,0.75);
#1564=CIRCLE('',#4281,0.75);
#1565=CIRCLE('',#4282,0.75);
#1566=CIRCLE('',#4284,0.75);
#1567=CIRCLE('',#4285,0.75);
#1568=CIRCLE('',#4287,0.75);
#1569=CIRCLE('',#4288,0.75);
#1570=CIRCLE('',#4290,0.75);
#1571=CIRCLE('',#4291,0.75);
#1572=CIRCLE('',#4293,0.75);
#1573=CIRCLE('',#4294,0.75);
#1574=CIRCLE('',#4296,0.75);
#1575=CIRCLE('',#4297,0.75);
#1576=CIRCLE('',#4299,0.75);
#1577=CIRCLE('',#4300,0.75);
#1578=CIRCLE('',#4302,0.75);
#1579=CIRCLE('',#4303,0.75);
#1580=CIRCLE('',#4305,0.750000000000002);
#1581=CIRCLE('',#4306,0.750000000000002);
#1582=CIRCLE('',#4308,0.75);
#1583=CIRCLE('',#4309,0.75);
#1584=CIRCLE('',#4311,0.75);
#1585=CIRCLE('',#4312,0.75);
#1586=CIRCLE('',#4314,0.750000000000002);
#1587=CIRCLE('',#4315,0.750000000000002);
#1588=CIRCLE('',#4317,0.75);
#1589=CIRCLE('',#4318,0.75);
#1590=CIRCLE('',#4320,0.75);
#1591=CIRCLE('',#4321,0.75);
#1592=CIRCLE('',#4323,0.75);
#1593=CIRCLE('',#4324,0.75);
#1594=CIRCLE('',#4326,0.75);
#1595=CIRCLE('',#4327,0.75);
#1596=CIRCLE('',#4329,0.75);
#1597=CIRCLE('',#4330,0.75);
#1598=CIRCLE('',#4332,0.75);
#1599=CIRCLE('',#4333,0.75);
#1600=CIRCLE('',#4335,0.75);
#1601=CIRCLE('',#4336,0.75);
#1602=CIRCLE('',#4338,0.75);
#1603=CIRCLE('',#4339,0.75);
#1604=CIRCLE('',#4341,0.75);
#1605=CIRCLE('',#4342,0.75);
#1606=CIRCLE('',#4344,0.75);
#1607=CIRCLE('',#4345,0.75);
#1608=CIRCLE('',#4347,0.75);
#1609=CIRCLE('',#4348,0.75);
#1610=CIRCLE('',#4350,0.75);
#1611=CIRCLE('',#4351,0.75);
#1612=CIRCLE('',#4353,0.75);
#1613=CIRCLE('',#4354,0.75);
#1614=CIRCLE('',#4356,0.75);
#1615=CIRCLE('',#4357,0.75);
#1616=CIRCLE('',#4359,0.75);
#1617=CIRCLE('',#4360,0.75);
#1618=CIRCLE('',#4362,0.75);
#1619=CIRCLE('',#4363,0.75);
#1620=CIRCLE('',#4365,0.75);
#1621=CIRCLE('',#4366,0.75);
#1622=CIRCLE('',#4368,0.75);
#1623=CIRCLE('',#4369,0.75);
#1624=CIRCLE('',#4371,0.75);
#1625=CIRCLE('',#4372,0.75);
#1626=CIRCLE('',#4374,0.75);
#1627=CIRCLE('',#4375,0.75);
#1628=CIRCLE('',#4377,0.75);
#1629=CIRCLE('',#4378,0.75);
#1630=CIRCLE('',#4380,0.75);
#1631=CIRCLE('',#4381,0.75);
#1632=CIRCLE('',#4383,0.75);
#1633=CIRCLE('',#4384,0.75);
#1634=CIRCLE('',#4386,0.75);
#1635=CIRCLE('',#4387,0.75);
#1636=CIRCLE('',#4389,0.75);
#1637=CIRCLE('',#4390,0.75);
#1638=CIRCLE('',#4392,0.75);
#1639=CIRCLE('',#4393,0.75);
#1640=CIRCLE('',#4395,0.75);
#1641=CIRCLE('',#4396,0.75);
#1642=CIRCLE('',#4398,0.75);
#1643=CIRCLE('',#4399,0.75);
#1644=CIRCLE('',#4401,0.75);
#1645=CIRCLE('',#4402,0.75);
#1646=CIRCLE('',#4404,0.75);
#1647=CIRCLE('',#4405,0.75);
#1648=CIRCLE('',#4407,0.75);
#1649=CIRCLE('',#4408,0.75);
#1650=CIRCLE('',#4410,0.75);
#1651=CIRCLE('',#4411,0.75);
#1652=CIRCLE('',#4413,0.75);
#1653=CIRCLE('',#4414,0.75);
#1654=CIRCLE('',#4416,0.75);
#1655=CIRCLE('',#4417,0.75);
#1656=CIRCLE('',#4419,0.75);
#1657=CIRCLE('',#4420,0.75);
#1658=CIRCLE('',#4422,0.75);
#1659=CIRCLE('',#4423,0.75);
#1660=CIRCLE('',#4425,0.75);
#1661=CIRCLE('',#4426,0.75);
#1662=CIRCLE('',#4428,0.75);
#1663=CIRCLE('',#4429,0.75);
#1664=CIRCLE('',#4431,0.75);
#1665=CIRCLE('',#4432,0.75);
#1666=CIRCLE('',#4434,0.75);
#1667=CIRCLE('',#4435,0.75);
#1668=CIRCLE('',#4437,0.75);
#1669=CIRCLE('',#4438,0.75);
#1670=CIRCLE('',#4440,0.75);
#1671=CIRCLE('',#4441,0.75);
#1672=CIRCLE('',#4443,0.75);
#1673=CIRCLE('',#4444,0.75);
#1674=CIRCLE('',#4446,0.75);
#1675=CIRCLE('',#4447,0.75);
#1676=CIRCLE('',#4449,0.75);
#1677=CIRCLE('',#4450,0.75);
#1678=CIRCLE('',#4452,0.75);
#1679=CIRCLE('',#4453,0.75);
#1680=CIRCLE('',#4455,0.75);
#1681=CIRCLE('',#4456,0.75);
#1682=CIRCLE('',#4458,0.75);
#1683=CIRCLE('',#4459,0.75);
#1684=CIRCLE('',#4461,0.75);
#1685=CIRCLE('',#4462,0.75);
#1686=CIRCLE('',#4464,0.75);
#1687=CIRCLE('',#4465,0.75);
#1688=CIRCLE('',#4467,0.75);
#1689=CIRCLE('',#4468,0.75);
#1690=CIRCLE('',#4470,0.75);
#1691=CIRCLE('',#4471,0.75);
#1692=CIRCLE('',#4473,0.75);
#1693=CIRCLE('',#4474,0.75);
#1694=CIRCLE('',#4476,0.75);
#1695=CIRCLE('',#4477,0.75);
#1696=CIRCLE('',#4479,0.75);
#1697=CIRCLE('',#4480,0.75);
#1698=CIRCLE('',#4482,0.75);
#1699=CIRCLE('',#4483,0.75);
#1700=CIRCLE('',#4485,0.75);
#1701=CIRCLE('',#4486,0.75);
#1702=CIRCLE('',#4488,0.75);
#1703=CIRCLE('',#4489,0.75);
#1704=CIRCLE('',#4491,0.75);
#1705=CIRCLE('',#4492,0.75);
#1706=CIRCLE('',#4494,0.75);
#1707=CIRCLE('',#4495,0.75);
#1708=CIRCLE('',#4497,0.75);
#1709=CIRCLE('',#4498,0.75);
#1710=CIRCLE('',#4500,0.75);
#1711=CIRCLE('',#4501,0.75);
#1712=CIRCLE('',#4503,0.75);
#1713=CIRCLE('',#4504,0.75);
#1714=CIRCLE('',#4506,0.75);
#1715=CIRCLE('',#4507,0.75);
#1716=CIRCLE('',#4509,0.75);
#1717=CIRCLE('',#4510,0.75);
#1718=CIRCLE('',#4512,0.75);
#1719=CIRCLE('',#4513,0.75);
#1720=CIRCLE('',#4515,0.75);
#1721=CIRCLE('',#4516,0.75);
#1722=CIRCLE('',#4518,0.75);
#1723=CIRCLE('',#4519,0.75);
#1724=CIRCLE('',#4521,0.75);
#1725=CIRCLE('',#4522,0.75);
#1726=CIRCLE('',#4524,0.75);
#1727=CIRCLE('',#4525,0.75);
#1728=CIRCLE('',#4527,0.75);
#1729=CIRCLE('',#4528,0.75);
#1730=CIRCLE('',#4530,0.75);
#1731=CIRCLE('',#4531,0.75);
#1732=CIRCLE('',#4533,0.75);
#1733=CIRCLE('',#4534,0.75);
#1734=CIRCLE('',#4536,0.75);
#1735=CIRCLE('',#4537,0.75);
#1736=CIRCLE('',#4539,0.75);
#1737=CIRCLE('',#4540,0.75);
#1738=CIRCLE('',#4542,0.75);
#1739=CIRCLE('',#4543,0.75);
#1740=CIRCLE('',#4545,0.75);
#1741=CIRCLE('',#4546,0.75);
#1742=CIRCLE('',#4548,0.75);
#1743=CIRCLE('',#4549,0.75);
#1744=CIRCLE('',#4551,0.75);
#1745=CIRCLE('',#4552,0.75);
#1746=CIRCLE('',#4554,0.75);
#1747=CIRCLE('',#4555,0.75);
#1748=CIRCLE('',#4557,0.75);
#1749=CIRCLE('',#4558,0.75);
#1750=CIRCLE('',#4560,0.750000000000002);
#1751=CIRCLE('',#4561,0.750000000000002);
#1752=CIRCLE('',#4563,0.75);
#1753=CIRCLE('',#4564,0.75);
#1754=CIRCLE('',#4566,25.75);
#1755=CIRCLE('',#4567,1.);
#1756=CIRCLE('',#4568,26.75);
#1757=CIRCLE('',#4569,26.75);
#1758=CIRCLE('',#4572,26.75);
#1759=CIRCLE('',#4574,25.45);
#1760=CIRCLE('',#4575,0.5);
#1761=CIRCLE('',#4576,24.95);
#1762=CIRCLE('',#4577,25.45);
#1763=CIRCLE('',#4580,25.45);
#1764=VERTEX_POINT('',#5813);
#1765=VERTEX_POINT('',#5815);
#1766=VERTEX_POINT('',#5819);
#1767=VERTEX_POINT('',#5821);
#1768=VERTEX_POINT('',#5825);
#1769=VERTEX_POINT('',#5827);
#1770=VERTEX_POINT('',#5831);
#1771=VERTEX_POINT('',#5833);
#1772=VERTEX_POINT('',#5837);
#1773=VERTEX_POINT('',#5839);
#1774=VERTEX_POINT('',#5843);
#1775=VERTEX_POINT('',#5845);
#1776=VERTEX_POINT('',#5849);
#1777=VERTEX_POINT('',#5851);
#1778=VERTEX_POINT('',#5855);
#1779=VERTEX_POINT('',#5857);
#1780=VERTEX_POINT('',#5861);
#1781=VERTEX_POINT('',#5863);
#1782=VERTEX_POINT('',#5867);
#1783=VERTEX_POINT('',#5869);
#1784=VERTEX_POINT('',#5873);
#1785=VERTEX_POINT('',#5875);
#1786=VERTEX_POINT('',#5879);
#1787=VERTEX_POINT('',#5881);
#1788=VERTEX_POINT('',#5885);
#1789=VERTEX_POINT('',#5887);
#1790=VERTEX_POINT('',#5891);
#1791=VERTEX_POINT('',#5893);
#1792=VERTEX_POINT('',#5897);
#1793=VERTEX_POINT('',#5899);
#1794=VERTEX_POINT('',#5903);
#1795=VERTEX_POINT('',#5905);
#1796=VERTEX_POINT('',#5909);
#1797=VERTEX_POINT('',#5911);
#1798=VERTEX_POINT('',#5915);
#1799=VERTEX_POINT('',#5917);
#1800=VERTEX_POINT('',#5921);
#1801=VERTEX_POINT('',#5923);
#1802=VERTEX_POINT('',#5927);
#1803=VERTEX_POINT('',#5929);
#1804=VERTEX_POINT('',#5933);
#1805=VERTEX_POINT('',#5935);
#1806=VERTEX_POINT('',#5939);
#1807=VERTEX_POINT('',#5941);
#1808=VERTEX_POINT('',#5945);
#1809=VERTEX_POINT('',#5947);
#1810=VERTEX_POINT('',#5951);
#1811=VERTEX_POINT('',#5953);
#1812=VERTEX_POINT('',#5957);
#1813=VERTEX_POINT('',#5959);
#1814=VERTEX_POINT('',#5963);
#1815=VERTEX_POINT('',#5965);
#1816=VERTEX_POINT('',#5969);
#1817=VERTEX_POINT('',#5971);
#1818=VERTEX_POINT('',#5975);
#1819=VERTEX_POINT('',#5977);
#1820=VERTEX_POINT('',#5981);
#1821=VERTEX_POINT('',#5983);
#1822=VERTEX_POINT('',#5987);
#1823=VERTEX_POINT('',#5989);
#1824=VERTEX_POINT('',#5993);
#1825=VERTEX_POINT('',#5995);
#1826=VERTEX_POINT('',#5999);
#1827=VERTEX_POINT('',#6001);
#1828=VERTEX_POINT('',#6005);
#1829=VERTEX_POINT('',#6007);
#1830=VERTEX_POINT('',#6011);
#1831=VERTEX_POINT('',#6013);
#1832=VERTEX_POINT('',#6017);
#1833=VERTEX_POINT('',#6019);
#1834=VERTEX_POINT('',#6023);
#1835=VERTEX_POINT('',#6025);
#1836=VERTEX_POINT('',#6029);
#1837=VERTEX_POINT('',#6031);
#1838=VERTEX_POINT('',#6035);
#1839=VERTEX_POINT('',#6037);
#1840=VERTEX_POINT('',#6041);
#1841=VERTEX_POINT('',#6043);
#1842=VERTEX_POINT('',#6047);
#1843=VERTEX_POINT('',#6049);
#1844=VERTEX_POINT('',#6053);
#1845=VERTEX_POINT('',#6055);
#1846=VERTEX_POINT('',#6059);
#1847=VERTEX_POINT('',#6061);
#1848=VERTEX_POINT('',#6065);
#1849=VERTEX_POINT('',#6067);
#1850=VERTEX_POINT('',#6071);
#1851=VERTEX_POINT('',#6073);
#1852=VERTEX_POINT('',#6077);
#1853=VERTEX_POINT('',#6079);
#1854=VERTEX_POINT('',#6083);
#1855=VERTEX_POINT('',#6085);
#1856=VERTEX_POINT('',#6089);
#1857=VERTEX_POINT('',#6091);
#1858=VERTEX_POINT('',#6095);
#1859=VERTEX_POINT('',#6097);
#1860=VERTEX_POINT('',#6101);
#1861=VERTEX_POINT('',#6103);
#1862=VERTEX_POINT('',#6107);
#1863=VERTEX_POINT('',#6109);
#1864=VERTEX_POINT('',#6113);
#1865=VERTEX_POINT('',#6115);
#1866=VERTEX_POINT('',#6119);
#1867=VERTEX_POINT('',#6121);
#1868=VERTEX_POINT('',#6125);
#1869=VERTEX_POINT('',#6127);
#1870=VERTEX_POINT('',#6131);
#1871=VERTEX_POINT('',#6133);
#1872=VERTEX_POINT('',#6137);
#1873=VERTEX_POINT('',#6139);
#1874=VERTEX_POINT('',#6143);
#1875=VERTEX_POINT('',#6145);
#1876=VERTEX_POINT('',#6149);
#1877=VERTEX_POINT('',#6151);
#1878=VERTEX_POINT('',#6155);
#1879=VERTEX_POINT('',#6157);
#1880=VERTEX_POINT('',#6161);
#1881=VERTEX_POINT('',#6163);
#1882=VERTEX_POINT('',#6167);
#1883=VERTEX_POINT('',#6169);
#1884=VERTEX_POINT('',#6173);
#1885=VERTEX_POINT('',#6175);
#1886=VERTEX_POINT('',#6179);
#1887=VERTEX_POINT('',#6181);
#1888=VERTEX_POINT('',#6185);
#1889=VERTEX_POINT('',#6187);
#1890=VERTEX_POINT('',#6191);
#1891=VERTEX_POINT('',#6193);
#1892=VERTEX_POINT('',#6197);
#1893=VERTEX_POINT('',#6199);
#1894=VERTEX_POINT('',#6203);
#1895=VERTEX_POINT('',#6205);
#1896=VERTEX_POINT('',#6209);
#1897=VERTEX_POINT('',#6211);
#1898=VERTEX_POINT('',#6215);
#1899=VERTEX_POINT('',#6217);
#1900=VERTEX_POINT('',#6221);
#1901=VERTEX_POINT('',#6223);
#1902=VERTEX_POINT('',#6227);
#1903=VERTEX_POINT('',#6229);
#1904=VERTEX_POINT('',#6233);
#1905=VERTEX_POINT('',#6235);
#1906=VERTEX_POINT('',#6239);
#1907=VERTEX_POINT('',#6241);
#1908=VERTEX_POINT('',#6245);
#1909=VERTEX_POINT('',#6247);
#1910=VERTEX_POINT('',#6251);
#1911=VERTEX_POINT('',#6253);
#1912=VERTEX_POINT('',#6257);
#1913=VERTEX_POINT('',#6259);
#1914=VERTEX_POINT('',#6263);
#1915=VERTEX_POINT('',#6265);
#1916=VERTEX_POINT('',#6269);
#1917=VERTEX_POINT('',#6271);
#1918=VERTEX_POINT('',#6275);
#1919=VERTEX_POINT('',#6277);
#1920=VERTEX_POINT('',#6281);
#1921=VERTEX_POINT('',#6283);
#1922=VERTEX_POINT('',#6287);
#1923=VERTEX_POINT('',#6289);
#1924=VERTEX_POINT('',#6293);
#1925=VERTEX_POINT('',#6295);
#1926=VERTEX_POINT('',#6299);
#1927=VERTEX_POINT('',#6301);
#1928=VERTEX_POINT('',#6305);
#1929=VERTEX_POINT('',#6307);
#1930=VERTEX_POINT('',#6311);
#1931=VERTEX_POINT('',#6313);
#1932=VERTEX_POINT('',#6317);
#1933=VERTEX_POINT('',#6319);
#1934=VERTEX_POINT('',#6323);
#1935=VERTEX_POINT('',#6325);
#1936=VERTEX_POINT('',#6329);
#1937=VERTEX_POINT('',#6331);
#1938=VERTEX_POINT('',#6335);
#1939=VERTEX_POINT('',#6337);
#1940=VERTEX_POINT('',#6341);
#1941=VERTEX_POINT('',#6343);
#1942=VERTEX_POINT('',#6347);
#1943=VERTEX_POINT('',#6349);
#1944=VERTEX_POINT('',#6353);
#1945=VERTEX_POINT('',#6355);
#1946=VERTEX_POINT('',#6359);
#1947=VERTEX_POINT('',#6361);
#1948=VERTEX_POINT('',#6365);
#1949=VERTEX_POINT('',#6367);
#1950=VERTEX_POINT('',#6371);
#1951=VERTEX_POINT('',#6373);
#1952=VERTEX_POINT('',#6377);
#1953=VERTEX_POINT('',#6379);
#1954=VERTEX_POINT('',#6383);
#1955=VERTEX_POINT('',#6385);
#1956=VERTEX_POINT('',#6389);
#1957=VERTEX_POINT('',#6391);
#1958=VERTEX_POINT('',#6395);
#1959=VERTEX_POINT('',#6397);
#1960=VERTEX_POINT('',#6401);
#1961=VERTEX_POINT('',#6403);
#1962=VERTEX_POINT('',#6407);
#1963=VERTEX_POINT('',#6409);
#1964=VERTEX_POINT('',#6413);
#1965=VERTEX_POINT('',#6415);
#1966=VERTEX_POINT('',#6419);
#1967=VERTEX_POINT('',#6421);
#1968=VERTEX_POINT('',#6425);
#1969=VERTEX_POINT('',#6427);
#1970=VERTEX_POINT('',#6431);
#1971=VERTEX_POINT('',#6433);
#1972=VERTEX_POINT('',#6437);
#1973=VERTEX_POINT('',#6439);
#1974=VERTEX_POINT('',#6443);
#1975=VERTEX_POINT('',#6445);
#1976=VERTEX_POINT('',#6449);
#1977=VERTEX_POINT('',#6451);
#1978=VERTEX_POINT('',#6455);
#1979=VERTEX_POINT('',#6457);
#1980=VERTEX_POINT('',#6461);
#1981=VERTEX_POINT('',#6463);
#1982=VERTEX_POINT('',#6467);
#1983=VERTEX_POINT('',#6469);
#1984=VERTEX_POINT('',#6473);
#1985=VERTEX_POINT('',#6475);
#1986=VERTEX_POINT('',#6479);
#1987=VERTEX_POINT('',#6481);
#1988=VERTEX_POINT('',#6485);
#1989=VERTEX_POINT('',#6487);
#1990=VERTEX_POINT('',#6491);
#1991=VERTEX_POINT('',#6493);
#1992=VERTEX_POINT('',#6497);
#1993=VERTEX_POINT('',#6499);
#1994=VERTEX_POINT('',#6503);
#1995=VERTEX_POINT('',#6505);
#1996=VERTEX_POINT('',#6509);
#1997=VERTEX_POINT('',#6511);
#1998=VERTEX_POINT('',#6515);
#1999=VERTEX_POINT('',#6517);
#2000=VERTEX_POINT('',#6521);
#2001=VERTEX_POINT('',#6523);
#2002=VERTEX_POINT('',#6527);
#2003=VERTEX_POINT('',#6529);
#2004=VERTEX_POINT('',#6533);
#2005=VERTEX_POINT('',#6535);
#2006=VERTEX_POINT('',#6539);
#2007=VERTEX_POINT('',#6541);
#2008=VERTEX_POINT('',#6545);
#2009=VERTEX_POINT('',#6547);
#2010=VERTEX_POINT('',#6551);
#2011=VERTEX_POINT('',#6553);
#2012=VERTEX_POINT('',#6557);
#2013=VERTEX_POINT('',#6559);
#2014=VERTEX_POINT('',#6563);
#2015=VERTEX_POINT('',#6565);
#2016=VERTEX_POINT('',#6569);
#2017=VERTEX_POINT('',#6571);
#2018=VERTEX_POINT('',#6575);
#2019=VERTEX_POINT('',#6577);
#2020=VERTEX_POINT('',#6581);
#2021=VERTEX_POINT('',#6583);
#2022=VERTEX_POINT('',#6587);
#2023=VERTEX_POINT('',#6589);
#2024=VERTEX_POINT('',#6593);
#2025=VERTEX_POINT('',#6595);
#2026=VERTEX_POINT('',#6599);
#2027=VERTEX_POINT('',#6601);
#2028=VERTEX_POINT('',#6605);
#2029=VERTEX_POINT('',#6607);
#2030=VERTEX_POINT('',#6611);
#2031=VERTEX_POINT('',#6613);
#2032=VERTEX_POINT('',#6617);
#2033=VERTEX_POINT('',#6619);
#2034=VERTEX_POINT('',#6623);
#2035=VERTEX_POINT('',#6625);
#2036=VERTEX_POINT('',#6629);
#2037=VERTEX_POINT('',#6631);
#2038=VERTEX_POINT('',#6635);
#2039=VERTEX_POINT('',#6637);
#2040=VERTEX_POINT('',#6641);
#2041=VERTEX_POINT('',#6643);
#2042=VERTEX_POINT('',#6647);
#2043=VERTEX_POINT('',#6649);
#2044=VERTEX_POINT('',#6653);
#2045=VERTEX_POINT('',#6655);
#2046=VERTEX_POINT('',#6659);
#2047=VERTEX_POINT('',#6661);
#2048=VERTEX_POINT('',#6665);
#2049=VERTEX_POINT('',#6667);
#2050=VERTEX_POINT('',#6671);
#2051=VERTEX_POINT('',#6673);
#2052=VERTEX_POINT('',#6677);
#2053=VERTEX_POINT('',#6679);
#2054=VERTEX_POINT('',#6683);
#2055=VERTEX_POINT('',#6685);
#2056=VERTEX_POINT('',#6689);
#2057=VERTEX_POINT('',#6691);
#2058=VERTEX_POINT('',#6695);
#2059=VERTEX_POINT('',#6697);
#2060=VERTEX_POINT('',#6701);
#2061=VERTEX_POINT('',#6703);
#2062=VERTEX_POINT('',#6707);
#2063=VERTEX_POINT('',#6709);
#2064=VERTEX_POINT('',#6713);
#2065=VERTEX_POINT('',#6715);
#2066=VERTEX_POINT('',#6719);
#2067=VERTEX_POINT('',#6721);
#2068=VERTEX_POINT('',#6725);
#2069=VERTEX_POINT('',#6727);
#2070=VERTEX_POINT('',#6731);
#2071=VERTEX_POINT('',#6733);
#2072=VERTEX_POINT('',#6737);
#2073=VERTEX_POINT('',#6739);
#2074=VERTEX_POINT('',#6743);
#2075=VERTEX_POINT('',#6745);
#2076=VERTEX_POINT('',#6749);
#2077=VERTEX_POINT('',#6751);
#2078=VERTEX_POINT('',#6755);
#2079=VERTEX_POINT('',#6757);
#2080=VERTEX_POINT('',#6761);
#2081=VERTEX_POINT('',#6763);
#2082=VERTEX_POINT('',#6767);
#2083=VERTEX_POINT('',#6769);
#2084=VERTEX_POINT('',#6773);
#2085=VERTEX_POINT('',#6775);
#2086=VERTEX_POINT('',#6779);
#2087=VERTEX_POINT('',#6781);
#2088=VERTEX_POINT('',#6785);
#2089=VERTEX_POINT('',#6787);
#2090=VERTEX_POINT('',#6791);
#2091=VERTEX_POINT('',#6793);
#2092=VERTEX_POINT('',#6797);
#2093=VERTEX_POINT('',#6799);
#2094=VERTEX_POINT('',#6803);
#2095=VERTEX_POINT('',#6805);
#2096=VERTEX_POINT('',#6809);
#2097=VERTEX_POINT('',#6811);
#2098=VERTEX_POINT('',#6815);
#2099=VERTEX_POINT('',#6817);
#2100=VERTEX_POINT('',#6821);
#2101=VERTEX_POINT('',#6823);
#2102=VERTEX_POINT('',#6827);
#2103=VERTEX_POINT('',#6829);
#2104=VERTEX_POINT('',#6831);
#2105=VERTEX_POINT('',#6836);
#2106=VERTEX_POINT('',#6839);
#2107=VERTEX_POINT('',#6840);
#2108=VERTEX_POINT('',#6877);
#2109=VERTEX_POINT('',#6878);
#2110=VERTEX_POINT('',#6916);
#2111=VERTEX_POINT('',#6917);
#2112=VERTEX_POINT('',#6919);
#2113=VERTEX_POINT('',#6925);
#2114=VERTEX_POINT('',#6928);
#2115=VERTEX_POINT('',#6929);
#2116=VERTEX_POINT('',#6966);
#2117=VERTEX_POINT('',#6967);
#2118=EDGE_CURVE('',#1764,#1764,#1416,.T.);
#2119=EDGE_CURVE('',#1764,#1765,#1070,.T.);
#2120=EDGE_CURVE('',#1765,#1765,#1417,.T.);
#2121=EDGE_CURVE('',#1766,#1766,#1418,.T.);
#2122=EDGE_CURVE('',#1766,#1767,#1071,.T.);
#2123=EDGE_CURVE('',#1767,#1767,#1419,.T.);
#2124=EDGE_CURVE('',#1768,#1768,#1420,.T.);
#2125=EDGE_CURVE('',#1768,#1769,#1072,.T.);
#2126=EDGE_CURVE('',#1769,#1769,#1421,.T.);
#2127=EDGE_CURVE('',#1770,#1770,#1422,.T.);
#2128=EDGE_CURVE('',#1770,#1771,#1073,.T.);
#2129=EDGE_CURVE('',#1771,#1771,#1423,.T.);
#2130=EDGE_CURVE('',#1772,#1772,#1424,.T.);
#2131=EDGE_CURVE('',#1772,#1773,#1074,.T.);
#2132=EDGE_CURVE('',#1773,#1773,#1425,.T.);
#2133=EDGE_CURVE('',#1774,#1774,#1426,.T.);
#2134=EDGE_CURVE('',#1774,#1775,#1075,.T.);
#2135=EDGE_CURVE('',#1775,#1775,#1427,.T.);
#2136=EDGE_CURVE('',#1776,#1776,#1428,.T.);
#2137=EDGE_CURVE('',#1776,#1777,#1076,.T.);
#2138=EDGE_CURVE('',#1777,#1777,#1429,.T.);
#2139=EDGE_CURVE('',#1778,#1778,#1430,.T.);
#2140=EDGE_CURVE('',#1778,#1779,#1077,.T.);
#2141=EDGE_CURVE('',#1779,#1779,#1431,.T.);
#2142=EDGE_CURVE('',#1780,#1780,#1432,.T.);
#2143=EDGE_CURVE('',#1780,#1781,#1078,.T.);
#2144=EDGE_CURVE('',#1781,#1781,#1433,.T.);
#2145=EDGE_CURVE('',#1782,#1782,#1434,.T.);
#2146=EDGE_CURVE('',#1782,#1783,#1079,.T.);
#2147=EDGE_CURVE('',#1783,#1783,#1435,.T.);
#2148=EDGE_CURVE('',#1784,#1784,#1436,.T.);
#2149=EDGE_CURVE('',#1784,#1785,#1080,.T.);
#2150=EDGE_CURVE('',#1785,#1785,#1437,.T.);
#2151=EDGE_CURVE('',#1786,#1786,#1438,.T.);
#2152=EDGE_CURVE('',#1786,#1787,#1081,.T.);
#2153=EDGE_CURVE('',#1787,#1787,#1439,.T.);
#2154=EDGE_CURVE('',#1788,#1788,#1440,.T.);
#2155=EDGE_CURVE('',#1788,#1789,#1082,.T.);
#2156=EDGE_CURVE('',#1789,#1789,#1441,.T.);
#2157=EDGE_CURVE('',#1790,#1790,#1442,.T.);
#2158=EDGE_CURVE('',#1790,#1791,#1083,.T.);
#2159=EDGE_CURVE('',#1791,#1791,#1443,.T.);
#2160=EDGE_CURVE('',#1792,#1792,#1444,.T.);
#2161=EDGE_CURVE('',#1792,#1793,#1084,.T.);
#2162=EDGE_CURVE('',#1793,#1793,#1445,.T.);
#2163=EDGE_CURVE('',#1794,#1794,#1446,.T.);
#2164=EDGE_CURVE('',#1794,#1795,#1085,.T.);
#2165=EDGE_CURVE('',#1795,#1795,#1447,.T.);
#2166=EDGE_CURVE('',#1796,#1796,#1448,.T.);
#2167=EDGE_CURVE('',#1796,#1797,#1086,.T.);
#2168=EDGE_CURVE('',#1797,#1797,#1449,.T.);
#2169=EDGE_CURVE('',#1798,#1798,#1450,.T.);
#2170=EDGE_CURVE('',#1798,#1799,#1087,.T.);
#2171=EDGE_CURVE('',#1799,#1799,#1451,.T.);
#2172=EDGE_CURVE('',#1800,#1800,#1452,.T.);
#2173=EDGE_CURVE('',#1800,#1801,#1088,.T.);
#2174=EDGE_CURVE('',#1801,#1801,#1453,.T.);
#2175=EDGE_CURVE('',#1802,#1802,#1454,.T.);
#2176=EDGE_CURVE('',#1802,#1803,#1089,.T.);
#2177=EDGE_CURVE('',#1803,#1803,#1455,.T.);
#2178=EDGE_CURVE('',#1804,#1804,#1456,.T.);
#2179=EDGE_CURVE('',#1804,#1805,#1090,.T.);
#2180=EDGE_CURVE('',#1805,#1805,#1457,.T.);
#2181=EDGE_CURVE('',#1806,#1806,#1458,.T.);
#2182=EDGE_CURVE('',#1806,#1807,#1091,.T.);
#2183=EDGE_CURVE('',#1807,#1807,#1459,.T.);
#2184=EDGE_CURVE('',#1808,#1808,#1460,.T.);
#2185=EDGE_CURVE('',#1808,#1809,#1092,.T.);
#2186=EDGE_CURVE('',#1809,#1809,#1461,.T.);
#2187=EDGE_CURVE('',#1810,#1810,#1462,.T.);
#2188=EDGE_CURVE('',#1810,#1811,#1093,.T.);
#2189=EDGE_CURVE('',#1811,#1811,#1463,.T.);
#2190=EDGE_CURVE('',#1812,#1812,#1464,.T.);
#2191=EDGE_CURVE('',#1812,#1813,#1094,.T.);
#2192=EDGE_CURVE('',#1813,#1813,#1465,.T.);
#2193=EDGE_CURVE('',#1814,#1814,#1466,.T.);
#2194=EDGE_CURVE('',#1814,#1815,#1095,.T.);
#2195=EDGE_CURVE('',#1815,#1815,#1467,.T.);
#2196=EDGE_CURVE('',#1816,#1816,#1468,.T.);
#2197=EDGE_CURVE('',#1816,#1817,#1096,.T.);
#2198=EDGE_CURVE('',#1817,#1817,#1469,.T.);
#2199=EDGE_CURVE('',#1818,#1818,#1470,.T.);
#2200=EDGE_CURVE('',#1818,#1819,#1097,.T.);
#2201=EDGE_CURVE('',#1819,#1819,#1471,.T.);
#2202=EDGE_CURVE('',#1820,#1820,#1472,.T.);
#2203=EDGE_CURVE('',#1820,#1821,#1098,.T.);
#2204=EDGE_CURVE('',#1821,#1821,#1473,.T.);
#2205=EDGE_CURVE('',#1822,#1822,#1474,.T.);
#2206=EDGE_CURVE('',#1822,#1823,#1099,.T.);
#2207=EDGE_CURVE('',#1823,#1823,#1475,.T.);
#2208=EDGE_CURVE('',#1824,#1824,#1476,.T.);
#2209=EDGE_CURVE('',#1824,#1825,#1100,.T.);
#2210=EDGE_CURVE('',#1825,#1825,#1477,.T.);
#2211=EDGE_CURVE('',#1826,#1826,#1478,.T.);
#2212=EDGE_CURVE('',#1826,#1827,#1101,.T.);
#2213=EDGE_CURVE('',#1827,#1827,#1479,.T.);
#2214=EDGE_CURVE('',#1828,#1828,#1480,.T.);
#2215=EDGE_CURVE('',#1828,#1829,#1102,.T.);
#2216=EDGE_CURVE('',#1829,#1829,#1481,.T.);
#2217=EDGE_CURVE('',#1830,#1830,#1482,.T.);
#2218=EDGE_CURVE('',#1830,#1831,#1103,.T.);
#2219=EDGE_CURVE('',#1831,#1831,#1483,.T.);
#2220=EDGE_CURVE('',#1832,#1832,#1484,.T.);
#2221=EDGE_CURVE('',#1832,#1833,#1104,.T.);
#2222=EDGE_CURVE('',#1833,#1833,#1485,.T.);
#2223=EDGE_CURVE('',#1834,#1834,#1486,.T.);
#2224=EDGE_CURVE('',#1834,#1835,#1105,.T.);
#2225=EDGE_CURVE('',#1835,#1835,#1487,.T.);
#2226=EDGE_CURVE('',#1836,#1836,#1488,.T.);
#2227=EDGE_CURVE('',#1836,#1837,#1106,.T.);
#2228=EDGE_CURVE('',#1837,#1837,#1489,.T.);
#2229=EDGE_CURVE('',#1838,#1838,#1490,.T.);
#2230=EDGE_CURVE('',#1838,#1839,#1107,.T.);
#2231=EDGE_CURVE('',#1839,#1839,#1491,.T.);
#2232=EDGE_CURVE('',#1840,#1840,#1492,.T.);
#2233=EDGE_CURVE('',#1840,#1841,#1108,.T.);
#2234=EDGE_CURVE('',#1841,#1841,#1493,.T.);
#2235=EDGE_CURVE('',#1842,#1842,#1494,.T.);
#2236=EDGE_CURVE('',#1842,#1843,#1109,.T.);
#2237=EDGE_CURVE('',#1843,#1843,#1495,.T.);
#2238=EDGE_CURVE('',#1844,#1844,#1496,.T.);
#2239=EDGE_CURVE('',#1844,#1845,#1110,.T.);
#2240=EDGE_CURVE('',#1845,#1845,#1497,.T.);
#2241=EDGE_CURVE('',#1846,#1846,#1498,.T.);
#2242=EDGE_CURVE('',#1846,#1847,#1111,.T.);
#2243=EDGE_CURVE('',#1847,#1847,#1499,.T.);
#2244=EDGE_CURVE('',#1848,#1848,#1500,.T.);
#2245=EDGE_CURVE('',#1848,#1849,#1112,.T.);
#2246=EDGE_CURVE('',#1849,#1849,#1501,.T.);
#2247=EDGE_CURVE('',#1850,#1850,#1502,.T.);
#2248=EDGE_CURVE('',#1850,#1851,#1113,.T.);
#2249=EDGE_CURVE('',#1851,#1851,#1503,.T.);
#2250=EDGE_CURVE('',#1852,#1852,#1504,.T.);
#2251=EDGE_CURVE('',#1852,#1853,#1114,.T.);
#2252=EDGE_CURVE('',#1853,#1853,#1505,.T.);
#2253=EDGE_CURVE('',#1854,#1854,#1506,.T.);
#2254=EDGE_CURVE('',#1854,#1855,#1115,.T.);
#2255=EDGE_CURVE('',#1855,#1855,#1507,.T.);
#2256=EDGE_CURVE('',#1856,#1856,#1508,.T.);
#2257=EDGE_CURVE('',#1856,#1857,#1116,.T.);
#2258=EDGE_CURVE('',#1857,#1857,#1509,.T.);
#2259=EDGE_CURVE('',#1858,#1858,#1510,.T.);
#2260=EDGE_CURVE('',#1858,#1859,#1117,.T.);
#2261=EDGE_CURVE('',#1859,#1859,#1511,.T.);
#2262=EDGE_CURVE('',#1860,#1860,#1512,.T.);
#2263=EDGE_CURVE('',#1860,#1861,#1118,.T.);
#2264=EDGE_CURVE('',#1861,#1861,#1513,.T.);
#2265=EDGE_CURVE('',#1862,#1862,#1514,.T.);
#2266=EDGE_CURVE('',#1862,#1863,#1119,.T.);
#2267=EDGE_CURVE('',#1863,#1863,#1515,.T.);
#2268=EDGE_CURVE('',#1864,#1864,#1516,.T.);
#2269=EDGE_CURVE('',#1864,#1865,#1120,.T.);
#2270=EDGE_CURVE('',#1865,#1865,#1517,.T.);
#2271=EDGE_CURVE('',#1866,#1866,#1518,.T.);
#2272=EDGE_CURVE('',#1866,#1867,#1121,.T.);
#2273=EDGE_CURVE('',#1867,#1867,#1519,.T.);
#2274=EDGE_CURVE('',#1868,#1868,#1520,.T.);
#2275=EDGE_CURVE('',#1868,#1869,#1122,.T.);
#2276=EDGE_CURVE('',#1869,#1869,#1521,.T.);
#2277=EDGE_CURVE('',#1870,#1870,#1522,.T.);
#2278=EDGE_CURVE('',#1870,#1871,#1123,.T.);
#2279=EDGE_CURVE('',#1871,#1871,#1523,.T.);
#2280=EDGE_CURVE('',#1872,#1872,#1524,.T.);
#2281=EDGE_CURVE('',#1872,#1873,#1124,.T.);
#2282=EDGE_CURVE('',#1873,#1873,#1525,.T.);
#2283=EDGE_CURVE('',#1874,#1874,#1526,.T.);
#2284=EDGE_CURVE('',#1874,#1875,#1125,.T.);
#2285=EDGE_CURVE('',#1875,#1875,#1527,.T.);
#2286=EDGE_CURVE('',#1876,#1876,#1528,.T.);
#2287=EDGE_CURVE('',#1876,#1877,#1126,.T.);
#2288=EDGE_CURVE('',#1877,#1877,#1529,.T.);
#2289=EDGE_CURVE('',#1878,#1878,#1530,.T.);
#2290=EDGE_CURVE('',#1878,#1879,#1127,.T.);
#2291=EDGE_CURVE('',#1879,#1879,#1531,.T.);
#2292=EDGE_CURVE('',#1880,#1880,#1532,.T.);
#2293=EDGE_CURVE('',#1880,#1881,#1128,.T.);
#2294=EDGE_CURVE('',#1881,#1881,#1533,.T.);
#2295=EDGE_CURVE('',#1882,#1882,#1534,.T.);
#2296=EDGE_CURVE('',#1882,#1883,#1129,.T.);
#2297=EDGE_CURVE('',#1883,#1883,#1535,.T.);
#2298=EDGE_CURVE('',#1884,#1884,#1536,.T.);
#2299=EDGE_CURVE('',#1884,#1885,#1130,.T.);
#2300=EDGE_CURVE('',#1885,#1885,#1537,.T.);
#2301=EDGE_CURVE('',#1886,#1886,#1538,.T.);
#2302=EDGE_CURVE('',#1886,#1887,#1131,.T.);
#2303=EDGE_CURVE('',#1887,#1887,#1539,.T.);
#2304=EDGE_CURVE('',#1888,#1888,#1540,.T.);
#2305=EDGE_CURVE('',#1888,#1889,#1132,.T.);
#2306=EDGE_CURVE('',#1889,#1889,#1541,.T.);
#2307=EDGE_CURVE('',#1890,#1890,#1542,.T.);
#2308=EDGE_CURVE('',#1890,#1891,#1133,.T.);
#2309=EDGE_CURVE('',#1891,#1891,#1543,.T.);
#2310=EDGE_CURVE('',#1892,#1892,#1544,.T.);
#2311=EDGE_CURVE('',#1892,#1893,#1134,.T.);
#2312=EDGE_CURVE('',#1893,#1893,#1545,.T.);
#2313=EDGE_CURVE('',#1894,#1894,#1546,.T.);
#2314=EDGE_CURVE('',#1894,#1895,#1135,.T.);
#2315=EDGE_CURVE('',#1895,#1895,#1547,.T.);
#2316=EDGE_CURVE('',#1896,#1896,#1548,.T.);
#2317=EDGE_CURVE('',#1896,#1897,#1136,.T.);
#2318=EDGE_CURVE('',#1897,#1897,#1549,.T.);
#2319=EDGE_CURVE('',#1898,#1898,#1550,.T.);
#2320=EDGE_CURVE('',#1898,#1899,#1137,.T.);
#2321=EDGE_CURVE('',#1899,#1899,#1551,.T.);
#2322=EDGE_CURVE('',#1900,#1900,#1552,.T.);
#2323=EDGE_CURVE('',#1900,#1901,#1138,.T.);
#2324=EDGE_CURVE('',#1901,#1901,#1553,.T.);
#2325=EDGE_CURVE('',#1902,#1902,#1554,.T.);
#2326=EDGE_CURVE('',#1902,#1903,#1139,.T.);
#2327=EDGE_CURVE('',#1903,#1903,#1555,.T.);
#2328=EDGE_CURVE('',#1904,#1904,#1556,.T.);
#2329=EDGE_CURVE('',#1904,#1905,#1140,.T.);
#2330=EDGE_CURVE('',#1905,#1905,#1557,.T.);
#2331=EDGE_CURVE('',#1906,#1906,#1558,.T.);
#2332=EDGE_CURVE('',#1906,#1907,#1141,.T.);
#2333=EDGE_CURVE('',#1907,#1907,#1559,.T.);
#2334=EDGE_CURVE('',#1908,#1908,#1560,.T.);
#2335=EDGE_CURVE('',#1908,#1909,#1142,.T.);
#2336=EDGE_CURVE('',#1909,#1909,#1561,.T.);
#2337=EDGE_CURVE('',#1910,#1910,#1562,.T.);
#2338=EDGE_CURVE('',#1910,#1911,#1143,.T.);
#2339=EDGE_CURVE('',#1911,#1911,#1563,.T.);
#2340=EDGE_CURVE('',#1912,#1912,#1564,.T.);
#2341=EDGE_CURVE('',#1912,#1913,#1144,.T.);
#2342=EDGE_CURVE('',#1913,#1913,#1565,.T.);
#2343=EDGE_CURVE('',#1914,#1914,#1566,.T.);
#2344=EDGE_CURVE('',#1914,#1915,#1145,.T.);
#2345=EDGE_CURVE('',#1915,#1915,#1567,.T.);
#2346=EDGE_CURVE('',#1916,#1916,#1568,.T.);
#2347=EDGE_CURVE('',#1916,#1917,#1146,.T.);
#2348=EDGE_CURVE('',#1917,#1917,#1569,.T.);
#2349=EDGE_CURVE('',#1918,#1918,#1570,.T.);
#2350=EDGE_CURVE('',#1918,#1919,#1147,.T.);
#2351=EDGE_CURVE('',#1919,#1919,#1571,.T.);
#2352=EDGE_CURVE('',#1920,#1920,#1572,.T.);
#2353=EDGE_CURVE('',#1920,#1921,#1148,.T.);
#2354=EDGE_CURVE('',#1921,#1921,#1573,.T.);
#2355=EDGE_CURVE('',#1922,#1922,#1574,.T.);
#2356=EDGE_CURVE('',#1922,#1923,#1149,.T.);
#2357=EDGE_CURVE('',#1923,#1923,#1575,.T.);
#2358=EDGE_CURVE('',#1924,#1924,#1576,.T.);
#2359=EDGE_CURVE('',#1924,#1925,#1150,.T.);
#2360=EDGE_CURVE('',#1925,#1925,#1577,.T.);
#2361=EDGE_CURVE('',#1926,#1926,#1578,.T.);
#2362=EDGE_CURVE('',#1926,#1927,#1151,.T.);
#2363=EDGE_CURVE('',#1927,#1927,#1579,.T.);
#2364=EDGE_CURVE('',#1928,#1928,#1580,.T.);
#2365=EDGE_CURVE('',#1928,#1929,#1152,.T.);
#2366=EDGE_CURVE('',#1929,#1929,#1581,.T.);
#2367=EDGE_CURVE('',#1930,#1930,#1582,.T.);
#2368=EDGE_CURVE('',#1930,#1931,#1153,.T.);
#2369=EDGE_CURVE('',#1931,#1931,#1583,.T.);
#2370=EDGE_CURVE('',#1932,#1932,#1584,.T.);
#2371=EDGE_CURVE('',#1932,#1933,#1154,.T.);
#2372=EDGE_CURVE('',#1933,#1933,#1585,.T.);
#2373=EDGE_CURVE('',#1934,#1934,#1586,.T.);
#2374=EDGE_CURVE('',#1934,#1935,#1155,.T.);
#2375=EDGE_CURVE('',#1935,#1935,#1587,.T.);
#2376=EDGE_CURVE('',#1936,#1936,#1588,.T.);
#2377=EDGE_CURVE('',#1936,#1937,#1156,.T.);
#2378=EDGE_CURVE('',#1937,#1937,#1589,.T.);
#2379=EDGE_CURVE('',#1938,#1938,#1590,.T.);
#2380=EDGE_CURVE('',#1938,#1939,#1157,.T.);
#2381=EDGE_CURVE('',#1939,#1939,#1591,.T.);
#2382=EDGE_CURVE('',#1940,#1940,#1592,.T.);
#2383=EDGE_CURVE('',#1940,#1941,#1158,.T.);
#2384=EDGE_CURVE('',#1941,#1941,#1593,.T.);
#2385=EDGE_CURVE('',#1942,#1942,#1594,.T.);
#2386=EDGE_CURVE('',#1942,#1943,#1159,.T.);
#2387=EDGE_CURVE('',#1943,#1943,#1595,.T.);
#2388=EDGE_CURVE('',#1944,#1944,#1596,.T.);
#2389=EDGE_CURVE('',#1944,#1945,#1160,.T.);
#2390=EDGE_CURVE('',#1945,#1945,#1597,.T.);
#2391=EDGE_CURVE('',#1946,#1946,#1598,.T.);
#2392=EDGE_CURVE('',#1946,#1947,#1161,.T.);
#2393=EDGE_CURVE('',#1947,#1947,#1599,.T.);
#2394=EDGE_CURVE('',#1948,#1948,#1600,.T.);
#2395=EDGE_CURVE('',#1948,#1949,#1162,.T.);
#2396=EDGE_CURVE('',#1949,#1949,#1601,.T.);
#2397=EDGE_CURVE('',#1950,#1950,#1602,.T.);
#2398=EDGE_CURVE('',#1950,#1951,#1163,.T.);
#2399=EDGE_CURVE('',#1951,#1951,#1603,.T.);
#2400=EDGE_CURVE('',#1952,#1952,#1604,.T.);
#2401=EDGE_CURVE('',#1952,#1953,#1164,.T.);
#2402=EDGE_CURVE('',#1953,#1953,#1605,.T.);
#2403=EDGE_CURVE('',#1954,#1954,#1606,.T.);
#2404=EDGE_CURVE('',#1954,#1955,#1165,.T.);
#2405=EDGE_CURVE('',#1955,#1955,#1607,.T.);
#2406=EDGE_CURVE('',#1956,#1956,#1608,.T.);
#2407=EDGE_CURVE('',#1956,#1957,#1166,.T.);
#2408=EDGE_CURVE('',#1957,#1957,#1609,.T.);
#2409=EDGE_CURVE('',#1958,#1958,#1610,.T.);
#2410=EDGE_CURVE('',#1958,#1959,#1167,.T.);
#2411=EDGE_CURVE('',#1959,#1959,#1611,.T.);
#2412=EDGE_CURVE('',#1960,#1960,#1612,.T.);
#2413=EDGE_CURVE('',#1960,#1961,#1168,.T.);
#2414=EDGE_CURVE('',#1961,#1961,#1613,.T.);
#2415=EDGE_CURVE('',#1962,#1962,#1614,.T.);
#2416=EDGE_CURVE('',#1962,#1963,#1169,.T.);
#2417=EDGE_CURVE('',#1963,#1963,#1615,.T.);
#2418=EDGE_CURVE('',#1964,#1964,#1616,.T.);
#2419=EDGE_CURVE('',#1964,#1965,#1170,.T.);
#2420=EDGE_CURVE('',#1965,#1965,#1617,.T.);
#2421=EDGE_CURVE('',#1966,#1966,#1618,.T.);
#2422=EDGE_CURVE('',#1966,#1967,#1171,.T.);
#2423=EDGE_CURVE('',#1967,#1967,#1619,.T.);
#2424=EDGE_CURVE('',#1968,#1968,#1620,.T.);
#2425=EDGE_CURVE('',#1968,#1969,#1172,.T.);
#2426=EDGE_CURVE('',#1969,#1969,#1621,.T.);
#2427=EDGE_CURVE('',#1970,#1970,#1622,.T.);
#2428=EDGE_CURVE('',#1970,#1971,#1173,.T.);
#2429=EDGE_CURVE('',#1971,#1971,#1623,.T.);
#2430=EDGE_CURVE('',#1972,#1972,#1624,.T.);
#2431=EDGE_CURVE('',#1972,#1973,#1174,.T.);
#2432=EDGE_CURVE('',#1973,#1973,#1625,.T.);
#2433=EDGE_CURVE('',#1974,#1974,#1626,.T.);
#2434=EDGE_CURVE('',#1974,#1975,#1175,.T.);
#2435=EDGE_CURVE('',#1975,#1975,#1627,.T.);
#2436=EDGE_CURVE('',#1976,#1976,#1628,.T.);
#2437=EDGE_CURVE('',#1976,#1977,#1176,.T.);
#2438=EDGE_CURVE('',#1977,#1977,#1629,.T.);
#2439=EDGE_CURVE('',#1978,#1978,#1630,.T.);
#2440=EDGE_CURVE('',#1978,#1979,#1177,.T.);
#2441=EDGE_CURVE('',#1979,#1979,#1631,.T.);
#2442=EDGE_CURVE('',#1980,#1980,#1632,.T.);
#2443=EDGE_CURVE('',#1980,#1981,#1178,.T.);
#2444=EDGE_CURVE('',#1981,#1981,#1633,.T.);
#2445=EDGE_CURVE('',#1982,#1982,#1634,.T.);
#2446=EDGE_CURVE('',#1982,#1983,#1179,.T.);
#2447=EDGE_CURVE('',#1983,#1983,#1635,.T.);
#2448=EDGE_CURVE('',#1984,#1984,#1636,.T.);
#2449=EDGE_CURVE('',#1984,#1985,#1180,.T.);
#2450=EDGE_CURVE('',#1985,#1985,#1637,.T.);
#2451=EDGE_CURVE('',#1986,#1986,#1638,.T.);
#2452=EDGE_CURVE('',#1986,#1987,#1181,.T.);
#2453=EDGE_CURVE('',#1987,#1987,#1639,.T.);
#2454=EDGE_CURVE('',#1988,#1988,#1640,.T.);
#2455=EDGE_CURVE('',#1988,#1989,#1182,.T.);
#2456=EDGE_CURVE('',#1989,#1989,#1641,.T.);
#2457=EDGE_CURVE('',#1990,#1990,#1642,.T.);
#2458=EDGE_CURVE('',#1990,#1991,#1183,.T.);
#2459=EDGE_CURVE('',#1991,#1991,#1643,.T.);
#2460=EDGE_CURVE('',#1992,#1992,#1644,.T.);
#2461=EDGE_CURVE('',#1992,#1993,#1184,.T.);
#2462=EDGE_CURVE('',#1993,#1993,#1645,.T.);
#2463=EDGE_CURVE('',#1994,#1994,#1646,.T.);
#2464=EDGE_CURVE('',#1994,#1995,#1185,.T.);
#2465=EDGE_CURVE('',#1995,#1995,#1647,.T.);
#2466=EDGE_CURVE('',#1996,#1996,#1648,.T.);
#2467=EDGE_CURVE('',#1996,#1997,#1186,.T.);
#2468=EDGE_CURVE('',#1997,#1997,#1649,.T.);
#2469=EDGE_CURVE('',#1998,#1998,#1650,.T.);
#2470=EDGE_CURVE('',#1998,#1999,#1187,.T.);
#2471=EDGE_CURVE('',#1999,#1999,#1651,.T.);
#2472=EDGE_CURVE('',#2000,#2000,#1652,.T.);
#2473=EDGE_CURVE('',#2000,#2001,#1188,.T.);
#2474=EDGE_CURVE('',#2001,#2001,#1653,.T.);
#2475=EDGE_CURVE('',#2002,#2002,#1654,.T.);
#2476=EDGE_CURVE('',#2002,#2003,#1189,.T.);
#2477=EDGE_CURVE('',#2003,#2003,#1655,.T.);
#2478=EDGE_CURVE('',#2004,#2004,#1656,.T.);
#2479=EDGE_CURVE('',#2004,#2005,#1190,.T.);
#2480=EDGE_CURVE('',#2005,#2005,#1657,.T.);
#2481=EDGE_CURVE('',#2006,#2006,#1658,.T.);
#2482=EDGE_CURVE('',#2006,#2007,#1191,.T.);
#2483=EDGE_CURVE('',#2007,#2007,#1659,.T.);
#2484=EDGE_CURVE('',#2008,#2008,#1660,.T.);
#2485=EDGE_CURVE('',#2008,#2009,#1192,.T.);
#2486=EDGE_CURVE('',#2009,#2009,#1661,.T.);
#2487=EDGE_CURVE('',#2010,#2010,#1662,.T.);
#2488=EDGE_CURVE('',#2010,#2011,#1193,.T.);
#2489=EDGE_CURVE('',#2011,#2011,#1663,.T.);
#2490=EDGE_CURVE('',#2012,#2012,#1664,.T.);
#2491=EDGE_CURVE('',#2012,#2013,#1194,.T.);
#2492=EDGE_CURVE('',#2013,#2013,#1665,.T.);
#2493=EDGE_CURVE('',#2014,#2014,#1666,.T.);
#2494=EDGE_CURVE('',#2014,#2015,#1195,.T.);
#2495=EDGE_CURVE('',#2015,#2015,#1667,.T.);
#2496=EDGE_CURVE('',#2016,#2016,#1668,.T.);
#2497=EDGE_CURVE('',#2016,#2017,#1196,.T.);
#2498=EDGE_CURVE('',#2017,#2017,#1669,.T.);
#2499=EDGE_CURVE('',#2018,#2018,#1670,.T.);
#2500=EDGE_CURVE('',#2018,#2019,#1197,.T.);
#2501=EDGE_CURVE('',#2019,#2019,#1671,.T.);
#2502=EDGE_CURVE('',#2020,#2020,#1672,.T.);
#2503=EDGE_CURVE('',#2020,#2021,#1198,.T.);
#2504=EDGE_CURVE('',#2021,#2021,#1673,.T.);
#2505=EDGE_CURVE('',#2022,#2022,#1674,.T.);
#2506=EDGE_CURVE('',#2022,#2023,#1199,.T.);
#2507=EDGE_CURVE('',#2023,#2023,#1675,.T.);
#2508=EDGE_CURVE('',#2024,#2024,#1676,.T.);
#2509=EDGE_CURVE('',#2024,#2025,#1200,.T.);
#2510=EDGE_CURVE('',#2025,#2025,#1677,.T.);
#2511=EDGE_CURVE('',#2026,#2026,#1678,.T.);
#2512=EDGE_CURVE('',#2026,#2027,#1201,.T.);
#2513=EDGE_CURVE('',#2027,#2027,#1679,.T.);
#2514=EDGE_CURVE('',#2028,#2028,#1680,.T.);
#2515=EDGE_CURVE('',#2028,#2029,#1202,.T.);
#2516=EDGE_CURVE('',#2029,#2029,#1681,.T.);
#2517=EDGE_CURVE('',#2030,#2030,#1682,.T.);
#2518=EDGE_CURVE('',#2030,#2031,#1203,.T.);
#2519=EDGE_CURVE('',#2031,#2031,#1683,.T.);
#2520=EDGE_CURVE('',#2032,#2032,#1684,.T.);
#2521=EDGE_CURVE('',#2032,#2033,#1204,.T.);
#2522=EDGE_CURVE('',#2033,#2033,#1685,.T.);
#2523=EDGE_CURVE('',#2034,#2034,#1686,.T.);
#2524=EDGE_CURVE('',#2034,#2035,#1205,.T.);
#2525=EDGE_CURVE('',#2035,#2035,#1687,.T.);
#2526=EDGE_CURVE('',#2036,#2036,#1688,.T.);
#2527=EDGE_CURVE('',#2036,#2037,#1206,.T.);
#2528=EDGE_CURVE('',#2037,#2037,#1689,.T.);
#2529=EDGE_CURVE('',#2038,#2038,#1690,.T.);
#2530=EDGE_CURVE('',#2038,#2039,#1207,.T.);
#2531=EDGE_CURVE('',#2039,#2039,#1691,.T.);
#2532=EDGE_CURVE('',#2040,#2040,#1692,.T.);
#2533=EDGE_CURVE('',#2040,#2041,#1208,.T.);
#2534=EDGE_CURVE('',#2041,#2041,#1693,.T.);
#2535=EDGE_CURVE('',#2042,#2042,#1694,.T.);
#2536=EDGE_CURVE('',#2042,#2043,#1209,.T.);
#2537=EDGE_CURVE('',#2043,#2043,#1695,.T.);
#2538=EDGE_CURVE('',#2044,#2044,#1696,.T.);
#2539=EDGE_CURVE('',#2044,#2045,#1210,.T.);
#2540=EDGE_CURVE('',#2045,#2045,#1697,.T.);
#2541=EDGE_CURVE('',#2046,#2046,#1698,.T.);
#2542=EDGE_CURVE('',#2046,#2047,#1211,.T.);
#2543=EDGE_CURVE('',#2047,#2047,#1699,.T.);
#2544=EDGE_CURVE('',#2048,#2048,#1700,.T.);
#2545=EDGE_CURVE('',#2048,#2049,#1212,.T.);
#2546=EDGE_CURVE('',#2049,#2049,#1701,.T.);
#2547=EDGE_CURVE('',#2050,#2050,#1702,.T.);
#2548=EDGE_CURVE('',#2050,#2051,#1213,.T.);
#2549=EDGE_CURVE('',#2051,#2051,#1703,.T.);
#2550=EDGE_CURVE('',#2052,#2052,#1704,.T.);
#2551=EDGE_CURVE('',#2052,#2053,#1214,.T.);
#2552=EDGE_CURVE('',#2053,#2053,#1705,.T.);
#2553=EDGE_CURVE('',#2054,#2054,#1706,.T.);
#2554=EDGE_CURVE('',#2054,#2055,#1215,.T.);
#2555=EDGE_CURVE('',#2055,#2055,#1707,.T.);
#2556=EDGE_CURVE('',#2056,#2056,#1708,.T.);
#2557=EDGE_CURVE('',#2056,#2057,#1216,.T.);
#2558=EDGE_CURVE('',#2057,#2057,#1709,.T.);
#2559=EDGE_CURVE('',#2058,#2058,#1710,.T.);
#2560=EDGE_CURVE('',#2058,#2059,#1217,.T.);
#2561=EDGE_CURVE('',#2059,#2059,#1711,.T.);
#2562=EDGE_CURVE('',#2060,#2060,#1712,.T.);
#2563=EDGE_CURVE('',#2060,#2061,#1218,.T.);
#2564=EDGE_CURVE('',#2061,#2061,#1713,.T.);
#2565=EDGE_CURVE('',#2062,#2062,#1714,.T.);
#2566=EDGE_CURVE('',#2062,#2063,#1219,.T.);
#2567=EDGE_CURVE('',#2063,#2063,#1715,.T.);
#2568=EDGE_CURVE('',#2064,#2064,#1716,.T.);
#2569=EDGE_CURVE('',#2064,#2065,#1220,.T.);
#2570=EDGE_CURVE('',#2065,#2065,#1717,.T.);
#2571=EDGE_CURVE('',#2066,#2066,#1718,.T.);
#2572=EDGE_CURVE('',#2066,#2067,#1221,.T.);
#2573=EDGE_CURVE('',#2067,#2067,#1719,.T.);
#2574=EDGE_CURVE('',#2068,#2068,#1720,.T.);
#2575=EDGE_CURVE('',#2068,#2069,#1222,.T.);
#2576=EDGE_CURVE('',#2069,#2069,#1721,.T.);
#2577=EDGE_CURVE('',#2070,#2070,#1722,.T.);
#2578=EDGE_CURVE('',#2070,#2071,#1223,.T.);
#2579=EDGE_CURVE('',#2071,#2071,#1723,.T.);
#2580=EDGE_CURVE('',#2072,#2072,#1724,.T.);
#2581=EDGE_CURVE('',#2072,#2073,#1224,.T.);
#2582=EDGE_CURVE('',#2073,#2073,#1725,.T.);
#2583=EDGE_CURVE('',#2074,#2074,#1726,.T.);
#2584=EDGE_CURVE('',#2074,#2075,#1225,.T.);
#2585=EDGE_CURVE('',#2075,#2075,#1727,.T.);
#2586=EDGE_CURVE('',#2076,#2076,#1728,.T.);
#2587=EDGE_CURVE('',#2076,#2077,#1226,.T.);
#2588=EDGE_CURVE('',#2077,#2077,#1729,.T.);
#2589=EDGE_CURVE('',#2078,#2078,#1730,.T.);
#2590=EDGE_CURVE('',#2078,#2079,#1227,.T.);
#2591=EDGE_CURVE('',#2079,#2079,#1731,.T.);
#2592=EDGE_CURVE('',#2080,#2080,#1732,.T.);
#2593=EDGE_CURVE('',#2080,#2081,#1228,.T.);
#2594=EDGE_CURVE('',#2081,#2081,#1733,.T.);
#2595=EDGE_CURVE('',#2082,#2082,#1734,.T.);
#2596=EDGE_CURVE('',#2082,#2083,#1229,.T.);
#2597=EDGE_CURVE('',#2083,#2083,#1735,.T.);
#2598=EDGE_CURVE('',#2084,#2084,#1736,.T.);
#2599=EDGE_CURVE('',#2084,#2085,#1230,.T.);
#2600=EDGE_CURVE('',#2085,#2085,#1737,.T.);
#2601=EDGE_CURVE('',#2086,#2086,#1738,.T.);
#2602=EDGE_CURVE('',#2086,#2087,#1231,.T.);
#2603=EDGE_CURVE('',#2087,#2087,#1739,.T.);
#2604=EDGE_CURVE('',#2088,#2088,#1740,.T.);
#2605=EDGE_CURVE('',#2088,#2089,#1232,.T.);
#2606=EDGE_CURVE('',#2089,#2089,#1741,.T.);
#2607=EDGE_CURVE('',#2090,#2090,#1742,.T.);
#2608=EDGE_CURVE('',#2090,#2091,#1233,.T.);
#2609=EDGE_CURVE('',#2091,#2091,#1743,.T.);
#2610=EDGE_CURVE('',#2092,#2092,#1744,.T.);
#2611=EDGE_CURVE('',#2092,#2093,#1234,.T.);
#2612=EDGE_CURVE('',#2093,#2093,#1745,.T.);
#2613=EDGE_CURVE('',#2094,#2094,#1746,.T.);
#2614=EDGE_CURVE('',#2094,#2095,#1235,.T.);
#2615=EDGE_CURVE('',#2095,#2095,#1747,.T.);
#2616=EDGE_CURVE('',#2096,#2096,#1748,.T.);
#2617=EDGE_CURVE('',#2096,#2097,#1236,.T.);
#2618=EDGE_CURVE('',#2097,#2097,#1749,.T.);
#2619=EDGE_CURVE('',#2098,#2098,#1750,.T.);
#2620=EDGE_CURVE('',#2098,#2099,#1237,.T.);
#2621=EDGE_CURVE('',#2099,#2099,#1751,.T.);
#2622=EDGE_CURVE('',#2100,#2100,#1752,.T.);
#2623=EDGE_CURVE('',#2100,#2101,#1238,.T.);
#2624=EDGE_CURVE('',#2101,#2101,#1753,.T.);
#2625=EDGE_CURVE('',#2102,#2102,#1754,.T.);
#2626=EDGE_CURVE('',#2102,#2103,#1755,.T.);
#2627=EDGE_CURVE('',#2103,#2104,#1756,.T.);
#2628=EDGE_CURVE('',#2104,#2103,#1757,.T.);
#2629=EDGE_CURVE('',#2104,#2105,#1239,.T.);
#2630=EDGE_CURVE('',#2105,#2105,#1758,.T.);
#2631=EDGE_CURVE('',#2106,#2107,#15,.T.);
#2632=EDGE_CURVE('',#2107,#2106,#16,.T.);
#2633=EDGE_CURVE('',#2108,#2109,#17,.T.);
#2634=EDGE_CURVE('',#2109,#2108,#18,.T.);
#2635=EDGE_CURVE('',#2110,#2111,#1759,.T.);
#2636=EDGE_CURVE('',#2111,#2112,#1760,.T.);
#2637=EDGE_CURVE('',#2112,#2112,#1761,.T.);
#2638=EDGE_CURVE('',#2111,#2110,#1762,.T.);
#2639=EDGE_CURVE('',#2110,#2113,#1240,.T.);
#2640=EDGE_CURVE('',#2113,#2113,#1763,.T.);
#2641=EDGE_CURVE('',#2114,#2115,#19,.T.);
#2642=EDGE_CURVE('',#2115,#2114,#20,.T.);
#2643=EDGE_CURVE('',#2116,#2117,#21,.T.);
#2644=EDGE_CURVE('',#2117,#2116,#22,.T.);
#2645=EDGE_CURVE('',#2107,#2115,#1241,.T.);
#2646=EDGE_CURVE('',#2117,#2109,#1242,.T.);
#2647=ORIENTED_EDGE('',*,*,#2118,.F.);
#2648=ORIENTED_EDGE('',*,*,#2119,.T.);
#2649=ORIENTED_EDGE('',*,*,#2120,.F.);
#2650=ORIENTED_EDGE('',*,*,#2119,.F.);
#2651=ORIENTED_EDGE('',*,*,#2121,.F.);
#2652=ORIENTED_EDGE('',*,*,#2122,.T.);
#2653=ORIENTED_EDGE('',*,*,#2123,.F.);
#2654=ORIENTED_EDGE('',*,*,#2122,.F.);
#2655=ORIENTED_EDGE('',*,*,#2124,.F.);
#2656=ORIENTED_EDGE('',*,*,#2125,.T.);
#2657=ORIENTED_EDGE('',*,*,#2126,.F.);
#2658=ORIENTED_EDGE('',*,*,#2125,.F.);
#2659=ORIENTED_EDGE('',*,*,#2127,.F.);
#2660=ORIENTED_EDGE('',*,*,#2128,.T.);
#2661=ORIENTED_EDGE('',*,*,#2129,.F.);
#2662=ORIENTED_EDGE('',*,*,#2128,.F.);
#2663=ORIENTED_EDGE('',*,*,#2130,.F.);
#2664=ORIENTED_EDGE('',*,*,#2131,.T.);
#2665=ORIENTED_EDGE('',*,*,#2132,.F.);
#2666=ORIENTED_EDGE('',*,*,#2131,.F.);
#2667=ORIENTED_EDGE('',*,*,#2133,.F.);
#2668=ORIENTED_EDGE('',*,*,#2134,.T.);
#2669=ORIENTED_EDGE('',*,*,#2135,.F.);
#2670=ORIENTED_EDGE('',*,*,#2134,.F.);
#2671=ORIENTED_EDGE('',*,*,#2136,.F.);
#2672=ORIENTED_EDGE('',*,*,#2137,.T.);
#2673=ORIENTED_EDGE('',*,*,#2138,.F.);
#2674=ORIENTED_EDGE('',*,*,#2137,.F.);
#2675=ORIENTED_EDGE('',*,*,#2139,.F.);
#2676=ORIENTED_EDGE('',*,*,#2140,.T.);
#2677=ORIENTED_EDGE('',*,*,#2141,.F.);
#2678=ORIENTED_EDGE('',*,*,#2140,.F.);
#2679=ORIENTED_EDGE('',*,*,#2142,.F.);
#2680=ORIENTED_EDGE('',*,*,#2143,.T.);
#2681=ORIENTED_EDGE('',*,*,#2144,.F.);
#2682=ORIENTED_EDGE('',*,*,#2143,.F.);
#2683=ORIENTED_EDGE('',*,*,#2145,.F.);
#2684=ORIENTED_EDGE('',*,*,#2146,.T.);
#2685=ORIENTED_EDGE('',*,*,#2147,.F.);
#2686=ORIENTED_EDGE('',*,*,#2146,.F.);
#2687=ORIENTED_EDGE('',*,*,#2148,.F.);
#2688=ORIENTED_EDGE('',*,*,#2149,.T.);
#2689=ORIENTED_EDGE('',*,*,#2150,.F.);
#2690=ORIENTED_EDGE('',*,*,#2149,.F.);
#2691=ORIENTED_EDGE('',*,*,#2151,.F.);
#2692=ORIENTED_EDGE('',*,*,#2152,.T.);
#2693=ORIENTED_EDGE('',*,*,#2153,.F.);
#2694=ORIENTED_EDGE('',*,*,#2152,.F.);
#2695=ORIENTED_EDGE('',*,*,#2154,.F.);
#2696=ORIENTED_EDGE('',*,*,#2155,.T.);
#2697=ORIENTED_EDGE('',*,*,#2156,.F.);
#2698=ORIENTED_EDGE('',*,*,#2155,.F.);
#2699=ORIENTED_EDGE('',*,*,#2157,.F.);
#2700=ORIENTED_EDGE('',*,*,#2158,.T.);
#2701=ORIENTED_EDGE('',*,*,#2159,.F.);
#2702=ORIENTED_EDGE('',*,*,#2158,.F.);
#2703=ORIENTED_EDGE('',*,*,#2160,.F.);
#2704=ORIENTED_EDGE('',*,*,#2161,.T.);
#2705=ORIENTED_EDGE('',*,*,#2162,.F.);
#2706=ORIENTED_EDGE('',*,*,#2161,.F.);
#2707=ORIENTED_EDGE('',*,*,#2163,.F.);
#2708=ORIENTED_EDGE('',*,*,#2164,.T.);
#2709=ORIENTED_EDGE('',*,*,#2165,.F.);
#2710=ORIENTED_EDGE('',*,*,#2164,.F.);
#2711=ORIENTED_EDGE('',*,*,#2166,.F.);
#2712=ORIENTED_EDGE('',*,*,#2167,.T.);
#2713=ORIENTED_EDGE('',*,*,#2168,.F.);
#2714=ORIENTED_EDGE('',*,*,#2167,.F.);
#2715=ORIENTED_EDGE('',*,*,#2169,.F.);
#2716=ORIENTED_EDGE('',*,*,#2170,.T.);
#2717=ORIENTED_EDGE('',*,*,#2171,.F.);
#2718=ORIENTED_EDGE('',*,*,#2170,.F.);
#2719=ORIENTED_EDGE('',*,*,#2172,.F.);
#2720=ORIENTED_EDGE('',*,*,#2173,.T.);
#2721=ORIENTED_EDGE('',*,*,#2174,.F.);
#2722=ORIENTED_EDGE('',*,*,#2173,.F.);
#2723=ORIENTED_EDGE('',*,*,#2175,.F.);
#2724=ORIENTED_EDGE('',*,*,#2176,.T.);
#2725=ORIENTED_EDGE('',*,*,#2177,.F.);
#2726=ORIENTED_EDGE('',*,*,#2176,.F.);
#2727=ORIENTED_EDGE('',*,*,#2178,.F.);
#2728=ORIENTED_EDGE('',*,*,#2179,.T.);
#2729=ORIENTED_EDGE('',*,*,#2180,.F.);
#2730=ORIENTED_EDGE('',*,*,#2179,.F.);
#2731=ORIENTED_EDGE('',*,*,#2181,.F.);
#2732=ORIENTED_EDGE('',*,*,#2182,.T.);
#2733=ORIENTED_EDGE('',*,*,#2183,.F.);
#2734=ORIENTED_EDGE('',*,*,#2182,.F.);
#2735=ORIENTED_EDGE('',*,*,#2184,.F.);
#2736=ORIENTED_EDGE('',*,*,#2185,.T.);
#2737=ORIENTED_EDGE('',*,*,#2186,.F.);
#2738=ORIENTED_EDGE('',*,*,#2185,.F.);
#2739=ORIENTED_EDGE('',*,*,#2187,.F.);
#2740=ORIENTED_EDGE('',*,*,#2188,.T.);
#2741=ORIENTED_EDGE('',*,*,#2189,.F.);
#2742=ORIENTED_EDGE('',*,*,#2188,.F.);
#2743=ORIENTED_EDGE('',*,*,#2190,.F.);
#2744=ORIENTED_EDGE('',*,*,#2191,.T.);
#2745=ORIENTED_EDGE('',*,*,#2192,.F.);
#2746=ORIENTED_EDGE('',*,*,#2191,.F.);
#2747=ORIENTED_EDGE('',*,*,#2193,.F.);
#2748=ORIENTED_EDGE('',*,*,#2194,.T.);
#2749=ORIENTED_EDGE('',*,*,#2195,.F.);
#2750=ORIENTED_EDGE('',*,*,#2194,.F.);
#2751=ORIENTED_EDGE('',*,*,#2196,.F.);
#2752=ORIENTED_EDGE('',*,*,#2197,.T.);
#2753=ORIENTED_EDGE('',*,*,#2198,.F.);
#2754=ORIENTED_EDGE('',*,*,#2197,.F.);
#2755=ORIENTED_EDGE('',*,*,#2199,.F.);
#2756=ORIENTED_EDGE('',*,*,#2200,.T.);
#2757=ORIENTED_EDGE('',*,*,#2201,.F.);
#2758=ORIENTED_EDGE('',*,*,#2200,.F.);
#2759=ORIENTED_EDGE('',*,*,#2202,.F.);
#2760=ORIENTED_EDGE('',*,*,#2203,.T.);
#2761=ORIENTED_EDGE('',*,*,#2204,.F.);
#2762=ORIENTED_EDGE('',*,*,#2203,.F.);
#2763=ORIENTED_EDGE('',*,*,#2205,.F.);
#2764=ORIENTED_EDGE('',*,*,#2206,.T.);
#2765=ORIENTED_EDGE('',*,*,#2207,.F.);
#2766=ORIENTED_EDGE('',*,*,#2206,.F.);
#2767=ORIENTED_EDGE('',*,*,#2208,.F.);
#2768=ORIENTED_EDGE('',*,*,#2209,.T.);
#2769=ORIENTED_EDGE('',*,*,#2210,.F.);
#2770=ORIENTED_EDGE('',*,*,#2209,.F.);
#2771=ORIENTED_EDGE('',*,*,#2211,.F.);
#2772=ORIENTED_EDGE('',*,*,#2212,.T.);
#2773=ORIENTED_EDGE('',*,*,#2213,.F.);
#2774=ORIENTED_EDGE('',*,*,#2212,.F.);
#2775=ORIENTED_EDGE('',*,*,#2214,.F.);
#2776=ORIENTED_EDGE('',*,*,#2215,.T.);
#2777=ORIENTED_EDGE('',*,*,#2216,.F.);
#2778=ORIENTED_EDGE('',*,*,#2215,.F.);
#2779=ORIENTED_EDGE('',*,*,#2217,.F.);
#2780=ORIENTED_EDGE('',*,*,#2218,.T.);
#2781=ORIENTED_EDGE('',*,*,#2219,.F.);
#2782=ORIENTED_EDGE('',*,*,#2218,.F.);
#2783=ORIENTED_EDGE('',*,*,#2220,.F.);
#2784=ORIENTED_EDGE('',*,*,#2221,.T.);
#2785=ORIENTED_EDGE('',*,*,#2222,.F.);
#2786=ORIENTED_EDGE('',*,*,#2221,.F.);
#2787=ORIENTED_EDGE('',*,*,#2223,.F.);
#2788=ORIENTED_EDGE('',*,*,#2224,.T.);
#2789=ORIENTED_EDGE('',*,*,#2225,.F.);
#2790=ORIENTED_EDGE('',*,*,#2224,.F.);
#2791=ORIENTED_EDGE('',*,*,#2226,.F.);
#2792=ORIENTED_EDGE('',*,*,#2227,.T.);
#2793=ORIENTED_EDGE('',*,*,#2228,.F.);
#2794=ORIENTED_EDGE('',*,*,#2227,.F.);
#2795=ORIENTED_EDGE('',*,*,#2229,.F.);
#2796=ORIENTED_EDGE('',*,*,#2230,.T.);
#2797=ORIENTED_EDGE('',*,*,#2231,.F.);
#2798=ORIENTED_EDGE('',*,*,#2230,.F.);
#2799=ORIENTED_EDGE('',*,*,#2232,.F.);
#2800=ORIENTED_EDGE('',*,*,#2233,.T.);
#2801=ORIENTED_EDGE('',*,*,#2234,.F.);
#2802=ORIENTED_EDGE('',*,*,#2233,.F.);
#2803=ORIENTED_EDGE('',*,*,#2235,.F.);
#2804=ORIENTED_EDGE('',*,*,#2236,.T.);
#2805=ORIENTED_EDGE('',*,*,#2237,.F.);
#2806=ORIENTED_EDGE('',*,*,#2236,.F.);
#2807=ORIENTED_EDGE('',*,*,#2238,.F.);
#2808=ORIENTED_EDGE('',*,*,#2239,.T.);
#2809=ORIENTED_EDGE('',*,*,#2240,.F.);
#2810=ORIENTED_EDGE('',*,*,#2239,.F.);
#2811=ORIENTED_EDGE('',*,*,#2241,.F.);
#2812=ORIENTED_EDGE('',*,*,#2242,.T.);
#2813=ORIENTED_EDGE('',*,*,#2243,.F.);
#2814=ORIENTED_EDGE('',*,*,#2242,.F.);
#2815=ORIENTED_EDGE('',*,*,#2244,.F.);
#2816=ORIENTED_EDGE('',*,*,#2245,.T.);
#2817=ORIENTED_EDGE('',*,*,#2246,.F.);
#2818=ORIENTED_EDGE('',*,*,#2245,.F.);
#2819=ORIENTED_EDGE('',*,*,#2247,.F.);
#2820=ORIENTED_EDGE('',*,*,#2248,.T.);
#2821=ORIENTED_EDGE('',*,*,#2249,.F.);
#2822=ORIENTED_EDGE('',*,*,#2248,.F.);
#2823=ORIENTED_EDGE('',*,*,#2250,.F.);
#2824=ORIENTED_EDGE('',*,*,#2251,.T.);
#2825=ORIENTED_EDGE('',*,*,#2252,.F.);
#2826=ORIENTED_EDGE('',*,*,#2251,.F.);
#2827=ORIENTED_EDGE('',*,*,#2253,.F.);
#2828=ORIENTED_EDGE('',*,*,#2254,.T.);
#2829=ORIENTED_EDGE('',*,*,#2255,.F.);
#2830=ORIENTED_EDGE('',*,*,#2254,.F.);
#2831=ORIENTED_EDGE('',*,*,#2256,.F.);
#2832=ORIENTED_EDGE('',*,*,#2257,.T.);
#2833=ORIENTED_EDGE('',*,*,#2258,.F.);
#2834=ORIENTED_EDGE('',*,*,#2257,.F.);
#2835=ORIENTED_EDGE('',*,*,#2259,.F.);
#2836=ORIENTED_EDGE('',*,*,#2260,.T.);
#2837=ORIENTED_EDGE('',*,*,#2261,.F.);
#2838=ORIENTED_EDGE('',*,*,#2260,.F.);
#2839=ORIENTED_EDGE('',*,*,#2262,.F.);
#2840=ORIENTED_EDGE('',*,*,#2263,.T.);
#2841=ORIENTED_EDGE('',*,*,#2264,.F.);
#2842=ORIENTED_EDGE('',*,*,#2263,.F.);
#2843=ORIENTED_EDGE('',*,*,#2265,.F.);
#2844=ORIENTED_EDGE('',*,*,#2266,.T.);
#2845=ORIENTED_EDGE('',*,*,#2267,.F.);
#2846=ORIENTED_EDGE('',*,*,#2266,.F.);
#2847=ORIENTED_EDGE('',*,*,#2268,.F.);
#2848=ORIENTED_EDGE('',*,*,#2269,.T.);
#2849=ORIENTED_EDGE('',*,*,#2270,.F.);
#2850=ORIENTED_EDGE('',*,*,#2269,.F.);
#2851=ORIENTED_EDGE('',*,*,#2271,.F.);
#2852=ORIENTED_EDGE('',*,*,#2272,.T.);
#2853=ORIENTED_EDGE('',*,*,#2273,.F.);
#2854=ORIENTED_EDGE('',*,*,#2272,.F.);
#2855=ORIENTED_EDGE('',*,*,#2274,.F.);
#2856=ORIENTED_EDGE('',*,*,#2275,.T.);
#2857=ORIENTED_EDGE('',*,*,#2276,.F.);
#2858=ORIENTED_EDGE('',*,*,#2275,.F.);
#2859=ORIENTED_EDGE('',*,*,#2277,.F.);
#2860=ORIENTED_EDGE('',*,*,#2278,.T.);
#2861=ORIENTED_EDGE('',*,*,#2279,.F.);
#2862=ORIENTED_EDGE('',*,*,#2278,.F.);
#2863=ORIENTED_EDGE('',*,*,#2280,.F.);
#2864=ORIENTED_EDGE('',*,*,#2281,.T.);
#2865=ORIENTED_EDGE('',*,*,#2282,.F.);
#2866=ORIENTED_EDGE('',*,*,#2281,.F.);
#2867=ORIENTED_EDGE('',*,*,#2283,.F.);
#2868=ORIENTED_EDGE('',*,*,#2284,.T.);
#2869=ORIENTED_EDGE('',*,*,#2285,.F.);
#2870=ORIENTED_EDGE('',*,*,#2284,.F.);
#2871=ORIENTED_EDGE('',*,*,#2286,.F.);
#2872=ORIENTED_EDGE('',*,*,#2287,.T.);
#2873=ORIENTED_EDGE('',*,*,#2288,.F.);
#2874=ORIENTED_EDGE('',*,*,#2287,.F.);
#2875=ORIENTED_EDGE('',*,*,#2289,.F.);
#2876=ORIENTED_EDGE('',*,*,#2290,.T.);
#2877=ORIENTED_EDGE('',*,*,#2291,.F.);
#2878=ORIENTED_EDGE('',*,*,#2290,.F.);
#2879=ORIENTED_EDGE('',*,*,#2292,.F.);
#2880=ORIENTED_EDGE('',*,*,#2293,.T.);
#2881=ORIENTED_EDGE('',*,*,#2294,.F.);
#2882=ORIENTED_EDGE('',*,*,#2293,.F.);
#2883=ORIENTED_EDGE('',*,*,#2295,.F.);
#2884=ORIENTED_EDGE('',*,*,#2296,.T.);
#2885=ORIENTED_EDGE('',*,*,#2297,.F.);
#2886=ORIENTED_EDGE('',*,*,#2296,.F.);
#2887=ORIENTED_EDGE('',*,*,#2298,.F.);
#2888=ORIENTED_EDGE('',*,*,#2299,.T.);
#2889=ORIENTED_EDGE('',*,*,#2300,.F.);
#2890=ORIENTED_EDGE('',*,*,#2299,.F.);
#2891=ORIENTED_EDGE('',*,*,#2301,.F.);
#2892=ORIENTED_EDGE('',*,*,#2302,.T.);
#2893=ORIENTED_EDGE('',*,*,#2303,.F.);
#2894=ORIENTED_EDGE('',*,*,#2302,.F.);
#2895=ORIENTED_EDGE('',*,*,#2304,.F.);
#2896=ORIENTED_EDGE('',*,*,#2305,.T.);
#2897=ORIENTED_EDGE('',*,*,#2306,.F.);
#2898=ORIENTED_EDGE('',*,*,#2305,.F.);
#2899=ORIENTED_EDGE('',*,*,#2307,.F.);
#2900=ORIENTED_EDGE('',*,*,#2308,.T.);
#2901=ORIENTED_EDGE('',*,*,#2309,.F.);
#2902=ORIENTED_EDGE('',*,*,#2308,.F.);
#2903=ORIENTED_EDGE('',*,*,#2310,.F.);
#2904=ORIENTED_EDGE('',*,*,#2311,.T.);
#2905=ORIENTED_EDGE('',*,*,#2312,.F.);
#2906=ORIENTED_EDGE('',*,*,#2311,.F.);
#2907=ORIENTED_EDGE('',*,*,#2313,.F.);
#2908=ORIENTED_EDGE('',*,*,#2314,.T.);
#2909=ORIENTED_EDGE('',*,*,#2315,.F.);
#2910=ORIENTED_EDGE('',*,*,#2314,.F.);
#2911=ORIENTED_EDGE('',*,*,#2316,.F.);
#2912=ORIENTED_EDGE('',*,*,#2317,.T.);
#2913=ORIENTED_EDGE('',*,*,#2318,.F.);
#2914=ORIENTED_EDGE('',*,*,#2317,.F.);
#2915=ORIENTED_EDGE('',*,*,#2319,.F.);
#2916=ORIENTED_EDGE('',*,*,#2320,.T.);
#2917=ORIENTED_EDGE('',*,*,#2321,.F.);
#2918=ORIENTED_EDGE('',*,*,#2320,.F.);
#2919=ORIENTED_EDGE('',*,*,#2322,.F.);
#2920=ORIENTED_EDGE('',*,*,#2323,.T.);
#2921=ORIENTED_EDGE('',*,*,#2324,.F.);
#2922=ORIENTED_EDGE('',*,*,#2323,.F.);
#2923=ORIENTED_EDGE('',*,*,#2325,.F.);
#2924=ORIENTED_EDGE('',*,*,#2326,.T.);
#2925=ORIENTED_EDGE('',*,*,#2327,.F.);
#2926=ORIENTED_EDGE('',*,*,#2326,.F.);
#2927=ORIENTED_EDGE('',*,*,#2328,.F.);
#2928=ORIENTED_EDGE('',*,*,#2329,.T.);
#2929=ORIENTED_EDGE('',*,*,#2330,.F.);
#2930=ORIENTED_EDGE('',*,*,#2329,.F.);
#2931=ORIENTED_EDGE('',*,*,#2331,.F.);
#2932=ORIENTED_EDGE('',*,*,#2332,.T.);
#2933=ORIENTED_EDGE('',*,*,#2333,.F.);
#2934=ORIENTED_EDGE('',*,*,#2332,.F.);
#2935=ORIENTED_EDGE('',*,*,#2334,.F.);
#2936=ORIENTED_EDGE('',*,*,#2335,.T.);
#2937=ORIENTED_EDGE('',*,*,#2336,.F.);
#2938=ORIENTED_EDGE('',*,*,#2335,.F.);
#2939=ORIENTED_EDGE('',*,*,#2337,.F.);
#2940=ORIENTED_EDGE('',*,*,#2338,.T.);
#2941=ORIENTED_EDGE('',*,*,#2339,.F.);
#2942=ORIENTED_EDGE('',*,*,#2338,.F.);
#2943=ORIENTED_EDGE('',*,*,#2340,.F.);
#2944=ORIENTED_EDGE('',*,*,#2341,.T.);
#2945=ORIENTED_EDGE('',*,*,#2342,.F.);
#2946=ORIENTED_EDGE('',*,*,#2341,.F.);
#2947=ORIENTED_EDGE('',*,*,#2343,.F.);
#2948=ORIENTED_EDGE('',*,*,#2344,.T.);
#2949=ORIENTED_EDGE('',*,*,#2345,.F.);
#2950=ORIENTED_EDGE('',*,*,#2344,.F.);
#2951=ORIENTED_EDGE('',*,*,#2346,.F.);
#2952=ORIENTED_EDGE('',*,*,#2347,.T.);
#2953=ORIENTED_EDGE('',*,*,#2348,.F.);
#2954=ORIENTED_EDGE('',*,*,#2347,.F.);
#2955=ORIENTED_EDGE('',*,*,#2349,.F.);
#2956=ORIENTED_EDGE('',*,*,#2350,.T.);
#2957=ORIENTED_EDGE('',*,*,#2351,.F.);
#2958=ORIENTED_EDGE('',*,*,#2350,.F.);
#2959=ORIENTED_EDGE('',*,*,#2352,.F.);
#2960=ORIENTED_EDGE('',*,*,#2353,.T.);
#2961=ORIENTED_EDGE('',*,*,#2354,.F.);
#2962=ORIENTED_EDGE('',*,*,#2353,.F.);
#2963=ORIENTED_EDGE('',*,*,#2355,.F.);
#2964=ORIENTED_EDGE('',*,*,#2356,.T.);
#2965=ORIENTED_EDGE('',*,*,#2357,.F.);
#2966=ORIENTED_EDGE('',*,*,#2356,.F.);
#2967=ORIENTED_EDGE('',*,*,#2358,.F.);
#2968=ORIENTED_EDGE('',*,*,#2359,.T.);
#2969=ORIENTED_EDGE('',*,*,#2360,.F.);
#2970=ORIENTED_EDGE('',*,*,#2359,.F.);
#2971=ORIENTED_EDGE('',*,*,#2361,.F.);
#2972=ORIENTED_EDGE('',*,*,#2362,.T.);
#2973=ORIENTED_EDGE('',*,*,#2363,.F.);
#2974=ORIENTED_EDGE('',*,*,#2362,.F.);
#2975=ORIENTED_EDGE('',*,*,#2364,.F.);
#2976=ORIENTED_EDGE('',*,*,#2365,.T.);
#2977=ORIENTED_EDGE('',*,*,#2366,.F.);
#2978=ORIENTED_EDGE('',*,*,#2365,.F.);
#2979=ORIENTED_EDGE('',*,*,#2367,.F.);
#2980=ORIENTED_EDGE('',*,*,#2368,.T.);
#2981=ORIENTED_EDGE('',*,*,#2369,.F.);
#2982=ORIENTED_EDGE('',*,*,#2368,.F.);
#2983=ORIENTED_EDGE('',*,*,#2370,.F.);
#2984=ORIENTED_EDGE('',*,*,#2371,.T.);
#2985=ORIENTED_EDGE('',*,*,#2372,.F.);
#2986=ORIENTED_EDGE('',*,*,#2371,.F.);
#2987=ORIENTED_EDGE('',*,*,#2373,.F.);
#2988=ORIENTED_EDGE('',*,*,#2374,.T.);
#2989=ORIENTED_EDGE('',*,*,#2375,.F.);
#2990=ORIENTED_EDGE('',*,*,#2374,.F.);
#2991=ORIENTED_EDGE('',*,*,#2376,.F.);
#2992=ORIENTED_EDGE('',*,*,#2377,.T.);
#2993=ORIENTED_EDGE('',*,*,#2378,.F.);
#2994=ORIENTED_EDGE('',*,*,#2377,.F.);
#2995=ORIENTED_EDGE('',*,*,#2379,.F.);
#2996=ORIENTED_EDGE('',*,*,#2380,.T.);
#2997=ORIENTED_EDGE('',*,*,#2381,.F.);
#2998=ORIENTED_EDGE('',*,*,#2380,.F.);
#2999=ORIENTED_EDGE('',*,*,#2382,.F.);
#3000=ORIENTED_EDGE('',*,*,#2383,.T.);
#3001=ORIENTED_EDGE('',*,*,#2384,.F.);
#3002=ORIENTED_EDGE('',*,*,#2383,.F.);
#3003=ORIENTED_EDGE('',*,*,#2385,.F.);
#3004=ORIENTED_EDGE('',*,*,#2386,.T.);
#3005=ORIENTED_EDGE('',*,*,#2387,.F.);
#3006=ORIENTED_EDGE('',*,*,#2386,.F.);
#3007=ORIENTED_EDGE('',*,*,#2388,.F.);
#3008=ORIENTED_EDGE('',*,*,#2389,.T.);
#3009=ORIENTED_EDGE('',*,*,#2390,.F.);
#3010=ORIENTED_EDGE('',*,*,#2389,.F.);
#3011=ORIENTED_EDGE('',*,*,#2391,.F.);
#3012=ORIENTED_EDGE('',*,*,#2392,.T.);
#3013=ORIENTED_EDGE('',*,*,#2393,.F.);
#3014=ORIENTED_EDGE('',*,*,#2392,.F.);
#3015=ORIENTED_EDGE('',*,*,#2394,.F.);
#3016=ORIENTED_EDGE('',*,*,#2395,.T.);
#3017=ORIENTED_EDGE('',*,*,#2396,.F.);
#3018=ORIENTED_EDGE('',*,*,#2395,.F.);
#3019=ORIENTED_EDGE('',*,*,#2397,.F.);
#3020=ORIENTED_EDGE('',*,*,#2398,.T.);
#3021=ORIENTED_EDGE('',*,*,#2399,.F.);
#3022=ORIENTED_EDGE('',*,*,#2398,.F.);
#3023=ORIENTED_EDGE('',*,*,#2400,.F.);
#3024=ORIENTED_EDGE('',*,*,#2401,.T.);
#3025=ORIENTED_EDGE('',*,*,#2402,.F.);
#3026=ORIENTED_EDGE('',*,*,#2401,.F.);
#3027=ORIENTED_EDGE('',*,*,#2403,.F.);
#3028=ORIENTED_EDGE('',*,*,#2404,.T.);
#3029=ORIENTED_EDGE('',*,*,#2405,.F.);
#3030=ORIENTED_EDGE('',*,*,#2404,.F.);
#3031=ORIENTED_EDGE('',*,*,#2406,.F.);
#3032=ORIENTED_EDGE('',*,*,#2407,.T.);
#3033=ORIENTED_EDGE('',*,*,#2408,.F.);
#3034=ORIENTED_EDGE('',*,*,#2407,.F.);
#3035=ORIENTED_EDGE('',*,*,#2409,.F.);
#3036=ORIENTED_EDGE('',*,*,#2410,.T.);
#3037=ORIENTED_EDGE('',*,*,#2411,.F.);
#3038=ORIENTED_EDGE('',*,*,#2410,.F.);
#3039=ORIENTED_EDGE('',*,*,#2412,.F.);
#3040=ORIENTED_EDGE('',*,*,#2413,.T.);
#3041=ORIENTED_EDGE('',*,*,#2414,.F.);
#3042=ORIENTED_EDGE('',*,*,#2413,.F.);
#3043=ORIENTED_EDGE('',*,*,#2415,.F.);
#3044=ORIENTED_EDGE('',*,*,#2416,.T.);
#3045=ORIENTED_EDGE('',*,*,#2417,.F.);
#3046=ORIENTED_EDGE('',*,*,#2416,.F.);
#3047=ORIENTED_EDGE('',*,*,#2418,.F.);
#3048=ORIENTED_EDGE('',*,*,#2419,.T.);
#3049=ORIENTED_EDGE('',*,*,#2420,.F.);
#3050=ORIENTED_EDGE('',*,*,#2419,.F.);
#3051=ORIENTED_EDGE('',*,*,#2421,.F.);
#3052=ORIENTED_EDGE('',*,*,#2422,.T.);
#3053=ORIENTED_EDGE('',*,*,#2423,.F.);
#3054=ORIENTED_EDGE('',*,*,#2422,.F.);
#3055=ORIENTED_EDGE('',*,*,#2424,.F.);
#3056=ORIENTED_EDGE('',*,*,#2425,.T.);
#3057=ORIENTED_EDGE('',*,*,#2426,.F.);
#3058=ORIENTED_EDGE('',*,*,#2425,.F.);
#3059=ORIENTED_EDGE('',*,*,#2427,.F.);
#3060=ORIENTED_EDGE('',*,*,#2428,.T.);
#3061=ORIENTED_EDGE('',*,*,#2429,.F.);
#3062=ORIENTED_EDGE('',*,*,#2428,.F.);
#3063=ORIENTED_EDGE('',*,*,#2430,.F.);
#3064=ORIENTED_EDGE('',*,*,#2431,.T.);
#3065=ORIENTED_EDGE('',*,*,#2432,.F.);
#3066=ORIENTED_EDGE('',*,*,#2431,.F.);
#3067=ORIENTED_EDGE('',*,*,#2433,.F.);
#3068=ORIENTED_EDGE('',*,*,#2434,.T.);
#3069=ORIENTED_EDGE('',*,*,#2435,.F.);
#3070=ORIENTED_EDGE('',*,*,#2434,.F.);
#3071=ORIENTED_EDGE('',*,*,#2436,.F.);
#3072=ORIENTED_EDGE('',*,*,#2437,.T.);
#3073=ORIENTED_EDGE('',*,*,#2438,.F.);
#3074=ORIENTED_EDGE('',*,*,#2437,.F.);
#3075=ORIENTED_EDGE('',*,*,#2439,.F.);
#3076=ORIENTED_EDGE('',*,*,#2440,.T.);
#3077=ORIENTED_EDGE('',*,*,#2441,.F.);
#3078=ORIENTED_EDGE('',*,*,#2440,.F.);
#3079=ORIENTED_EDGE('',*,*,#2442,.F.);
#3080=ORIENTED_EDGE('',*,*,#2443,.T.);
#3081=ORIENTED_EDGE('',*,*,#2444,.F.);
#3082=ORIENTED_EDGE('',*,*,#2443,.F.);
#3083=ORIENTED_EDGE('',*,*,#2445,.F.);
#3084=ORIENTED_EDGE('',*,*,#2446,.T.);
#3085=ORIENTED_EDGE('',*,*,#2447,.F.);
#3086=ORIENTED_EDGE('',*,*,#2446,.F.);
#3087=ORIENTED_EDGE('',*,*,#2448,.F.);
#3088=ORIENTED_EDGE('',*,*,#2449,.T.);
#3089=ORIENTED_EDGE('',*,*,#2450,.F.);
#3090=ORIENTED_EDGE('',*,*,#2449,.F.);
#3091=ORIENTED_EDGE('',*,*,#2451,.F.);
#3092=ORIENTED_EDGE('',*,*,#2452,.T.);
#3093=ORIENTED_EDGE('',*,*,#2453,.F.);
#3094=ORIENTED_EDGE('',*,*,#2452,.F.);
#3095=ORIENTED_EDGE('',*,*,#2454,.F.);
#3096=ORIENTED_EDGE('',*,*,#2455,.T.);
#3097=ORIENTED_EDGE('',*,*,#2456,.F.);
#3098=ORIENTED_EDGE('',*,*,#2455,.F.);
#3099=ORIENTED_EDGE('',*,*,#2457,.F.);
#3100=ORIENTED_EDGE('',*,*,#2458,.T.);
#3101=ORIENTED_EDGE('',*,*,#2459,.F.);
#3102=ORIENTED_EDGE('',*,*,#2458,.F.);
#3103=ORIENTED_EDGE('',*,*,#2460,.F.);
#3104=ORIENTED_EDGE('',*,*,#2461,.T.);
#3105=ORIENTED_EDGE('',*,*,#2462,.F.);
#3106=ORIENTED_EDGE('',*,*,#2461,.F.);
#3107=ORIENTED_EDGE('',*,*,#2463,.F.);
#3108=ORIENTED_EDGE('',*,*,#2464,.T.);
#3109=ORIENTED_EDGE('',*,*,#2465,.F.);
#3110=ORIENTED_EDGE('',*,*,#2464,.F.);
#3111=ORIENTED_EDGE('',*,*,#2466,.F.);
#3112=ORIENTED_EDGE('',*,*,#2467,.T.);
#3113=ORIENTED_EDGE('',*,*,#2468,.F.);
#3114=ORIENTED_EDGE('',*,*,#2467,.F.);
#3115=ORIENTED_EDGE('',*,*,#2469,.F.);
#3116=ORIENTED_EDGE('',*,*,#2470,.T.);
#3117=ORIENTED_EDGE('',*,*,#2471,.F.);
#3118=ORIENTED_EDGE('',*,*,#2470,.F.);
#3119=ORIENTED_EDGE('',*,*,#2472,.F.);
#3120=ORIENTED_EDGE('',*,*,#2473,.T.);
#3121=ORIENTED_EDGE('',*,*,#2474,.F.);
#3122=ORIENTED_EDGE('',*,*,#2473,.F.);
#3123=ORIENTED_EDGE('',*,*,#2475,.F.);
#3124=ORIENTED_EDGE('',*,*,#2476,.T.);
#3125=ORIENTED_EDGE('',*,*,#2477,.F.);
#3126=ORIENTED_EDGE('',*,*,#2476,.F.);
#3127=ORIENTED_EDGE('',*,*,#2478,.F.);
#3128=ORIENTED_EDGE('',*,*,#2479,.T.);
#3129=ORIENTED_EDGE('',*,*,#2480,.F.);
#3130=ORIENTED_EDGE('',*,*,#2479,.F.);
#3131=ORIENTED_EDGE('',*,*,#2481,.F.);
#3132=ORIENTED_EDGE('',*,*,#2482,.T.);
#3133=ORIENTED_EDGE('',*,*,#2483,.F.);
#3134=ORIENTED_EDGE('',*,*,#2482,.F.);
#3135=ORIENTED_EDGE('',*,*,#2484,.F.);
#3136=ORIENTED_EDGE('',*,*,#2485,.T.);
#3137=ORIENTED_EDGE('',*,*,#2486,.F.);
#3138=ORIENTED_EDGE('',*,*,#2485,.F.);
#3139=ORIENTED_EDGE('',*,*,#2487,.F.);
#3140=ORIENTED_EDGE('',*,*,#2488,.T.);
#3141=ORIENTED_EDGE('',*,*,#2489,.F.);
#3142=ORIENTED_EDGE('',*,*,#2488,.F.);
#3143=ORIENTED_EDGE('',*,*,#2490,.F.);
#3144=ORIENTED_EDGE('',*,*,#2491,.T.);
#3145=ORIENTED_EDGE('',*,*,#2492,.F.);
#3146=ORIENTED_EDGE('',*,*,#2491,.F.);
#3147=ORIENTED_EDGE('',*,*,#2493,.F.);
#3148=ORIENTED_EDGE('',*,*,#2494,.T.);
#3149=ORIENTED_EDGE('',*,*,#2495,.F.);
#3150=ORIENTED_EDGE('',*,*,#2494,.F.);
#3151=ORIENTED_EDGE('',*,*,#2496,.F.);
#3152=ORIENTED_EDGE('',*,*,#2497,.T.);
#3153=ORIENTED_EDGE('',*,*,#2498,.F.);
#3154=ORIENTED_EDGE('',*,*,#2497,.F.);
#3155=ORIENTED_EDGE('',*,*,#2499,.F.);
#3156=ORIENTED_EDGE('',*,*,#2500,.T.);
#3157=ORIENTED_EDGE('',*,*,#2501,.F.);
#3158=ORIENTED_EDGE('',*,*,#2500,.F.);
#3159=ORIENTED_EDGE('',*,*,#2502,.F.);
#3160=ORIENTED_EDGE('',*,*,#2503,.T.);
#3161=ORIENTED_EDGE('',*,*,#2504,.F.);
#3162=ORIENTED_EDGE('',*,*,#2503,.F.);
#3163=ORIENTED_EDGE('',*,*,#2505,.F.);
#3164=ORIENTED_EDGE('',*,*,#2506,.T.);
#3165=ORIENTED_EDGE('',*,*,#2507,.F.);
#3166=ORIENTED_EDGE('',*,*,#2506,.F.);
#3167=ORIENTED_EDGE('',*,*,#2508,.F.);
#3168=ORIENTED_EDGE('',*,*,#2509,.T.);
#3169=ORIENTED_EDGE('',*,*,#2510,.F.);
#3170=ORIENTED_EDGE('',*,*,#2509,.F.);
#3171=ORIENTED_EDGE('',*,*,#2511,.F.);
#3172=ORIENTED_EDGE('',*,*,#2512,.T.);
#3173=ORIENTED_EDGE('',*,*,#2513,.F.);
#3174=ORIENTED_EDGE('',*,*,#2512,.F.);
#3175=ORIENTED_EDGE('',*,*,#2514,.F.);
#3176=ORIENTED_EDGE('',*,*,#2515,.T.);
#3177=ORIENTED_EDGE('',*,*,#2516,.F.);
#3178=ORIENTED_EDGE('',*,*,#2515,.F.);
#3179=ORIENTED_EDGE('',*,*,#2517,.F.);
#3180=ORIENTED_EDGE('',*,*,#2518,.T.);
#3181=ORIENTED_EDGE('',*,*,#2519,.F.);
#3182=ORIENTED_EDGE('',*,*,#2518,.F.);
#3183=ORIENTED_EDGE('',*,*,#2520,.F.);
#3184=ORIENTED_EDGE('',*,*,#2521,.T.);
#3185=ORIENTED_EDGE('',*,*,#2522,.F.);
#3186=ORIENTED_EDGE('',*,*,#2521,.F.);
#3187=ORIENTED_EDGE('',*,*,#2523,.F.);
#3188=ORIENTED_EDGE('',*,*,#2524,.T.);
#3189=ORIENTED_EDGE('',*,*,#2525,.F.);
#3190=ORIENTED_EDGE('',*,*,#2524,.F.);
#3191=ORIENTED_EDGE('',*,*,#2526,.F.);
#3192=ORIENTED_EDGE('',*,*,#2527,.T.);
#3193=ORIENTED_EDGE('',*,*,#2528,.F.);
#3194=ORIENTED_EDGE('',*,*,#2527,.F.);
#3195=ORIENTED_EDGE('',*,*,#2529,.F.);
#3196=ORIENTED_EDGE('',*,*,#2530,.T.);
#3197=ORIENTED_EDGE('',*,*,#2531,.F.);
#3198=ORIENTED_EDGE('',*,*,#2530,.F.);
#3199=ORIENTED_EDGE('',*,*,#2532,.F.);
#3200=ORIENTED_EDGE('',*,*,#2533,.T.);
#3201=ORIENTED_EDGE('',*,*,#2534,.F.);
#3202=ORIENTED_EDGE('',*,*,#2533,.F.);
#3203=ORIENTED_EDGE('',*,*,#2535,.F.);
#3204=ORIENTED_EDGE('',*,*,#2536,.T.);
#3205=ORIENTED_EDGE('',*,*,#2537,.F.);
#3206=ORIENTED_EDGE('',*,*,#2536,.F.);
#3207=ORIENTED_EDGE('',*,*,#2538,.F.);
#3208=ORIENTED_EDGE('',*,*,#2539,.T.);
#3209=ORIENTED_EDGE('',*,*,#2540,.F.);
#3210=ORIENTED_EDGE('',*,*,#2539,.F.);
#3211=ORIENTED_EDGE('',*,*,#2541,.F.);
#3212=ORIENTED_EDGE('',*,*,#2542,.T.);
#3213=ORIENTED_EDGE('',*,*,#2543,.F.);
#3214=ORIENTED_EDGE('',*,*,#2542,.F.);
#3215=ORIENTED_EDGE('',*,*,#2544,.F.);
#3216=ORIENTED_EDGE('',*,*,#2545,.T.);
#3217=ORIENTED_EDGE('',*,*,#2546,.F.);
#3218=ORIENTED_EDGE('',*,*,#2545,.F.);
#3219=ORIENTED_EDGE('',*,*,#2547,.F.);
#3220=ORIENTED_EDGE('',*,*,#2548,.T.);
#3221=ORIENTED_EDGE('',*,*,#2549,.F.);
#3222=ORIENTED_EDGE('',*,*,#2548,.F.);
#3223=ORIENTED_EDGE('',*,*,#2550,.F.);
#3224=ORIENTED_EDGE('',*,*,#2551,.T.);
#3225=ORIENTED_EDGE('',*,*,#2552,.F.);
#3226=ORIENTED_EDGE('',*,*,#2551,.F.);
#3227=ORIENTED_EDGE('',*,*,#2553,.F.);
#3228=ORIENTED_EDGE('',*,*,#2554,.T.);
#3229=ORIENTED_EDGE('',*,*,#2555,.F.);
#3230=ORIENTED_EDGE('',*,*,#2554,.F.);
#3231=ORIENTED_EDGE('',*,*,#2556,.F.);
#3232=ORIENTED_EDGE('',*,*,#2557,.T.);
#3233=ORIENTED_EDGE('',*,*,#2558,.F.);
#3234=ORIENTED_EDGE('',*,*,#2557,.F.);
#3235=ORIENTED_EDGE('',*,*,#2559,.F.);
#3236=ORIENTED_EDGE('',*,*,#2560,.T.);
#3237=ORIENTED_EDGE('',*,*,#2561,.F.);
#3238=ORIENTED_EDGE('',*,*,#2560,.F.);
#3239=ORIENTED_EDGE('',*,*,#2562,.F.);
#3240=ORIENTED_EDGE('',*,*,#2563,.T.);
#3241=ORIENTED_EDGE('',*,*,#2564,.F.);
#3242=ORIENTED_EDGE('',*,*,#2563,.F.);
#3243=ORIENTED_EDGE('',*,*,#2565,.F.);
#3244=ORIENTED_EDGE('',*,*,#2566,.T.);
#3245=ORIENTED_EDGE('',*,*,#2567,.F.);
#3246=ORIENTED_EDGE('',*,*,#2566,.F.);
#3247=ORIENTED_EDGE('',*,*,#2568,.F.);
#3248=ORIENTED_EDGE('',*,*,#2569,.T.);
#3249=ORIENTED_EDGE('',*,*,#2570,.F.);
#3250=ORIENTED_EDGE('',*,*,#2569,.F.);
#3251=ORIENTED_EDGE('',*,*,#2571,.F.);
#3252=ORIENTED_EDGE('',*,*,#2572,.T.);
#3253=ORIENTED_EDGE('',*,*,#2573,.F.);
#3254=ORIENTED_EDGE('',*,*,#2572,.F.);
#3255=ORIENTED_EDGE('',*,*,#2574,.F.);
#3256=ORIENTED_EDGE('',*,*,#2575,.T.);
#3257=ORIENTED_EDGE('',*,*,#2576,.F.);
#3258=ORIENTED_EDGE('',*,*,#2575,.F.);
#3259=ORIENTED_EDGE('',*,*,#2577,.F.);
#3260=ORIENTED_EDGE('',*,*,#2578,.T.);
#3261=ORIENTED_EDGE('',*,*,#2579,.F.);
#3262=ORIENTED_EDGE('',*,*,#2578,.F.);
#3263=ORIENTED_EDGE('',*,*,#2580,.F.);
#3264=ORIENTED_EDGE('',*,*,#2581,.T.);
#3265=ORIENTED_EDGE('',*,*,#2582,.F.);
#3266=ORIENTED_EDGE('',*,*,#2581,.F.);
#3267=ORIENTED_EDGE('',*,*,#2583,.F.);
#3268=ORIENTED_EDGE('',*,*,#2584,.T.);
#3269=ORIENTED_EDGE('',*,*,#2585,.F.);
#3270=ORIENTED_EDGE('',*,*,#2584,.F.);
#3271=ORIENTED_EDGE('',*,*,#2586,.F.);
#3272=ORIENTED_EDGE('',*,*,#2587,.T.);
#3273=ORIENTED_EDGE('',*,*,#2588,.F.);
#3274=ORIENTED_EDGE('',*,*,#2587,.F.);
#3275=ORIENTED_EDGE('',*,*,#2589,.F.);
#3276=ORIENTED_EDGE('',*,*,#2590,.T.);
#3277=ORIENTED_EDGE('',*,*,#2591,.F.);
#3278=ORIENTED_EDGE('',*,*,#2590,.F.);
#3279=ORIENTED_EDGE('',*,*,#2592,.F.);
#3280=ORIENTED_EDGE('',*,*,#2593,.T.);
#3281=ORIENTED_EDGE('',*,*,#2594,.F.);
#3282=ORIENTED_EDGE('',*,*,#2593,.F.);
#3283=ORIENTED_EDGE('',*,*,#2595,.F.);
#3284=ORIENTED_EDGE('',*,*,#2596,.T.);
#3285=ORIENTED_EDGE('',*,*,#2597,.F.);
#3286=ORIENTED_EDGE('',*,*,#2596,.F.);
#3287=ORIENTED_EDGE('',*,*,#2598,.F.);
#3288=ORIENTED_EDGE('',*,*,#2599,.T.);
#3289=ORIENTED_EDGE('',*,*,#2600,.F.);
#3290=ORIENTED_EDGE('',*,*,#2599,.F.);
#3291=ORIENTED_EDGE('',*,*,#2601,.F.);
#3292=ORIENTED_EDGE('',*,*,#2602,.T.);
#3293=ORIENTED_EDGE('',*,*,#2603,.F.);
#3294=ORIENTED_EDGE('',*,*,#2602,.F.);
#3295=ORIENTED_EDGE('',*,*,#2604,.F.);
#3296=ORIENTED_EDGE('',*,*,#2605,.T.);
#3297=ORIENTED_EDGE('',*,*,#2606,.F.);
#3298=ORIENTED_EDGE('',*,*,#2605,.F.);
#3299=ORIENTED_EDGE('',*,*,#2607,.F.);
#3300=ORIENTED_EDGE('',*,*,#2608,.T.);
#3301=ORIENTED_EDGE('',*,*,#2609,.F.);
#3302=ORIENTED_EDGE('',*,*,#2608,.F.);
#3303=ORIENTED_EDGE('',*,*,#2610,.F.);
#3304=ORIENTED_EDGE('',*,*,#2611,.T.);
#3305=ORIENTED_EDGE('',*,*,#2612,.F.);
#3306=ORIENTED_EDGE('',*,*,#2611,.F.);
#3307=ORIENTED_EDGE('',*,*,#2613,.F.);
#3308=ORIENTED_EDGE('',*,*,#2614,.T.);
#3309=ORIENTED_EDGE('',*,*,#2615,.F.);
#3310=ORIENTED_EDGE('',*,*,#2614,.F.);
#3311=ORIENTED_EDGE('',*,*,#2616,.F.);
#3312=ORIENTED_EDGE('',*,*,#2617,.T.);
#3313=ORIENTED_EDGE('',*,*,#2618,.F.);
#3314=ORIENTED_EDGE('',*,*,#2617,.F.);
#3315=ORIENTED_EDGE('',*,*,#2619,.F.);
#3316=ORIENTED_EDGE('',*,*,#2620,.T.);
#3317=ORIENTED_EDGE('',*,*,#2621,.F.);
#3318=ORIENTED_EDGE('',*,*,#2620,.F.);
#3319=ORIENTED_EDGE('',*,*,#2622,.F.);
#3320=ORIENTED_EDGE('',*,*,#2623,.T.);
#3321=ORIENTED_EDGE('',*,*,#2624,.F.);
#3322=ORIENTED_EDGE('',*,*,#2623,.F.);
#3323=ORIENTED_EDGE('',*,*,#2625,.T.);
#3324=ORIENTED_EDGE('',*,*,#2626,.T.);
#3325=ORIENTED_EDGE('',*,*,#2627,.T.);
#3326=ORIENTED_EDGE('',*,*,#2628,.T.);
#3327=ORIENTED_EDGE('',*,*,#2626,.F.);
#3328=ORIENTED_EDGE('',*,*,#2625,.F.);
#3329=ORIENTED_EDGE('',*,*,#2118,.T.);
#3330=ORIENTED_EDGE('',*,*,#2121,.T.);
#3331=ORIENTED_EDGE('',*,*,#2124,.T.);
#3332=ORIENTED_EDGE('',*,*,#2127,.T.);
#3333=ORIENTED_EDGE('',*,*,#2130,.T.);
#3334=ORIENTED_EDGE('',*,*,#2133,.T.);
#3335=ORIENTED_EDGE('',*,*,#2136,.T.);
#3336=ORIENTED_EDGE('',*,*,#2139,.T.);
#3337=ORIENTED_EDGE('',*,*,#2142,.T.);
#3338=ORIENTED_EDGE('',*,*,#2145,.T.);
#3339=ORIENTED_EDGE('',*,*,#2148,.T.);
#3340=ORIENTED_EDGE('',*,*,#2151,.T.);
#3341=ORIENTED_EDGE('',*,*,#2154,.T.);
#3342=ORIENTED_EDGE('',*,*,#2157,.T.);
#3343=ORIENTED_EDGE('',*,*,#2160,.T.);
#3344=ORIENTED_EDGE('',*,*,#2163,.T.);
#3345=ORIENTED_EDGE('',*,*,#2166,.T.);
#3346=ORIENTED_EDGE('',*,*,#2169,.T.);
#3347=ORIENTED_EDGE('',*,*,#2172,.T.);
#3348=ORIENTED_EDGE('',*,*,#2175,.T.);
#3349=ORIENTED_EDGE('',*,*,#2178,.T.);
#3350=ORIENTED_EDGE('',*,*,#2181,.T.);
#3351=ORIENTED_EDGE('',*,*,#2184,.T.);
#3352=ORIENTED_EDGE('',*,*,#2187,.T.);
#3353=ORIENTED_EDGE('',*,*,#2190,.T.);
#3354=ORIENTED_EDGE('',*,*,#2193,.T.);
#3355=ORIENTED_EDGE('',*,*,#2196,.T.);
#3356=ORIENTED_EDGE('',*,*,#2199,.T.);
#3357=ORIENTED_EDGE('',*,*,#2202,.T.);
#3358=ORIENTED_EDGE('',*,*,#2205,.T.);
#3359=ORIENTED_EDGE('',*,*,#2208,.T.);
#3360=ORIENTED_EDGE('',*,*,#2211,.T.);
#3361=ORIENTED_EDGE('',*,*,#2214,.T.);
#3362=ORIENTED_EDGE('',*,*,#2217,.T.);
#3363=ORIENTED_EDGE('',*,*,#2220,.T.);
#3364=ORIENTED_EDGE('',*,*,#2223,.T.);
#3365=ORIENTED_EDGE('',*,*,#2226,.T.);
#3366=ORIENTED_EDGE('',*,*,#2229,.T.);
#3367=ORIENTED_EDGE('',*,*,#2232,.T.);
#3368=ORIENTED_EDGE('',*,*,#2235,.T.);
#3369=ORIENTED_EDGE('',*,*,#2238,.T.);
#3370=ORIENTED_EDGE('',*,*,#2241,.T.);
#3371=ORIENTED_EDGE('',*,*,#2244,.T.);
#3372=ORIENTED_EDGE('',*,*,#2247,.T.);
#3373=ORIENTED_EDGE('',*,*,#2250,.T.);
#3374=ORIENTED_EDGE('',*,*,#2253,.T.);
#3375=ORIENTED_EDGE('',*,*,#2256,.T.);
#3376=ORIENTED_EDGE('',*,*,#2259,.T.);
#3377=ORIENTED_EDGE('',*,*,#2262,.T.);
#3378=ORIENTED_EDGE('',*,*,#2265,.T.);
#3379=ORIENTED_EDGE('',*,*,#2268,.T.);
#3380=ORIENTED_EDGE('',*,*,#2271,.T.);
#3381=ORIENTED_EDGE('',*,*,#2274,.T.);
#3382=ORIENTED_EDGE('',*,*,#2277,.T.);
#3383=ORIENTED_EDGE('',*,*,#2280,.T.);
#3384=ORIENTED_EDGE('',*,*,#2283,.T.);
#3385=ORIENTED_EDGE('',*,*,#2286,.T.);
#3386=ORIENTED_EDGE('',*,*,#2289,.T.);
#3387=ORIENTED_EDGE('',*,*,#2292,.T.);
#3388=ORIENTED_EDGE('',*,*,#2295,.T.);
#3389=ORIENTED_EDGE('',*,*,#2298,.T.);
#3390=ORIENTED_EDGE('',*,*,#2301,.T.);
#3391=ORIENTED_EDGE('',*,*,#2304,.T.);
#3392=ORIENTED_EDGE('',*,*,#2307,.T.);
#3393=ORIENTED_EDGE('',*,*,#2310,.T.);
#3394=ORIENTED_EDGE('',*,*,#2313,.T.);
#3395=ORIENTED_EDGE('',*,*,#2316,.T.);
#3396=ORIENTED_EDGE('',*,*,#2319,.T.);
#3397=ORIENTED_EDGE('',*,*,#2322,.T.);
#3398=ORIENTED_EDGE('',*,*,#2325,.T.);
#3399=ORIENTED_EDGE('',*,*,#2328,.T.);
#3400=ORIENTED_EDGE('',*,*,#2331,.T.);
#3401=ORIENTED_EDGE('',*,*,#2334,.T.);
#3402=ORIENTED_EDGE('',*,*,#2337,.T.);
#3403=ORIENTED_EDGE('',*,*,#2340,.T.);
#3404=ORIENTED_EDGE('',*,*,#2343,.T.);
#3405=ORIENTED_EDGE('',*,*,#2346,.T.);
#3406=ORIENTED_EDGE('',*,*,#2349,.T.);
#3407=ORIENTED_EDGE('',*,*,#2352,.T.);
#3408=ORIENTED_EDGE('',*,*,#2355,.T.);
#3409=ORIENTED_EDGE('',*,*,#2358,.T.);
#3410=ORIENTED_EDGE('',*,*,#2361,.T.);
#3411=ORIENTED_EDGE('',*,*,#2364,.T.);
#3412=ORIENTED_EDGE('',*,*,#2367,.T.);
#3413=ORIENTED_EDGE('',*,*,#2370,.T.);
#3414=ORIENTED_EDGE('',*,*,#2373,.T.);
#3415=ORIENTED_EDGE('',*,*,#2376,.T.);
#3416=ORIENTED_EDGE('',*,*,#2379,.T.);
#3417=ORIENTED_EDGE('',*,*,#2382,.T.);
#3418=ORIENTED_EDGE('',*,*,#2385,.T.);
#3419=ORIENTED_EDGE('',*,*,#2388,.T.);
#3420=ORIENTED_EDGE('',*,*,#2391,.T.);
#3421=ORIENTED_EDGE('',*,*,#2394,.T.);
#3422=ORIENTED_EDGE('',*,*,#2397,.T.);
#3423=ORIENTED_EDGE('',*,*,#2400,.T.);
#3424=ORIENTED_EDGE('',*,*,#2403,.T.);
#3425=ORIENTED_EDGE('',*,*,#2406,.T.);
#3426=ORIENTED_EDGE('',*,*,#2409,.T.);
#3427=ORIENTED_EDGE('',*,*,#2412,.T.);
#3428=ORIENTED_EDGE('',*,*,#2415,.T.);
#3429=ORIENTED_EDGE('',*,*,#2418,.T.);
#3430=ORIENTED_EDGE('',*,*,#2421,.T.);
#3431=ORIENTED_EDGE('',*,*,#2424,.T.);
#3432=ORIENTED_EDGE('',*,*,#2427,.T.);
#3433=ORIENTED_EDGE('',*,*,#2430,.T.);
#3434=ORIENTED_EDGE('',*,*,#2433,.T.);
#3435=ORIENTED_EDGE('',*,*,#2436,.T.);
#3436=ORIENTED_EDGE('',*,*,#2439,.T.);
#3437=ORIENTED_EDGE('',*,*,#2442,.T.);
#3438=ORIENTED_EDGE('',*,*,#2445,.T.);
#3439=ORIENTED_EDGE('',*,*,#2448,.T.);
#3440=ORIENTED_EDGE('',*,*,#2451,.T.);
#3441=ORIENTED_EDGE('',*,*,#2454,.T.);
#3442=ORIENTED_EDGE('',*,*,#2457,.T.);
#3443=ORIENTED_EDGE('',*,*,#2460,.T.);
#3444=ORIENTED_EDGE('',*,*,#2463,.T.);
#3445=ORIENTED_EDGE('',*,*,#2466,.T.);
#3446=ORIENTED_EDGE('',*,*,#2469,.T.);
#3447=ORIENTED_EDGE('',*,*,#2472,.T.);
#3448=ORIENTED_EDGE('',*,*,#2475,.T.);
#3449=ORIENTED_EDGE('',*,*,#2478,.T.);
#3450=ORIENTED_EDGE('',*,*,#2481,.T.);
#3451=ORIENTED_EDGE('',*,*,#2484,.T.);
#3452=ORIENTED_EDGE('',*,*,#2487,.T.);
#3453=ORIENTED_EDGE('',*,*,#2490,.T.);
#3454=ORIENTED_EDGE('',*,*,#2493,.T.);
#3455=ORIENTED_EDGE('',*,*,#2496,.T.);
#3456=ORIENTED_EDGE('',*,*,#2499,.T.);
#3457=ORIENTED_EDGE('',*,*,#2502,.T.);
#3458=ORIENTED_EDGE('',*,*,#2505,.T.);
#3459=ORIENTED_EDGE('',*,*,#2508,.T.);
#3460=ORIENTED_EDGE('',*,*,#2511,.T.);
#3461=ORIENTED_EDGE('',*,*,#2514,.T.);
#3462=ORIENTED_EDGE('',*,*,#2517,.T.);
#3463=ORIENTED_EDGE('',*,*,#2520,.T.);
#3464=ORIENTED_EDGE('',*,*,#2523,.T.);
#3465=ORIENTED_EDGE('',*,*,#2526,.T.);
#3466=ORIENTED_EDGE('',*,*,#2529,.T.);
#3467=ORIENTED_EDGE('',*,*,#2532,.T.);
#3468=ORIENTED_EDGE('',*,*,#2535,.T.);
#3469=ORIENTED_EDGE('',*,*,#2538,.T.);
#3470=ORIENTED_EDGE('',*,*,#2541,.T.);
#3471=ORIENTED_EDGE('',*,*,#2544,.T.);
#3472=ORIENTED_EDGE('',*,*,#2547,.T.);
#3473=ORIENTED_EDGE('',*,*,#2550,.T.);
#3474=ORIENTED_EDGE('',*,*,#2553,.T.);
#3475=ORIENTED_EDGE('',*,*,#2556,.T.);
#3476=ORIENTED_EDGE('',*,*,#2559,.T.);
#3477=ORIENTED_EDGE('',*,*,#2562,.T.);
#3478=ORIENTED_EDGE('',*,*,#2565,.T.);
#3479=ORIENTED_EDGE('',*,*,#2568,.T.);
#3480=ORIENTED_EDGE('',*,*,#2571,.T.);
#3481=ORIENTED_EDGE('',*,*,#2574,.T.);
#3482=ORIENTED_EDGE('',*,*,#2577,.T.);
#3483=ORIENTED_EDGE('',*,*,#2580,.T.);
#3484=ORIENTED_EDGE('',*,*,#2583,.T.);
#3485=ORIENTED_EDGE('',*,*,#2586,.T.);
#3486=ORIENTED_EDGE('',*,*,#2589,.T.);
#3487=ORIENTED_EDGE('',*,*,#2592,.T.);
#3488=ORIENTED_EDGE('',*,*,#2595,.T.);
#3489=ORIENTED_EDGE('',*,*,#2598,.T.);
#3490=ORIENTED_EDGE('',*,*,#2601,.T.);
#3491=ORIENTED_EDGE('',*,*,#2604,.T.);
#3492=ORIENTED_EDGE('',*,*,#2607,.T.);
#3493=ORIENTED_EDGE('',*,*,#2610,.T.);
#3494=ORIENTED_EDGE('',*,*,#2613,.T.);
#3495=ORIENTED_EDGE('',*,*,#2616,.T.);
#3496=ORIENTED_EDGE('',*,*,#2619,.T.);
#3497=ORIENTED_EDGE('',*,*,#2622,.T.);
#3498=ORIENTED_EDGE('',*,*,#2628,.F.);
#3499=ORIENTED_EDGE('',*,*,#2629,.T.);
#3500=ORIENTED_EDGE('',*,*,#2630,.T.);
#3501=ORIENTED_EDGE('',*,*,#2629,.F.);
#3502=ORIENTED_EDGE('',*,*,#2627,.F.);
#3503=ORIENTED_EDGE('',*,*,#2631,.T.);
#3504=ORIENTED_EDGE('',*,*,#2632,.T.);
#3505=ORIENTED_EDGE('',*,*,#2633,.T.);
#3506=ORIENTED_EDGE('',*,*,#2634,.T.);
#3507=ORIENTED_EDGE('',*,*,#2635,.T.);
#3508=ORIENTED_EDGE('',*,*,#2636,.T.);
#3509=ORIENTED_EDGE('',*,*,#2637,.T.);
#3510=ORIENTED_EDGE('',*,*,#2636,.F.);
#3511=ORIENTED_EDGE('',*,*,#2638,.T.);
#3512=ORIENTED_EDGE('',*,*,#2637,.F.);
#3513=ORIENTED_EDGE('',*,*,#2120,.T.);
#3514=ORIENTED_EDGE('',*,*,#2123,.T.);
#3515=ORIENTED_EDGE('',*,*,#2126,.T.);
#3516=ORIENTED_EDGE('',*,*,#2129,.T.);
#3517=ORIENTED_EDGE('',*,*,#2132,.T.);
#3518=ORIENTED_EDGE('',*,*,#2135,.T.);
#3519=ORIENTED_EDGE('',*,*,#2138,.T.);
#3520=ORIENTED_EDGE('',*,*,#2141,.T.);
#3521=ORIENTED_EDGE('',*,*,#2144,.T.);
#3522=ORIENTED_EDGE('',*,*,#2147,.T.);
#3523=ORIENTED_EDGE('',*,*,#2150,.T.);
#3524=ORIENTED_EDGE('',*,*,#2153,.T.);
#3525=ORIENTED_EDGE('',*,*,#2156,.T.);
#3526=ORIENTED_EDGE('',*,*,#2159,.T.);
#3527=ORIENTED_EDGE('',*,*,#2162,.T.);
#3528=ORIENTED_EDGE('',*,*,#2165,.T.);
#3529=ORIENTED_EDGE('',*,*,#2168,.T.);
#3530=ORIENTED_EDGE('',*,*,#2171,.T.);
#3531=ORIENTED_EDGE('',*,*,#2174,.T.);
#3532=ORIENTED_EDGE('',*,*,#2177,.T.);
#3533=ORIENTED_EDGE('',*,*,#2180,.T.);
#3534=ORIENTED_EDGE('',*,*,#2183,.T.);
#3535=ORIENTED_EDGE('',*,*,#2186,.T.);
#3536=ORIENTED_EDGE('',*,*,#2189,.T.);
#3537=ORIENTED_EDGE('',*,*,#2192,.T.);
#3538=ORIENTED_EDGE('',*,*,#2195,.T.);
#3539=ORIENTED_EDGE('',*,*,#2198,.T.);
#3540=ORIENTED_EDGE('',*,*,#2201,.T.);
#3541=ORIENTED_EDGE('',*,*,#2204,.T.);
#3542=ORIENTED_EDGE('',*,*,#2207,.T.);
#3543=ORIENTED_EDGE('',*,*,#2210,.T.);
#3544=ORIENTED_EDGE('',*,*,#2213,.T.);
#3545=ORIENTED_EDGE('',*,*,#2216,.T.);
#3546=ORIENTED_EDGE('',*,*,#2219,.T.);
#3547=ORIENTED_EDGE('',*,*,#2222,.T.);
#3548=ORIENTED_EDGE('',*,*,#2225,.T.);
#3549=ORIENTED_EDGE('',*,*,#2228,.T.);
#3550=ORIENTED_EDGE('',*,*,#2231,.T.);
#3551=ORIENTED_EDGE('',*,*,#2234,.T.);
#3552=ORIENTED_EDGE('',*,*,#2237,.T.);
#3553=ORIENTED_EDGE('',*,*,#2240,.T.);
#3554=ORIENTED_EDGE('',*,*,#2243,.T.);
#3555=ORIENTED_EDGE('',*,*,#2246,.T.);
#3556=ORIENTED_EDGE('',*,*,#2249,.T.);
#3557=ORIENTED_EDGE('',*,*,#2252,.T.);
#3558=ORIENTED_EDGE('',*,*,#2255,.T.);
#3559=ORIENTED_EDGE('',*,*,#2258,.T.);
#3560=ORIENTED_EDGE('',*,*,#2261,.T.);
#3561=ORIENTED_EDGE('',*,*,#2264,.T.);
#3562=ORIENTED_EDGE('',*,*,#2267,.T.);
#3563=ORIENTED_EDGE('',*,*,#2270,.T.);
#3564=ORIENTED_EDGE('',*,*,#2273,.T.);
#3565=ORIENTED_EDGE('',*,*,#2276,.T.);
#3566=ORIENTED_EDGE('',*,*,#2279,.T.);
#3567=ORIENTED_EDGE('',*,*,#2282,.T.);
#3568=ORIENTED_EDGE('',*,*,#2285,.T.);
#3569=ORIENTED_EDGE('',*,*,#2288,.T.);
#3570=ORIENTED_EDGE('',*,*,#2291,.T.);
#3571=ORIENTED_EDGE('',*,*,#2294,.T.);
#3572=ORIENTED_EDGE('',*,*,#2297,.T.);
#3573=ORIENTED_EDGE('',*,*,#2300,.T.);
#3574=ORIENTED_EDGE('',*,*,#2303,.T.);
#3575=ORIENTED_EDGE('',*,*,#2306,.T.);
#3576=ORIENTED_EDGE('',*,*,#2309,.T.);
#3577=ORIENTED_EDGE('',*,*,#2312,.T.);
#3578=ORIENTED_EDGE('',*,*,#2315,.T.);
#3579=ORIENTED_EDGE('',*,*,#2318,.T.);
#3580=ORIENTED_EDGE('',*,*,#2321,.T.);
#3581=ORIENTED_EDGE('',*,*,#2324,.T.);
#3582=ORIENTED_EDGE('',*,*,#2327,.T.);
#3583=ORIENTED_EDGE('',*,*,#2330,.T.);
#3584=ORIENTED_EDGE('',*,*,#2333,.T.);
#3585=ORIENTED_EDGE('',*,*,#2336,.T.);
#3586=ORIENTED_EDGE('',*,*,#2339,.T.);
#3587=ORIENTED_EDGE('',*,*,#2342,.T.);
#3588=ORIENTED_EDGE('',*,*,#2345,.T.);
#3589=ORIENTED_EDGE('',*,*,#2348,.T.);
#3590=ORIENTED_EDGE('',*,*,#2351,.T.);
#3591=ORIENTED_EDGE('',*,*,#2354,.T.);
#3592=ORIENTED_EDGE('',*,*,#2357,.T.);
#3593=ORIENTED_EDGE('',*,*,#2360,.T.);
#3594=ORIENTED_EDGE('',*,*,#2363,.T.);
#3595=ORIENTED_EDGE('',*,*,#2366,.T.);
#3596=ORIENTED_EDGE('',*,*,#2369,.T.);
#3597=ORIENTED_EDGE('',*,*,#2372,.T.);
#3598=ORIENTED_EDGE('',*,*,#2375,.T.);
#3599=ORIENTED_EDGE('',*,*,#2378,.T.);
#3600=ORIENTED_EDGE('',*,*,#2381,.T.);
#3601=ORIENTED_EDGE('',*,*,#2384,.T.);
#3602=ORIENTED_EDGE('',*,*,#2387,.T.);
#3603=ORIENTED_EDGE('',*,*,#2390,.T.);
#3604=ORIENTED_EDGE('',*,*,#2393,.T.);
#3605=ORIENTED_EDGE('',*,*,#2396,.T.);
#3606=ORIENTED_EDGE('',*,*,#2399,.T.);
#3607=ORIENTED_EDGE('',*,*,#2402,.T.);
#3608=ORIENTED_EDGE('',*,*,#2405,.T.);
#3609=ORIENTED_EDGE('',*,*,#2408,.T.);
#3610=ORIENTED_EDGE('',*,*,#2411,.T.);
#3611=ORIENTED_EDGE('',*,*,#2414,.T.);
#3612=ORIENTED_EDGE('',*,*,#2417,.T.);
#3613=ORIENTED_EDGE('',*,*,#2420,.T.);
#3614=ORIENTED_EDGE('',*,*,#2423,.T.);
#3615=ORIENTED_EDGE('',*,*,#2426,.T.);
#3616=ORIENTED_EDGE('',*,*,#2429,.T.);
#3617=ORIENTED_EDGE('',*,*,#2432,.T.);
#3618=ORIENTED_EDGE('',*,*,#2435,.T.);
#3619=ORIENTED_EDGE('',*,*,#2438,.T.);
#3620=ORIENTED_EDGE('',*,*,#2441,.T.);
#3621=ORIENTED_EDGE('',*,*,#2444,.T.);
#3622=ORIENTED_EDGE('',*,*,#2447,.T.);
#3623=ORIENTED_EDGE('',*,*,#2450,.T.);
#3624=ORIENTED_EDGE('',*,*,#2453,.T.);
#3625=ORIENTED_EDGE('',*,*,#2456,.T.);
#3626=ORIENTED_EDGE('',*,*,#2459,.T.);
#3627=ORIENTED_EDGE('',*,*,#2462,.T.);
#3628=ORIENTED_EDGE('',*,*,#2465,.T.);
#3629=ORIENTED_EDGE('',*,*,#2468,.T.);
#3630=ORIENTED_EDGE('',*,*,#2471,.T.);
#3631=ORIENTED_EDGE('',*,*,#2474,.T.);
#3632=ORIENTED_EDGE('',*,*,#2477,.T.);
#3633=ORIENTED_EDGE('',*,*,#2480,.T.);
#3634=ORIENTED_EDGE('',*,*,#2483,.T.);
#3635=ORIENTED_EDGE('',*,*,#2486,.T.);
#3636=ORIENTED_EDGE('',*,*,#2489,.T.);
#3637=ORIENTED_EDGE('',*,*,#2492,.T.);
#3638=ORIENTED_EDGE('',*,*,#2495,.T.);
#3639=ORIENTED_EDGE('',*,*,#2498,.T.);
#3640=ORIENTED_EDGE('',*,*,#2501,.T.);
#3641=ORIENTED_EDGE('',*,*,#2504,.T.);
#3642=ORIENTED_EDGE('',*,*,#2507,.T.);
#3643=ORIENTED_EDGE('',*,*,#2510,.T.);
#3644=ORIENTED_EDGE('',*,*,#2513,.T.);
#3645=ORIENTED_EDGE('',*,*,#2516,.T.);
#3646=ORIENTED_EDGE('',*,*,#2519,.T.);
#3647=ORIENTED_EDGE('',*,*,#2522,.T.);
#3648=ORIENTED_EDGE('',*,*,#2525,.T.);
#3649=ORIENTED_EDGE('',*,*,#2528,.T.);
#3650=ORIENTED_EDGE('',*,*,#2531,.T.);
#3651=ORIENTED_EDGE('',*,*,#2534,.T.);
#3652=ORIENTED_EDGE('',*,*,#2537,.T.);
#3653=ORIENTED_EDGE('',*,*,#2540,.T.);
#3654=ORIENTED_EDGE('',*,*,#2543,.T.);
#3655=ORIENTED_EDGE('',*,*,#2546,.T.);
#3656=ORIENTED_EDGE('',*,*,#2549,.T.);
#3657=ORIENTED_EDGE('',*,*,#2552,.T.);
#3658=ORIENTED_EDGE('',*,*,#2555,.T.);
#3659=ORIENTED_EDGE('',*,*,#2558,.T.);
#3660=ORIENTED_EDGE('',*,*,#2561,.T.);
#3661=ORIENTED_EDGE('',*,*,#2564,.T.);
#3662=ORIENTED_EDGE('',*,*,#2567,.T.);
#3663=ORIENTED_EDGE('',*,*,#2570,.T.);
#3664=ORIENTED_EDGE('',*,*,#2573,.T.);
#3665=ORIENTED_EDGE('',*,*,#2576,.T.);
#3666=ORIENTED_EDGE('',*,*,#2579,.T.);
#3667=ORIENTED_EDGE('',*,*,#2582,.T.);
#3668=ORIENTED_EDGE('',*,*,#2585,.T.);
#3669=ORIENTED_EDGE('',*,*,#2588,.T.);
#3670=ORIENTED_EDGE('',*,*,#2591,.T.);
#3671=ORIENTED_EDGE('',*,*,#2594,.T.);
#3672=ORIENTED_EDGE('',*,*,#2597,.T.);
#3673=ORIENTED_EDGE('',*,*,#2600,.T.);
#3674=ORIENTED_EDGE('',*,*,#2603,.T.);
#3675=ORIENTED_EDGE('',*,*,#2606,.T.);
#3676=ORIENTED_EDGE('',*,*,#2609,.T.);
#3677=ORIENTED_EDGE('',*,*,#2612,.T.);
#3678=ORIENTED_EDGE('',*,*,#2615,.T.);
#3679=ORIENTED_EDGE('',*,*,#2618,.T.);
#3680=ORIENTED_EDGE('',*,*,#2621,.T.);
#3681=ORIENTED_EDGE('',*,*,#2624,.T.);
#3682=ORIENTED_EDGE('',*,*,#2635,.F.);
#3683=ORIENTED_EDGE('',*,*,#2639,.T.);
#3684=ORIENTED_EDGE('',*,*,#2640,.T.);
#3685=ORIENTED_EDGE('',*,*,#2639,.F.);
#3686=ORIENTED_EDGE('',*,*,#2638,.F.);
#3687=ORIENTED_EDGE('',*,*,#2641,.T.);
#3688=ORIENTED_EDGE('',*,*,#2642,.T.);
#3689=ORIENTED_EDGE('',*,*,#2643,.T.);
#3690=ORIENTED_EDGE('',*,*,#2644,.T.);
#3691=ORIENTED_EDGE('',*,*,#2631,.F.);
#3692=ORIENTED_EDGE('',*,*,#2632,.F.);
#3693=ORIENTED_EDGE('',*,*,#2645,.T.);
#3694=ORIENTED_EDGE('',*,*,#2641,.F.);
#3695=ORIENTED_EDGE('',*,*,#2642,.F.);
#3696=ORIENTED_EDGE('',*,*,#2645,.F.);
#3697=ORIENTED_EDGE('',*,*,#2643,.F.);
#3698=ORIENTED_EDGE('',*,*,#2644,.F.);
#3699=ORIENTED_EDGE('',*,*,#2646,.T.);
#3700=ORIENTED_EDGE('',*,*,#2633,.F.);
#3701=ORIENTED_EDGE('',*,*,#2634,.F.);
#3702=ORIENTED_EDGE('',*,*,#2646,.F.);
#3703=ORIENTED_EDGE('',*,*,#2630,.F.);
#3704=ORIENTED_EDGE('',*,*,#2640,.F.);
#3705=CYLINDRICAL_SURFACE('',#4058,0.75);
#3706=CYLINDRICAL_SURFACE('',#4061,0.750000000000002);
#3707=CYLINDRICAL_SURFACE('',#4064,0.75);
#3708=CYLINDRICAL_SURFACE('',#4067,0.75);
#3709=CYLINDRICAL_SURFACE('',#4070,0.75);
#3710=CYLINDRICAL_SURFACE('',#4073,0.75);
#3711=CYLINDRICAL_SURFACE('',#4076,0.75);
#3712=CYLINDRICAL_SURFACE('',#4079,0.75);
#3713=CYLINDRICAL_SURFACE('',#4082,0.75);
#3714=CYLINDRICAL_SURFACE('',#4085,0.75);
#3715=CYLINDRICAL_SURFACE('',#4088,0.75);
#3716=CYLINDRICAL_SURFACE('',#4091,0.75);
#3717=CYLINDRICAL_SURFACE('',#4094,0.75);
#3718=CYLINDRICAL_SURFACE('',#4097,0.75);
#3719=CYLINDRICAL_SURFACE('',#4100,0.75);
#3720=CYLINDRICAL_SURFACE('',#4103,0.75);
#3721=CYLINDRICAL_SURFACE('',#4106,0.75);
#3722=CYLINDRICAL_SURFACE('',#4109,0.75);
#3723=CYLINDRICAL_SURFACE('',#4112,0.75);
#3724=CYLINDRICAL_SURFACE('',#4115,0.75);
#3725=CYLINDRICAL_SURFACE('',#4118,0.75);
#3726=CYLINDRICAL_SURFACE('',#4121,0.75);
#3727=CYLINDRICAL_SURFACE('',#4124,0.75);
#3728=CYLINDRICAL_SURFACE('',#4127,0.75);
#3729=CYLINDRICAL_SURFACE('',#4130,0.75);
#3730=CYLINDRICAL_SURFACE('',#4133,0.75);
#3731=CYLINDRICAL_SURFACE('',#4136,0.75);
#3732=CYLINDRICAL_SURFACE('',#4139,0.75);
#3733=CYLINDRICAL_SURFACE('',#4142,0.75);
#3734=CYLINDRICAL_SURFACE('',#4145,0.75);
#3735=CYLINDRICAL_SURFACE('',#4148,0.75);
#3736=CYLINDRICAL_SURFACE('',#4151,0.75);
#3737=CYLINDRICAL_SURFACE('',#4154,0.75);
#3738=CYLINDRICAL_SURFACE('',#4157,0.75);
#3739=CYLINDRICAL_SURFACE('',#4160,0.75);
#3740=CYLINDRICAL_SURFACE('',#4163,0.75);
#3741=CYLINDRICAL_SURFACE('',#4166,0.75);
#3742=CYLINDRICAL_SURFACE('',#4169,0.75);
#3743=CYLINDRICAL_SURFACE('',#4172,0.75);
#3744=CYLINDRICAL_SURFACE('',#4175,0.750000000000002);
#3745=CYLINDRICAL_SURFACE('',#4178,0.75);
#3746=CYLINDRICAL_SURFACE('',#4181,0.75);
#3747=CYLINDRICAL_SURFACE('',#4184,0.75);
#3748=CYLINDRICAL_SURFACE('',#4187,0.750000000000002);
#3749=CYLINDRICAL_SURFACE('',#4190,0.75);
#3750=CYLINDRICAL_SURFACE('',#4193,0.75);
#3751=CYLINDRICAL_SURFACE('',#4196,0.75);
#3752=CYLINDRICAL_SURFACE('',#4199,0.75);
#3753=CYLINDRICAL_SURFACE('',#4202,0.75);
#3754=CYLINDRICAL_SURFACE('',#4205,0.75);
#3755=CYLINDRICAL_SURFACE('',#4208,0.75);
#3756=CYLINDRICAL_SURFACE('',#4211,0.75);
#3757=CYLINDRICAL_SURFACE('',#4214,0.75);
#3758=CYLINDRICAL_SURFACE('',#4217,0.75);
#3759=CYLINDRICAL_SURFACE('',#4220,0.75);
#3760=CYLINDRICAL_SURFACE('',#4223,0.75);
#3761=CYLINDRICAL_SURFACE('',#4226,0.75);
#3762=CYLINDRICAL_SURFACE('',#4229,0.75);
#3763=CYLINDRICAL_SURFACE('',#4232,0.75);
#3764=CYLINDRICAL_SURFACE('',#4235,0.75);
#3765=CYLINDRICAL_SURFACE('',#4238,0.75);
#3766=CYLINDRICAL_SURFACE('',#4241,0.75);
#3767=CYLINDRICAL_SURFACE('',#4244,0.75);
#3768=CYLINDRICAL_SURFACE('',#4247,0.75);
#3769=CYLINDRICAL_SURFACE('',#4250,0.75);
#3770=CYLINDRICAL_SURFACE('',#4253,0.75);
#3771=CYLINDRICAL_SURFACE('',#4256,0.75);
#3772=CYLINDRICAL_SURFACE('',#4259,0.75);
#3773=CYLINDRICAL_SURFACE('',#4262,0.75);
#3774=CYLINDRICAL_SURFACE('',#4265,0.75);
#3775=CYLINDRICAL_SURFACE('',#4268,0.75);
#3776=CYLINDRICAL_SURFACE('',#4271,0.75);
#3777=CYLINDRICAL_SURFACE('',#4274,0.75);
#3778=CYLINDRICAL_SURFACE('',#4277,0.75);
#3779=CYLINDRICAL_SURFACE('',#4280,0.75);
#3780=CYLINDRICAL_SURFACE('',#4283,0.75);
#3781=CYLINDRICAL_SURFACE('',#4286,0.75);
#3782=CYLINDRICAL_SURFACE('',#4289,0.75);
#3783=CYLINDRICAL_SURFACE('',#4292,0.75);
#3784=CYLINDRICAL_SURFACE('',#4295,0.75);
#3785=CYLINDRICAL_SURFACE('',#4298,0.75);
#3786=CYLINDRICAL_SURFACE('',#4301,0.75);
#3787=CYLINDRICAL_SURFACE('',#4304,0.750000000000002);
#3788=CYLINDRICAL_SURFACE('',#4307,0.75);
#3789=CYLINDRICAL_SURFACE('',#4310,0.75);
#3790=CYLINDRICAL_SURFACE('',#4313,0.750000000000002);
#3791=CYLINDRICAL_SURFACE('',#4316,0.75);
#3792=CYLINDRICAL_SURFACE('',#4319,0.75);
#3793=CYLINDRICAL_SURFACE('',#4322,0.75);
#3794=CYLINDRICAL_SURFACE('',#4325,0.75);
#3795=CYLINDRICAL_SURFACE('',#4328,0.75);
#3796=CYLINDRICAL_SURFACE('',#4331,0.75);
#3797=CYLINDRICAL_SURFACE('',#4334,0.75);
#3798=CYLINDRICAL_SURFACE('',#4337,0.75);
#3799=CYLINDRICAL_SURFACE('',#4340,0.75);
#3800=CYLINDRICAL_SURFACE('',#4343,0.75);
#3801=CYLINDRICAL_SURFACE('',#4346,0.75);
#3802=CYLINDRICAL_SURFACE('',#4349,0.75);
#3803=CYLINDRICAL_SURFACE('',#4352,0.75);
#3804=CYLINDRICAL_SURFACE('',#4355,0.75);
#3805=CYLINDRICAL_SURFACE('',#4358,0.75);
#3806=CYLINDRICAL_SURFACE('',#4361,0.75);
#3807=CYLINDRICAL_SURFACE('',#4364,0.75);
#3808=CYLINDRICAL_SURFACE('',#4367,0.75);
#3809=CYLINDRICAL_SURFACE('',#4370,0.75);
#3810=CYLINDRICAL_SURFACE('',#4373,0.75);
#3811=CYLINDRICAL_SURFACE('',#4376,0.75);
#3812=CYLINDRICAL_SURFACE('',#4379,0.75);
#3813=CYLINDRICAL_SURFACE('',#4382,0.75);
#3814=CYLINDRICAL_SURFACE('',#4385,0.75);
#3815=CYLINDRICAL_SURFACE('',#4388,0.75);
#3816=CYLINDRICAL_SURFACE('',#4391,0.75);
#3817=CYLINDRICAL_SURFACE('',#4394,0.75);
#3818=CYLINDRICAL_SURFACE('',#4397,0.75);
#3819=CYLINDRICAL_SURFACE('',#4400,0.75);
#3820=CYLINDRICAL_SURFACE('',#4403,0.75);
#3821=CYLINDRICAL_SURFACE('',#4406,0.75);
#3822=CYLINDRICAL_SURFACE('',#4409,0.75);
#3823=CYLINDRICAL_SURFACE('',#4412,0.75);
#3824=CYLINDRICAL_SURFACE('',#4415,0.75);
#3825=CYLINDRICAL_SURFACE('',#4418,0.75);
#3826=CYLINDRICAL_SURFACE('',#4421,0.75);
#3827=CYLINDRICAL_SURFACE('',#4424,0.75);
#3828=CYLINDRICAL_SURFACE('',#4427,0.75);
#3829=CYLINDRICAL_SURFACE('',#4430,0.75);
#3830=CYLINDRICAL_SURFACE('',#4433,0.75);
#3831=CYLINDRICAL_SURFACE('',#4436,0.75);
#3832=CYLINDRICAL_SURFACE('',#4439,0.75);
#3833=CYLINDRICAL_SURFACE('',#4442,0.75);
#3834=CYLINDRICAL_SURFACE('',#4445,0.75);
#3835=CYLINDRICAL_SURFACE('',#4448,0.75);
#3836=CYLINDRICAL_SURFACE('',#4451,0.75);
#3837=CYLINDRICAL_SURFACE('',#4454,0.75);
#3838=CYLINDRICAL_SURFACE('',#4457,0.75);
#3839=CYLINDRICAL_SURFACE('',#4460,0.75);
#3840=CYLINDRICAL_SURFACE('',#4463,0.75);
#3841=CYLINDRICAL_SURFACE('',#4466,0.75);
#3842=CYLINDRICAL_SURFACE('',#4469,0.75);
#3843=CYLINDRICAL_SURFACE('',#4472,0.75);
#3844=CYLINDRICAL_SURFACE('',#4475,0.75);
#3845=CYLINDRICAL_SURFACE('',#4478,0.75);
#3846=CYLINDRICAL_SURFACE('',#4481,0.75);
#3847=CYLINDRICAL_SURFACE('',#4484,0.75);
#3848=CYLINDRICAL_SURFACE('',#4487,0.75);
#3849=CYLINDRICAL_SURFACE('',#4490,0.75);
#3850=CYLINDRICAL_SURFACE('',#4493,0.75);
#3851=CYLINDRICAL_SURFACE('',#4496,0.75);
#3852=CYLINDRICAL_SURFACE('',#4499,0.75);
#3853=CYLINDRICAL_SURFACE('',#4502,0.75);
#3854=CYLINDRICAL_SURFACE('',#4505,0.75);
#3855=CYLINDRICAL_SURFACE('',#4508,0.75);
#3856=CYLINDRICAL_SURFACE('',#4511,0.75);
#3857=CYLINDRICAL_SURFACE('',#4514,0.75);
#3858=CYLINDRICAL_SURFACE('',#4517,0.75);
#3859=CYLINDRICAL_SURFACE('',#4520,0.75);
#3860=CYLINDRICAL_SURFACE('',#4523,0.75);
#3861=CYLINDRICAL_SURFACE('',#4526,0.75);
#3862=CYLINDRICAL_SURFACE('',#4529,0.75);
#3863=CYLINDRICAL_SURFACE('',#4532,0.75);
#3864=CYLINDRICAL_SURFACE('',#4535,0.75);
#3865=CYLINDRICAL_SURFACE('',#4538,0.75);
#3866=CYLINDRICAL_SURFACE('',#4541,0.75);
#3867=CYLINDRICAL_SURFACE('',#4544,0.75);
#3868=CYLINDRICAL_SURFACE('',#4547,0.75);
#3869=CYLINDRICAL_SURFACE('',#4550,0.75);
#3870=CYLINDRICAL_SURFACE('',#4553,0.75);
#3871=CYLINDRICAL_SURFACE('',#4556,0.75);
#3872=CYLINDRICAL_SURFACE('',#4559,0.750000000000002);
#3873=CYLINDRICAL_SURFACE('',#4562,0.75);
#3874=CYLINDRICAL_SURFACE('',#4571,26.75);
#3875=CYLINDRICAL_SURFACE('',#4579,25.45);
#3876=CYLINDRICAL_SURFACE('',#4581,1.4);
#3877=CYLINDRICAL_SURFACE('',#4582,1.4);
#3878=ADVANCED_FACE('',(#371),#3705,.F.);
#3879=ADVANCED_FACE('',(#372),#3706,.F.);
#3880=ADVANCED_FACE('',(#373),#3707,.F.);
#3881=ADVANCED_FACE('',(#374),#3708,.F.);
#3882=ADVANCED_FACE('',(#375),#3709,.F.);
#3883=ADVANCED_FACE('',(#376),#3710,.F.);
#3884=ADVANCED_FACE('',(#377),#3711,.F.);
#3885=ADVANCED_FACE('',(#378),#3712,.F.);
#3886=ADVANCED_FACE('',(#379),#3713,.F.);
#3887=ADVANCED_FACE('',(#380),#3714,.F.);
#3888=ADVANCED_FACE('',(#381),#3715,.F.);
#3889=ADVANCED_FACE('',(#382),#3716,.F.);
#3890=ADVANCED_FACE('',(#383),#3717,.F.);
#3891=ADVANCED_FACE('',(#384),#3718,.F.);
#3892=ADVANCED_FACE('',(#385),#3719,.F.);
#3893=ADVANCED_FACE('',(#386),#3720,.F.);
#3894=ADVANCED_FACE('',(#387),#3721,.F.);
#3895=ADVANCED_FACE('',(#388),#3722,.F.);
#3896=ADVANCED_FACE('',(#389),#3723,.F.);
#3897=ADVANCED_FACE('',(#390),#3724,.F.);
#3898=ADVANCED_FACE('',(#391),#3725,.F.);
#3899=ADVANCED_FACE('',(#392),#3726,.F.);
#3900=ADVANCED_FACE('',(#393),#3727,.F.);
#3901=ADVANCED_FACE('',(#394),#3728,.F.);
#3902=ADVANCED_FACE('',(#395),#3729,.F.);
#3903=ADVANCED_FACE('',(#396),#3730,.F.);
#3904=ADVANCED_FACE('',(#397),#3731,.F.);
#3905=ADVANCED_FACE('',(#398),#3732,.F.);
#3906=ADVANCED_FACE('',(#399),#3733,.F.);
#3907=ADVANCED_FACE('',(#400),#3734,.F.);
#3908=ADVANCED_FACE('',(#401),#3735,.F.);
#3909=ADVANCED_FACE('',(#402),#3736,.F.);
#3910=ADVANCED_FACE('',(#403),#3737,.F.);
#3911=ADVANCED_FACE('',(#404),#3738,.F.);
#3912=ADVANCED_FACE('',(#405),#3739,.F.);
#3913=ADVANCED_FACE('',(#406),#3740,.F.);
#3914=ADVANCED_FACE('',(#407),#3741,.F.);
#3915=ADVANCED_FACE('',(#408),#3742,.F.);
#3916=ADVANCED_FACE('',(#409),#3743,.F.);
#3917=ADVANCED_FACE('',(#410),#3744,.F.);
#3918=ADVANCED_FACE('',(#411),#3745,.F.);
#3919=ADVANCED_FACE('',(#412),#3746,.F.);
#3920=ADVANCED_FACE('',(#413),#3747,.F.);
#3921=ADVANCED_FACE('',(#414),#3748,.F.);
#3922=ADVANCED_FACE('',(#415),#3749,.F.);
#3923=ADVANCED_FACE('',(#416),#3750,.F.);
#3924=ADVANCED_FACE('',(#417),#3751,.F.);
#3925=ADVANCED_FACE('',(#418),#3752,.F.);
#3926=ADVANCED_FACE('',(#419),#3753,.F.);
#3927=ADVANCED_FACE('',(#420),#3754,.F.);
#3928=ADVANCED_FACE('',(#421),#3755,.F.);
#3929=ADVANCED_FACE('',(#422),#3756,.F.);
#3930=ADVANCED_FACE('',(#423),#3757,.F.);
#3931=ADVANCED_FACE('',(#424),#3758,.F.);
#3932=ADVANCED_FACE('',(#425),#3759,.F.);
#3933=ADVANCED_FACE('',(#426),#3760,.F.);
#3934=ADVANCED_FACE('',(#427),#3761,.F.);
#3935=ADVANCED_FACE('',(#428),#3762,.F.);
#3936=ADVANCED_FACE('',(#429),#3763,.F.);
#3937=ADVANCED_FACE('',(#430),#3764,.F.);
#3938=ADVANCED_FACE('',(#431),#3765,.F.);
#3939=ADVANCED_FACE('',(#432),#3766,.F.);
#3940=ADVANCED_FACE('',(#433),#3767,.F.);
#3941=ADVANCED_FACE('',(#434),#3768,.F.);
#3942=ADVANCED_FACE('',(#435),#3769,.F.);
#3943=ADVANCED_FACE('',(#436),#3770,.F.);
#3944=ADVANCED_FACE('',(#437),#3771,.F.);
#3945=ADVANCED_FACE('',(#438),#3772,.F.);
#3946=ADVANCED_FACE('',(#439),#3773,.F.);
#3947=ADVANCED_FACE('',(#440),#3774,.F.);
#3948=ADVANCED_FACE('',(#441),#3775,.F.);
#3949=ADVANCED_FACE('',(#442),#3776,.F.);
#3950=ADVANCED_FACE('',(#443),#3777,.F.);
#3951=ADVANCED_FACE('',(#444),#3778,.F.);
#3952=ADVANCED_FACE('',(#445),#3779,.F.);
#3953=ADVANCED_FACE('',(#446),#3780,.F.);
#3954=ADVANCED_FACE('',(#447),#3781,.F.);
#3955=ADVANCED_FACE('',(#448),#3782,.F.);
#3956=ADVANCED_FACE('',(#449),#3783,.F.);
#3957=ADVANCED_FACE('',(#450),#3784,.F.);
#3958=ADVANCED_FACE('',(#451),#3785,.F.);
#3959=ADVANCED_FACE('',(#452),#3786,.F.);
#3960=ADVANCED_FACE('',(#453),#3787,.F.);
#3961=ADVANCED_FACE('',(#454),#3788,.F.);
#3962=ADVANCED_FACE('',(#455),#3789,.F.);
#3963=ADVANCED_FACE('',(#456),#3790,.F.);
#3964=ADVANCED_FACE('',(#457),#3791,.F.);
#3965=ADVANCED_FACE('',(#458),#3792,.F.);
#3966=ADVANCED_FACE('',(#459),#3793,.F.);
#3967=ADVANCED_FACE('',(#460),#3794,.F.);
#3968=ADVANCED_FACE('',(#461),#3795,.F.);
#3969=ADVANCED_FACE('',(#462),#3796,.F.);
#3970=ADVANCED_FACE('',(#463),#3797,.F.);
#3971=ADVANCED_FACE('',(#464),#3798,.F.);
#3972=ADVANCED_FACE('',(#465),#3799,.F.);
#3973=ADVANCED_FACE('',(#466),#3800,.F.);
#3974=ADVANCED_FACE('',(#467),#3801,.F.);
#3975=ADVANCED_FACE('',(#468),#3802,.F.);
#3976=ADVANCED_FACE('',(#469),#3803,.F.);
#3977=ADVANCED_FACE('',(#470),#3804,.F.);
#3978=ADVANCED_FACE('',(#471),#3805,.F.);
#3979=ADVANCED_FACE('',(#472),#3806,.F.);
#3980=ADVANCED_FACE('',(#473),#3807,.F.);
#3981=ADVANCED_FACE('',(#474),#3808,.F.);
#3982=ADVANCED_FACE('',(#475),#3809,.F.);
#3983=ADVANCED_FACE('',(#476),#3810,.F.);
#3984=ADVANCED_FACE('',(#477),#3811,.F.);
#3985=ADVANCED_FACE('',(#478),#3812,.F.);
#3986=ADVANCED_FACE('',(#479),#3813,.F.);
#3987=ADVANCED_FACE('',(#480),#3814,.F.);
#3988=ADVANCED_FACE('',(#481),#3815,.F.);
#3989=ADVANCED_FACE('',(#482),#3816,.F.);
#3990=ADVANCED_FACE('',(#483),#3817,.F.);
#3991=ADVANCED_FACE('',(#484),#3818,.F.);
#3992=ADVANCED_FACE('',(#485),#3819,.F.);
#3993=ADVANCED_FACE('',(#486),#3820,.F.);
#3994=ADVANCED_FACE('',(#487),#3821,.F.);
#3995=ADVANCED_FACE('',(#488),#3822,.F.);
#3996=ADVANCED_FACE('',(#489),#3823,.F.);
#3997=ADVANCED_FACE('',(#490),#3824,.F.);
#3998=ADVANCED_FACE('',(#491),#3825,.F.);
#3999=ADVANCED_FACE('',(#492),#3826,.F.);
#4000=ADVANCED_FACE('',(#493),#3827,.F.);
#4001=ADVANCED_FACE('',(#494),#3828,.F.);
#4002=ADVANCED_FACE('',(#495),#3829,.F.);
#4003=ADVANCED_FACE('',(#496),#3830,.F.);
#4004=ADVANCED_FACE('',(#497),#3831,.F.);
#4005=ADVANCED_FACE('',(#498),#3832,.F.);
#4006=ADVANCED_FACE('',(#499),#3833,.F.);
#4007=ADVANCED_FACE('',(#500),#3834,.F.);
#4008=ADVANCED_FACE('',(#501),#3835,.F.);
#4009=ADVANCED_FACE('',(#502),#3836,.F.);
#4010=ADVANCED_FACE('',(#503),#3837,.F.);
#4011=ADVANCED_FACE('',(#504),#3838,.F.);
#4012=ADVANCED_FACE('',(#505),#3839,.F.);
#4013=ADVANCED_FACE('',(#506),#3840,.F.);
#4014=ADVANCED_FACE('',(#507),#3841,.F.);
#4015=ADVANCED_FACE('',(#508),#3842,.F.);
#4016=ADVANCED_FACE('',(#509),#3843,.F.);
#4017=ADVANCED_FACE('',(#510),#3844,.F.);
#4018=ADVANCED_FACE('',(#511),#3845,.F.);
#4019=ADVANCED_FACE('',(#512),#3846,.F.);
#4020=ADVANCED_FACE('',(#513),#3847,.F.);
#4021=ADVANCED_FACE('',(#514),#3848,.F.);
#4022=ADVANCED_FACE('',(#515),#3849,.F.);
#4023=ADVANCED_FACE('',(#516),#3850,.F.);
#4024=ADVANCED_FACE('',(#517),#3851,.F.);
#4025=ADVANCED_FACE('',(#518),#3852,.F.);
#4026=ADVANCED_FACE('',(#519),#3853,.F.);
#4027=ADVANCED_FACE('',(#520),#3854,.F.);
#4028=ADVANCED_FACE('',(#521),#3855,.F.);
#4029=ADVANCED_FACE('',(#522),#3856,.F.);
#4030=ADVANCED_FACE('',(#523),#3857,.F.);
#4031=ADVANCED_FACE('',(#524),#3858,.F.);
#4032=ADVANCED_FACE('',(#525),#3859,.F.);
#4033=ADVANCED_FACE('',(#526),#3860,.F.);
#4034=ADVANCED_FACE('',(#527),#3861,.F.);
#4035=ADVANCED_FACE('',(#528),#3862,.F.);
#4036=ADVANCED_FACE('',(#529),#3863,.F.);
#4037=ADVANCED_FACE('',(#530),#3864,.F.);
#4038=ADVANCED_FACE('',(#531),#3865,.F.);
#4039=ADVANCED_FACE('',(#532),#3866,.F.);
#4040=ADVANCED_FACE('',(#533),#3867,.F.);
#4041=ADVANCED_FACE('',(#534),#3868,.F.);
#4042=ADVANCED_FACE('',(#535),#3869,.F.);
#4043=ADVANCED_FACE('',(#536),#3870,.F.);
#4044=ADVANCED_FACE('',(#537),#3871,.F.);
#4045=ADVANCED_FACE('',(#538),#3872,.F.);
#4046=ADVANCED_FACE('',(#539),#3873,.F.);
#4047=ADVANCED_FACE('',(#540),#369,.T.);
#4048=ADVANCED_FACE('',(#541,#23,#24,#25,#26,#27,#28,#29,#30,#31,#32,#33,
#34,#35,#36,#37,#38,#39,#40,#41,#42,#43,#44,#45,#46,#47,#48,#49,#50,#51,
#52,#53,#54,#55,#56,#57,#58,#59,#60,#61,#62,#63,#64,#65,#66,#67,#68,#69,
#70,#71,#72,#73,#74,#75,#76,#77,#78,#79,#80,#81,#82,#83,#84,#85,#86,#87,
#88,#89,#90,#91,#92,#93,#94,#95,#96,#97,#98,#99,#100,#101,#102,#103,#104,
#105,#106,#107,#108,#109,#110,#111,#112,#113,#114,#115,#116,#117,#118,#119,
#120,#121,#122,#123,#124,#125,#126,#127,#128,#129,#130,#131,#132,#133,#134,
#135,#136,#137,#138,#139,#140,#141,#142,#143,#144,#145,#146,#147,#148,#149,
#150,#151,#152,#153,#154,#155,#156,#157,#158,#159,#160,#161,#162,#163,#164,
#165,#166,#167,#168,#169,#170,#171,#172,#173,#174,#175,#176,#177,#178,#179,
#180,#181,#182,#183,#184,#185,#186,#187,#188,#189,#190,#191),#366,.T.);
#4049=ADVANCED_FACE('',(#542,#192,#193),#3874,.T.);
#4050=ADVANCED_FACE('',(#543),#370,.F.);
#4051=ADVANCED_FACE('',(#544,#194,#195,#196,#197,#198,#199,#200,#201,#202,
#203,#204,#205,#206,#207,#208,#209,#210,#211,#212,#213,#214,#215,#216,#217,
#218,#219,#220,#221,#222,#223,#224,#225,#226,#227,#228,#229,#230,#231,#232,
#233,#234,#235,#236,#237,#238,#239,#240,#241,#242,#243,#244,#245,#246,#247,
#248,#249,#250,#251,#252,#253,#254,#255,#256,#257,#258,#259,#260,#261,#262,
#263,#264,#265,#266,#267,#268,#269,#270,#271,#272,#273,#274,#275,#276,#277,
#278,#279,#280,#281,#282,#283,#284,#285,#286,#287,#288,#289,#290,#291,#292,
#293,#294,#295,#296,#297,#298,#299,#300,#301,#302,#303,#304,#305,#306,#307,
#308,#309,#310,#311,#312,#313,#314,#315,#316,#317,#318,#319,#320,#321,#322,
#323,#324,#325,#326,#327,#328,#329,#330,#331,#332,#333,#334,#335,#336,#337,
#338,#339,#340,#341,#342,#343,#344,#345,#346,#347,#348,#349,#350,#351,#352,
#353,#354,#355,#356,#357,#358,#359,#360,#361,#362),#367,.F.);
#4052=ADVANCED_FACE('',(#545,#363,#364),#3875,.F.);
#4053=ADVANCED_FACE('',(#546),#3876,.F.);
#4054=ADVANCED_FACE('',(#547),#3877,.F.);
#4055=ADVANCED_FACE('',(#548,#365),#368,.F.);
#4056=CLOSED_SHELL('',(#3878,#3879,#3880,#3881,#3882,#3883,#3884,#3885,
#3886,#3887,#3888,#3889,#3890,#3891,#3892,#3893,#3894,#3895,#3896,#3897,
#3898,#3899,#3900,#3901,#3902,#3903,#3904,#3905,#3906,#3907,#3908,#3909,
#3910,#3911,#3912,#3913,#3914,#3915,#3916,#3917,#3918,#3919,#3920,#3921,
#3922,#3923,#3924,#3925,#3926,#3927,#3928,#3929,#3930,#3931,#3932,#3933,
#3934,#3935,#3936,#3937,#3938,#3939,#3940,#3941,#3942,#3943,#3944,#3945,
#3946,#3947,#3948,#3949,#3950,#3951,#3952,#3953,#3954,#3955,#3956,#3957,
#3958,#3959,#3960,#3961,#3962,#3963,#3964,#3965,#3966,#3967,#3968,#3969,
#3970,#3971,#3972,#3973,#3974,#3975,#3976,#3977,#3978,#3979,#3980,#3981,
#3982,#3983,#3984,#3985,#3986,#3987,#3988,#3989,#3990,#3991,#3992,#3993,
#3994,#3995,#3996,#3997,#3998,#3999,#4000,#4001,#4002,#4003,#4004,#4005,
#4006,#4007,#4008,#4009,#4010,#4011,#4012,#4013,#4014,#4015,#4016,#4017,
#4018,#4019,#4020,#4021,#4022,#4023,#4024,#4025,#4026,#4027,#4028,#4029,
#4030,#4031,#4032,#4033,#4034,#4035,#4036,#4037,#4038,#4039,#4040,#4041,
#4042,#4043,#4044,#4045,#4046,#4047,#4048,#4049,#4050,#4051,#4052,#4053,
#4054,#4055));
#4057=AXIS2_PLACEMENT_3D('',#5811,#4584,#4585);
#4058=AXIS2_PLACEMENT_3D('',#5812,#4586,#4587);
#4059=AXIS2_PLACEMENT_3D('',#5814,#4588,#4589);
#4060=AXIS2_PLACEMENT_3D('',#5817,#4591,#4592);
#4061=AXIS2_PLACEMENT_3D('',#5818,#4593,#4594);
#4062=AXIS2_PLACEMENT_3D('',#5820,#4595,#4596);
#4063=AXIS2_PLACEMENT_3D('',#5823,#4598,#4599);
#4064=AXIS2_PLACEMENT_3D('',#5824,#4600,#4601);
#4065=AXIS2_PLACEMENT_3D('',#5826,#4602,#4603);
#4066=AXIS2_PLACEMENT_3D('',#5829,#4605,#4606);
#4067=AXIS2_PLACEMENT_3D('',#5830,#4607,#4608);
#4068=AXIS2_PLACEMENT_3D('',#5832,#4609,#4610);
#4069=AXIS2_PLACEMENT_3D('',#5835,#4612,#4613);
#4070=AXIS2_PLACEMENT_3D('',#5836,#4614,#4615);
#4071=AXIS2_PLACEMENT_3D('',#5838,#4616,#4617);
#4072=AXIS2_PLACEMENT_3D('',#5841,#4619,#4620);
#4073=AXIS2_PLACEMENT_3D('',#5842,#4621,#4622);
#4074=AXIS2_PLACEMENT_3D('',#5844,#4623,#4624);
#4075=AXIS2_PLACEMENT_3D('',#5847,#4626,#4627);
#4076=AXIS2_PLACEMENT_3D('',#5848,#4628,#4629);
#4077=AXIS2_PLACEMENT_3D('',#5850,#4630,#4631);
#4078=AXIS2_PLACEMENT_3D('',#5853,#4633,#4634);
#4079=AXIS2_PLACEMENT_3D('',#5854,#4635,#4636);
#4080=AXIS2_PLACEMENT_3D('',#5856,#4637,#4638);
#4081=AXIS2_PLACEMENT_3D('',#5859,#4640,#4641);
#4082=AXIS2_PLACEMENT_3D('',#5860,#4642,#4643);
#4083=AXIS2_PLACEMENT_3D('',#5862,#4644,#4645);
#4084=AXIS2_PLACEMENT_3D('',#5865,#4647,#4648);
#4085=AXIS2_PLACEMENT_3D('',#5866,#4649,#4650);
#4086=AXIS2_PLACEMENT_3D('',#5868,#4651,#4652);
#4087=AXIS2_PLACEMENT_3D('',#5871,#4654,#4655);
#4088=AXIS2_PLACEMENT_3D('',#5872,#4656,#4657);
#4089=AXIS2_PLACEMENT_3D('',#5874,#4658,#4659);
#4090=AXIS2_PLACEMENT_3D('',#5877,#4661,#4662);
#4091=AXIS2_PLACEMENT_3D('',#5878,#4663,#4664);
#4092=AXIS2_PLACEMENT_3D('',#5880,#4665,#4666);
#4093=AXIS2_PLACEMENT_3D('',#5883,#4668,#4669);
#4094=AXIS2_PLACEMENT_3D('',#5884,#4670,#4671);
#4095=AXIS2_PLACEMENT_3D('',#5886,#4672,#4673);
#4096=AXIS2_PLACEMENT_3D('',#5889,#4675,#4676);
#4097=AXIS2_PLACEMENT_3D('',#5890,#4677,#4678);
#4098=AXIS2_PLACEMENT_3D('',#5892,#4679,#4680);
#4099=AXIS2_PLACEMENT_3D('',#5895,#4682,#4683);
#4100=AXIS2_PLACEMENT_3D('',#5896,#4684,#4685);
#4101=AXIS2_PLACEMENT_3D('',#5898,#4686,#4687);
#4102=AXIS2_PLACEMENT_3D('',#5901,#4689,#4690);
#4103=AXIS2_PLACEMENT_3D('',#5902,#4691,#4692);
#4104=AXIS2_PLACEMENT_3D('',#5904,#4693,#4694);
#4105=AXIS2_PLACEMENT_3D('',#5907,#4696,#4697);
#4106=AXIS2_PLACEMENT_3D('',#5908,#4698,#4699);
#4107=AXIS2_PLACEMENT_3D('',#5910,#4700,#4701);
#4108=AXIS2_PLACEMENT_3D('',#5913,#4703,#4704);
#4109=AXIS2_PLACEMENT_3D('',#5914,#4705,#4706);
#4110=AXIS2_PLACEMENT_3D('',#5916,#4707,#4708);
#4111=AXIS2_PLACEMENT_3D('',#5919,#4710,#4711);
#4112=AXIS2_PLACEMENT_3D('',#5920,#4712,#4713);
#4113=AXIS2_PLACEMENT_3D('',#5922,#4714,#4715);
#4114=AXIS2_PLACEMENT_3D('',#5925,#4717,#4718);
#4115=AXIS2_PLACEMENT_3D('',#5926,#4719,#4720);
#4116=AXIS2_PLACEMENT_3D('',#5928,#4721,#4722);
#4117=AXIS2_PLACEMENT_3D('',#5931,#4724,#4725);
#4118=AXIS2_PLACEMENT_3D('',#5932,#4726,#4727);
#4119=AXIS2_PLACEMENT_3D('',#5934,#4728,#4729);
#4120=AXIS2_PLACEMENT_3D('',#5937,#4731,#4732);
#4121=AXIS2_PLACEMENT_3D('',#5938,#4733,#4734);
#4122=AXIS2_PLACEMENT_3D('',#5940,#4735,#4736);
#4123=AXIS2_PLACEMENT_3D('',#5943,#4738,#4739);
#4124=AXIS2_PLACEMENT_3D('',#5944,#4740,#4741);
#4125=AXIS2_PLACEMENT_3D('',#5946,#4742,#4743);
#4126=AXIS2_PLACEMENT_3D('',#5949,#4745,#4746);
#4127=AXIS2_PLACEMENT_3D('',#5950,#4747,#4748);
#4128=AXIS2_PLACEMENT_3D('',#5952,#4749,#4750);
#4129=AXIS2_PLACEMENT_3D('',#5955,#4752,#4753);
#4130=AXIS2_PLACEMENT_3D('',#5956,#4754,#4755);
#4131=AXIS2_PLACEMENT_3D('',#5958,#4756,#4757);
#4132=AXIS2_PLACEMENT_3D('',#5961,#4759,#4760);
#4133=AXIS2_PLACEMENT_3D('',#5962,#4761,#4762);
#4134=AXIS2_PLACEMENT_3D('',#5964,#4763,#4764);
#4135=AXIS2_PLACEMENT_3D('',#5967,#4766,#4767);
#4136=AXIS2_PLACEMENT_3D('',#5968,#4768,#4769);
#4137=AXIS2_PLACEMENT_3D('',#5970,#4770,#4771);
#4138=AXIS2_PLACEMENT_3D('',#5973,#4773,#4774);
#4139=AXIS2_PLACEMENT_3D('',#5974,#4775,#4776);
#4140=AXIS2_PLACEMENT_3D('',#5976,#4777,#4778);
#4141=AXIS2_PLACEMENT_3D('',#5979,#4780,#4781);
#4142=AXIS2_PLACEMENT_3D('',#5980,#4782,#4783);
#4143=AXIS2_PLACEMENT_3D('',#5982,#4784,#4785);
#4144=AXIS2_PLACEMENT_3D('',#5985,#4787,#4788);
#4145=AXIS2_PLACEMENT_3D('',#5986,#4789,#4790);
#4146=AXIS2_PLACEMENT_3D('',#5988,#4791,#4792);
#4147=AXIS2_PLACEMENT_3D('',#5991,#4794,#4795);
#4148=AXIS2_PLACEMENT_3D('',#5992,#4796,#4797);
#4149=AXIS2_PLACEMENT_3D('',#5994,#4798,#4799);
#4150=AXIS2_PLACEMENT_3D('',#5997,#4801,#4802);
#4151=AXIS2_PLACEMENT_3D('',#5998,#4803,#4804);
#4152=AXIS2_PLACEMENT_3D('',#6000,#4805,#4806);
#4153=AXIS2_PLACEMENT_3D('',#6003,#4808,#4809);
#4154=AXIS2_PLACEMENT_3D('',#6004,#4810,#4811);
#4155=AXIS2_PLACEMENT_3D('',#6006,#4812,#4813);
#4156=AXIS2_PLACEMENT_3D('',#6009,#4815,#4816);
#4157=AXIS2_PLACEMENT_3D('',#6010,#4817,#4818);
#4158=AXIS2_PLACEMENT_3D('',#6012,#4819,#4820);
#4159=AXIS2_PLACEMENT_3D('',#6015,#4822,#4823);
#4160=AXIS2_PLACEMENT_3D('',#6016,#4824,#4825);
#4161=AXIS2_PLACEMENT_3D('',#6018,#4826,#4827);
#4162=AXIS2_PLACEMENT_3D('',#6021,#4829,#4830);
#4163=AXIS2_PLACEMENT_3D('',#6022,#4831,#4832);
#4164=AXIS2_PLACEMENT_3D('',#6024,#4833,#4834);
#4165=AXIS2_PLACEMENT_3D('',#6027,#4836,#4837);
#4166=AXIS2_PLACEMENT_3D('',#6028,#4838,#4839);
#4167=AXIS2_PLACEMENT_3D('',#6030,#4840,#4841);
#4168=AXIS2_PLACEMENT_3D('',#6033,#4843,#4844);
#4169=AXIS2_PLACEMENT_3D('',#6034,#4845,#4846);
#4170=AXIS2_PLACEMENT_3D('',#6036,#4847,#4848);
#4171=AXIS2_PLACEMENT_3D('',#6039,#4850,#4851);
#4172=AXIS2_PLACEMENT_3D('',#6040,#4852,#4853);
#4173=AXIS2_PLACEMENT_3D('',#6042,#4854,#4855);
#4174=AXIS2_PLACEMENT_3D('',#6045,#4857,#4858);
#4175=AXIS2_PLACEMENT_3D('',#6046,#4859,#4860);
#4176=AXIS2_PLACEMENT_3D('',#6048,#4861,#4862);
#4177=AXIS2_PLACEMENT_3D('',#6051,#4864,#4865);
#4178=AXIS2_PLACEMENT_3D('',#6052,#4866,#4867);
#4179=AXIS2_PLACEMENT_3D('',#6054,#4868,#4869);
#4180=AXIS2_PLACEMENT_3D('',#6057,#4871,#4872);
#4181=AXIS2_PLACEMENT_3D('',#6058,#4873,#4874);
#4182=AXIS2_PLACEMENT_3D('',#6060,#4875,#4876);
#4183=AXIS2_PLACEMENT_3D('',#6063,#4878,#4879);
#4184=AXIS2_PLACEMENT_3D('',#6064,#4880,#4881);
#4185=AXIS2_PLACEMENT_3D('',#6066,#4882,#4883);
#4186=AXIS2_PLACEMENT_3D('',#6069,#4885,#4886);
#4187=AXIS2_PLACEMENT_3D('',#6070,#4887,#4888);
#4188=AXIS2_PLACEMENT_3D('',#6072,#4889,#4890);
#4189=AXIS2_PLACEMENT_3D('',#6075,#4892,#4893);
#4190=AXIS2_PLACEMENT_3D('',#6076,#4894,#4895);
#4191=AXIS2_PLACEMENT_3D('',#6078,#4896,#4897);
#4192=AXIS2_PLACEMENT_3D('',#6081,#4899,#4900);
#4193=AXIS2_PLACEMENT_3D('',#6082,#4901,#4902);
#4194=AXIS2_PLACEMENT_3D('',#6084,#4903,#4904);
#4195=AXIS2_PLACEMENT_3D('',#6087,#4906,#4907);
#4196=AXIS2_PLACEMENT_3D('',#6088,#4908,#4909);
#4197=AXIS2_PLACEMENT_3D('',#6090,#4910,#4911);
#4198=AXIS2_PLACEMENT_3D('',#6093,#4913,#4914);
#4199=AXIS2_PLACEMENT_3D('',#6094,#4915,#4916);
#4200=AXIS2_PLACEMENT_3D('',#6096,#4917,#4918);
#4201=AXIS2_PLACEMENT_3D('',#6099,#4920,#4921);
#4202=AXIS2_PLACEMENT_3D('',#6100,#4922,#4923);
#4203=AXIS2_PLACEMENT_3D('',#6102,#4924,#4925);
#4204=AXIS2_PLACEMENT_3D('',#6105,#4927,#4928);
#4205=AXIS2_PLACEMENT_3D('',#6106,#4929,#4930);
#4206=AXIS2_PLACEMENT_3D('',#6108,#4931,#4932);
#4207=AXIS2_PLACEMENT_3D('',#6111,#4934,#4935);
#4208=AXIS2_PLACEMENT_3D('',#6112,#4936,#4937);
#4209=AXIS2_PLACEMENT_3D('',#6114,#4938,#4939);
#4210=AXIS2_PLACEMENT_3D('',#6117,#4941,#4942);
#4211=AXIS2_PLACEMENT_3D('',#6118,#4943,#4944);
#4212=AXIS2_PLACEMENT_3D('',#6120,#4945,#4946);
#4213=AXIS2_PLACEMENT_3D('',#6123,#4948,#4949);
#4214=AXIS2_PLACEMENT_3D('',#6124,#4950,#4951);
#4215=AXIS2_PLACEMENT_3D('',#6126,#4952,#4953);
#4216=AXIS2_PLACEMENT_3D('',#6129,#4955,#4956);
#4217=AXIS2_PLACEMENT_3D('',#6130,#4957,#4958);
#4218=AXIS2_PLACEMENT_3D('',#6132,#4959,#4960);
#4219=AXIS2_PLACEMENT_3D('',#6135,#4962,#4963);
#4220=AXIS2_PLACEMENT_3D('',#6136,#4964,#4965);
#4221=AXIS2_PLACEMENT_3D('',#6138,#4966,#4967);
#4222=AXIS2_PLACEMENT_3D('',#6141,#4969,#4970);
#4223=AXIS2_PLACEMENT_3D('',#6142,#4971,#4972);
#4224=AXIS2_PLACEMENT_3D('',#6144,#4973,#4974);
#4225=AXIS2_PLACEMENT_3D('',#6147,#4976,#4977);
#4226=AXIS2_PLACEMENT_3D('',#6148,#4978,#4979);
#4227=AXIS2_PLACEMENT_3D('',#6150,#4980,#4981);
#4228=AXIS2_PLACEMENT_3D('',#6153,#4983,#4984);
#4229=AXIS2_PLACEMENT_3D('',#6154,#4985,#4986);
#4230=AXIS2_PLACEMENT_3D('',#6156,#4987,#4988);
#4231=AXIS2_PLACEMENT_3D('',#6159,#4990,#4991);
#4232=AXIS2_PLACEMENT_3D('',#6160,#4992,#4993);
#4233=AXIS2_PLACEMENT_3D('',#6162,#4994,#4995);
#4234=AXIS2_PLACEMENT_3D('',#6165,#4997,#4998);
#4235=AXIS2_PLACEMENT_3D('',#6166,#4999,#5000);
#4236=AXIS2_PLACEMENT_3D('',#6168,#5001,#5002);
#4237=AXIS2_PLACEMENT_3D('',#6171,#5004,#5005);
#4238=AXIS2_PLACEMENT_3D('',#6172,#5006,#5007);
#4239=AXIS2_PLACEMENT_3D('',#6174,#5008,#5009);
#4240=AXIS2_PLACEMENT_3D('',#6177,#5011,#5012);
#4241=AXIS2_PLACEMENT_3D('',#6178,#5013,#5014);
#4242=AXIS2_PLACEMENT_3D('',#6180,#5015,#5016);
#4243=AXIS2_PLACEMENT_3D('',#6183,#5018,#5019);
#4244=AXIS2_PLACEMENT_3D('',#6184,#5020,#5021);
#4245=AXIS2_PLACEMENT_3D('',#6186,#5022,#5023);
#4246=AXIS2_PLACEMENT_3D('',#6189,#5025,#5026);
#4247=AXIS2_PLACEMENT_3D('',#6190,#5027,#5028);
#4248=AXIS2_PLACEMENT_3D('',#6192,#5029,#5030);
#4249=AXIS2_PLACEMENT_3D('',#6195,#5032,#5033);
#4250=AXIS2_PLACEMENT_3D('',#6196,#5034,#5035);
#4251=AXIS2_PLACEMENT_3D('',#6198,#5036,#5037);
#4252=AXIS2_PLACEMENT_3D('',#6201,#5039,#5040);
#4253=AXIS2_PLACEMENT_3D('',#6202,#5041,#5042);
#4254=AXIS2_PLACEMENT_3D('',#6204,#5043,#5044);
#4255=AXIS2_PLACEMENT_3D('',#6207,#5046,#5047);
#4256=AXIS2_PLACEMENT_3D('',#6208,#5048,#5049);
#4257=AXIS2_PLACEMENT_3D('',#6210,#5050,#5051);
#4258=AXIS2_PLACEMENT_3D('',#6213,#5053,#5054);
#4259=AXIS2_PLACEMENT_3D('',#6214,#5055,#5056);
#4260=AXIS2_PLACEMENT_3D('',#6216,#5057,#5058);
#4261=AXIS2_PLACEMENT_3D('',#6219,#5060,#5061);
#4262=AXIS2_PLACEMENT_3D('',#6220,#5062,#5063);
#4263=AXIS2_PLACEMENT_3D('',#6222,#5064,#5065);
#4264=AXIS2_PLACEMENT_3D('',#6225,#5067,#5068);
#4265=AXIS2_PLACEMENT_3D('',#6226,#5069,#5070);
#4266=AXIS2_PLACEMENT_3D('',#6228,#5071,#5072);
#4267=AXIS2_PLACEMENT_3D('',#6231,#5074,#5075);
#4268=AXIS2_PLACEMENT_3D('',#6232,#5076,#5077);
#4269=AXIS2_PLACEMENT_3D('',#6234,#5078,#5079);
#4270=AXIS2_PLACEMENT_3D('',#6237,#5081,#5082);
#4271=AXIS2_PLACEMENT_3D('',#6238,#5083,#5084);
#4272=AXIS2_PLACEMENT_3D('',#6240,#5085,#5086);
#4273=AXIS2_PLACEMENT_3D('',#6243,#5088,#5089);
#4274=AXIS2_PLACEMENT_3D('',#6244,#5090,#5091);
#4275=AXIS2_PLACEMENT_3D('',#6246,#5092,#5093);
#4276=AXIS2_PLACEMENT_3D('',#6249,#5095,#5096);
#4277=AXIS2_PLACEMENT_3D('',#6250,#5097,#5098);
#4278=AXIS2_PLACEMENT_3D('',#6252,#5099,#5100);
#4279=AXIS2_PLACEMENT_3D('',#6255,#5102,#5103);
#4280=AXIS2_PLACEMENT_3D('',#6256,#5104,#5105);
#4281=AXIS2_PLACEMENT_3D('',#6258,#5106,#5107);
#4282=AXIS2_PLACEMENT_3D('',#6261,#5109,#5110);
#4283=AXIS2_PLACEMENT_3D('',#6262,#5111,#5112);
#4284=AXIS2_PLACEMENT_3D('',#6264,#5113,#5114);
#4285=AXIS2_PLACEMENT_3D('',#6267,#5116,#5117);
#4286=AXIS2_PLACEMENT_3D('',#6268,#5118,#5119);
#4287=AXIS2_PLACEMENT_3D('',#6270,#5120,#5121);
#4288=AXIS2_PLACEMENT_3D('',#6273,#5123,#5124);
#4289=AXIS2_PLACEMENT_3D('',#6274,#5125,#5126);
#4290=AXIS2_PLACEMENT_3D('',#6276,#5127,#5128);
#4291=AXIS2_PLACEMENT_3D('',#6279,#5130,#5131);
#4292=AXIS2_PLACEMENT_3D('',#6280,#5132,#5133);
#4293=AXIS2_PLACEMENT_3D('',#6282,#5134,#5135);
#4294=AXIS2_PLACEMENT_3D('',#6285,#5137,#5138);
#4295=AXIS2_PLACEMENT_3D('',#6286,#5139,#5140);
#4296=AXIS2_PLACEMENT_3D('',#6288,#5141,#5142);
#4297=AXIS2_PLACEMENT_3D('',#6291,#5144,#5145);
#4298=AXIS2_PLACEMENT_3D('',#6292,#5146,#5147);
#4299=AXIS2_PLACEMENT_3D('',#6294,#5148,#5149);
#4300=AXIS2_PLACEMENT_3D('',#6297,#5151,#5152);
#4301=AXIS2_PLACEMENT_3D('',#6298,#5153,#5154);
#4302=AXIS2_PLACEMENT_3D('',#6300,#5155,#5156);
#4303=AXIS2_PLACEMENT_3D('',#6303,#5158,#5159);
#4304=AXIS2_PLACEMENT_3D('',#6304,#5160,#5161);
#4305=AXIS2_PLACEMENT_3D('',#6306,#5162,#5163);
#4306=AXIS2_PLACEMENT_3D('',#6309,#5165,#5166);
#4307=AXIS2_PLACEMENT_3D('',#6310,#5167,#5168);
#4308=AXIS2_PLACEMENT_3D('',#6312,#5169,#5170);
#4309=AXIS2_PLACEMENT_3D('',#6315,#5172,#5173);
#4310=AXIS2_PLACEMENT_3D('',#6316,#5174,#5175);
#4311=AXIS2_PLACEMENT_3D('',#6318,#5176,#5177);
#4312=AXIS2_PLACEMENT_3D('',#6321,#5179,#5180);
#4313=AXIS2_PLACEMENT_3D('',#6322,#5181,#5182);
#4314=AXIS2_PLACEMENT_3D('',#6324,#5183,#5184);
#4315=AXIS2_PLACEMENT_3D('',#6327,#5186,#5187);
#4316=AXIS2_PLACEMENT_3D('',#6328,#5188,#5189);
#4317=AXIS2_PLACEMENT_3D('',#6330,#5190,#5191);
#4318=AXIS2_PLACEMENT_3D('',#6333,#5193,#5194);
#4319=AXIS2_PLACEMENT_3D('',#6334,#5195,#5196);
#4320=AXIS2_PLACEMENT_3D('',#6336,#5197,#5198);
#4321=AXIS2_PLACEMENT_3D('',#6339,#5200,#5201);
#4322=AXIS2_PLACEMENT_3D('',#6340,#5202,#5203);
#4323=AXIS2_PLACEMENT_3D('',#6342,#5204,#5205);
#4324=AXIS2_PLACEMENT_3D('',#6345,#5207,#5208);
#4325=AXIS2_PLACEMENT_3D('',#6346,#5209,#5210);
#4326=AXIS2_PLACEMENT_3D('',#6348,#5211,#5212);
#4327=AXIS2_PLACEMENT_3D('',#6351,#5214,#5215);
#4328=AXIS2_PLACEMENT_3D('',#6352,#5216,#5217);
#4329=AXIS2_PLACEMENT_3D('',#6354,#5218,#5219);
#4330=AXIS2_PLACEMENT_3D('',#6357,#5221,#5222);
#4331=AXIS2_PLACEMENT_3D('',#6358,#5223,#5224);
#4332=AXIS2_PLACEMENT_3D('',#6360,#5225,#5226);
#4333=AXIS2_PLACEMENT_3D('',#6363,#5228,#5229);
#4334=AXIS2_PLACEMENT_3D('',#6364,#5230,#5231);
#4335=AXIS2_PLACEMENT_3D('',#6366,#5232,#5233);
#4336=AXIS2_PLACEMENT_3D('',#6369,#5235,#5236);
#4337=AXIS2_PLACEMENT_3D('',#6370,#5237,#5238);
#4338=AXIS2_PLACEMENT_3D('',#6372,#5239,#5240);
#4339=AXIS2_PLACEMENT_3D('',#6375,#5242,#5243);
#4340=AXIS2_PLACEMENT_3D('',#6376,#5244,#5245);
#4341=AXIS2_PLACEMENT_3D('',#6378,#5246,#5247);
#4342=AXIS2_PLACEMENT_3D('',#6381,#5249,#5250);
#4343=AXIS2_PLACEMENT_3D('',#6382,#5251,#5252);
#4344=AXIS2_PLACEMENT_3D('',#6384,#5253,#5254);
#4345=AXIS2_PLACEMENT_3D('',#6387,#5256,#5257);
#4346=AXIS2_PLACEMENT_3D('',#6388,#5258,#5259);
#4347=AXIS2_PLACEMENT_3D('',#6390,#5260,#5261);
#4348=AXIS2_PLACEMENT_3D('',#6393,#5263,#5264);
#4349=AXIS2_PLACEMENT_3D('',#6394,#5265,#5266);
#4350=AXIS2_PLACEMENT_3D('',#6396,#5267,#5268);
#4351=AXIS2_PLACEMENT_3D('',#6399,#5270,#5271);
#4352=AXIS2_PLACEMENT_3D('',#6400,#5272,#5273);
#4353=AXIS2_PLACEMENT_3D('',#6402,#5274,#5275);
#4354=AXIS2_PLACEMENT_3D('',#6405,#5277,#5278);
#4355=AXIS2_PLACEMENT_3D('',#6406,#5279,#5280);
#4356=AXIS2_PLACEMENT_3D('',#6408,#5281,#5282);
#4357=AXIS2_PLACEMENT_3D('',#6411,#5284,#5285);
#4358=AXIS2_PLACEMENT_3D('',#6412,#5286,#5287);
#4359=AXIS2_PLACEMENT_3D('',#6414,#5288,#5289);
#4360=AXIS2_PLACEMENT_3D('',#6417,#5291,#5292);
#4361=AXIS2_PLACEMENT_3D('',#6418,#5293,#5294);
#4362=AXIS2_PLACEMENT_3D('',#6420,#5295,#5296);
#4363=AXIS2_PLACEMENT_3D('',#6423,#5298,#5299);
#4364=AXIS2_PLACEMENT_3D('',#6424,#5300,#5301);
#4365=AXIS2_PLACEMENT_3D('',#6426,#5302,#5303);
#4366=AXIS2_PLACEMENT_3D('',#6429,#5305,#5306);
#4367=AXIS2_PLACEMENT_3D('',#6430,#5307,#5308);
#4368=AXIS2_PLACEMENT_3D('',#6432,#5309,#5310);
#4369=AXIS2_PLACEMENT_3D('',#6435,#5312,#5313);
#4370=AXIS2_PLACEMENT_3D('',#6436,#5314,#5315);
#4371=AXIS2_PLACEMENT_3D('',#6438,#5316,#5317);
#4372=AXIS2_PLACEMENT_3D('',#6441,#5319,#5320);
#4373=AXIS2_PLACEMENT_3D('',#6442,#5321,#5322);
#4374=AXIS2_PLACEMENT_3D('',#6444,#5323,#5324);
#4375=AXIS2_PLACEMENT_3D('',#6447,#5326,#5327);
#4376=AXIS2_PLACEMENT_3D('',#6448,#5328,#5329);
#4377=AXIS2_PLACEMENT_3D('',#6450,#5330,#5331);
#4378=AXIS2_PLACEMENT_3D('',#6453,#5333,#5334);
#4379=AXIS2_PLACEMENT_3D('',#6454,#5335,#5336);
#4380=AXIS2_PLACEMENT_3D('',#6456,#5337,#5338);
#4381=AXIS2_PLACEMENT_3D('',#6459,#5340,#5341);
#4382=AXIS2_PLACEMENT_3D('',#6460,#5342,#5343);
#4383=AXIS2_PLACEMENT_3D('',#6462,#5344,#5345);
#4384=AXIS2_PLACEMENT_3D('',#6465,#5347,#5348);
#4385=AXIS2_PLACEMENT_3D('',#6466,#5349,#5350);
#4386=AXIS2_PLACEMENT_3D('',#6468,#5351,#5352);
#4387=AXIS2_PLACEMENT_3D('',#6471,#5354,#5355);
#4388=AXIS2_PLACEMENT_3D('',#6472,#5356,#5357);
#4389=AXIS2_PLACEMENT_3D('',#6474,#5358,#5359);
#4390=AXIS2_PLACEMENT_3D('',#6477,#5361,#5362);
#4391=AXIS2_PLACEMENT_3D('',#6478,#5363,#5364);
#4392=AXIS2_PLACEMENT_3D('',#6480,#5365,#5366);
#4393=AXIS2_PLACEMENT_3D('',#6483,#5368,#5369);
#4394=AXIS2_PLACEMENT_3D('',#6484,#5370,#5371);
#4395=AXIS2_PLACEMENT_3D('',#6486,#5372,#5373);
#4396=AXIS2_PLACEMENT_3D('',#6489,#5375,#5376);
#4397=AXIS2_PLACEMENT_3D('',#6490,#5377,#5378);
#4398=AXIS2_PLACEMENT_3D('',#6492,#5379,#5380);
#4399=AXIS2_PLACEMENT_3D('',#6495,#5382,#5383);
#4400=AXIS2_PLACEMENT_3D('',#6496,#5384,#5385);
#4401=AXIS2_PLACEMENT_3D('',#6498,#5386,#5387);
#4402=AXIS2_PLACEMENT_3D('',#6501,#5389,#5390);
#4403=AXIS2_PLACEMENT_3D('',#6502,#5391,#5392);
#4404=AXIS2_PLACEMENT_3D('',#6504,#5393,#5394);
#4405=AXIS2_PLACEMENT_3D('',#6507,#5396,#5397);
#4406=AXIS2_PLACEMENT_3D('',#6508,#5398,#5399);
#4407=AXIS2_PLACEMENT_3D('',#6510,#5400,#5401);
#4408=AXIS2_PLACEMENT_3D('',#6513,#5403,#5404);
#4409=AXIS2_PLACEMENT_3D('',#6514,#5405,#5406);
#4410=AXIS2_PLACEMENT_3D('',#6516,#5407,#5408);
#4411=AXIS2_PLACEMENT_3D('',#6519,#5410,#5411);
#4412=AXIS2_PLACEMENT_3D('',#6520,#5412,#5413);
#4413=AXIS2_PLACEMENT_3D('',#6522,#5414,#5415);
#4414=AXIS2_PLACEMENT_3D('',#6525,#5417,#5418);
#4415=AXIS2_PLACEMENT_3D('',#6526,#5419,#5420);
#4416=AXIS2_PLACEMENT_3D('',#6528,#5421,#5422);
#4417=AXIS2_PLACEMENT_3D('',#6531,#5424,#5425);
#4418=AXIS2_PLACEMENT_3D('',#6532,#5426,#5427);
#4419=AXIS2_PLACEMENT_3D('',#6534,#5428,#5429);
#4420=AXIS2_PLACEMENT_3D('',#6537,#5431,#5432);
#4421=AXIS2_PLACEMENT_3D('',#6538,#5433,#5434);
#4422=AXIS2_PLACEMENT_3D('',#6540,#5435,#5436);
#4423=AXIS2_PLACEMENT_3D('',#6543,#5438,#5439);
#4424=AXIS2_PLACEMENT_3D('',#6544,#5440,#5441);
#4425=AXIS2_PLACEMENT_3D('',#6546,#5442,#5443);
#4426=AXIS2_PLACEMENT_3D('',#6549,#5445,#5446);
#4427=AXIS2_PLACEMENT_3D('',#6550,#5447,#5448);
#4428=AXIS2_PLACEMENT_3D('',#6552,#5449,#5450);
#4429=AXIS2_PLACEMENT_3D('',#6555,#5452,#5453);
#4430=AXIS2_PLACEMENT_3D('',#6556,#5454,#5455);
#4431=AXIS2_PLACEMENT_3D('',#6558,#5456,#5457);
#4432=AXIS2_PLACEMENT_3D('',#6561,#5459,#5460);
#4433=AXIS2_PLACEMENT_3D('',#6562,#5461,#5462);
#4434=AXIS2_PLACEMENT_3D('',#6564,#5463,#5464);
#4435=AXIS2_PLACEMENT_3D('',#6567,#5466,#5467);
#4436=AXIS2_PLACEMENT_3D('',#6568,#5468,#5469);
#4437=AXIS2_PLACEMENT_3D('',#6570,#5470,#5471);
#4438=AXIS2_PLACEMENT_3D('',#6573,#5473,#5474);
#4439=AXIS2_PLACEMENT_3D('',#6574,#5475,#5476);
#4440=AXIS2_PLACEMENT_3D('',#6576,#5477,#5478);
#4441=AXIS2_PLACEMENT_3D('',#6579,#5480,#5481);
#4442=AXIS2_PLACEMENT_3D('',#6580,#5482,#5483);
#4443=AXIS2_PLACEMENT_3D('',#6582,#5484,#5485);
#4444=AXIS2_PLACEMENT_3D('',#6585,#5487,#5488);
#4445=AXIS2_PLACEMENT_3D('',#6586,#5489,#5490);
#4446=AXIS2_PLACEMENT_3D('',#6588,#5491,#5492);
#4447=AXIS2_PLACEMENT_3D('',#6591,#5494,#5495);
#4448=AXIS2_PLACEMENT_3D('',#6592,#5496,#5497);
#4449=AXIS2_PLACEMENT_3D('',#6594,#5498,#5499);
#4450=AXIS2_PLACEMENT_3D('',#6597,#5501,#5502);
#4451=AXIS2_PLACEMENT_3D('',#6598,#5503,#5504);
#4452=AXIS2_PLACEMENT_3D('',#6600,#5505,#5506);
#4453=AXIS2_PLACEMENT_3D('',#6603,#5508,#5509);
#4454=AXIS2_PLACEMENT_3D('',#6604,#5510,#5511);
#4455=AXIS2_PLACEMENT_3D('',#6606,#5512,#5513);
#4456=AXIS2_PLACEMENT_3D('',#6609,#5515,#5516);
#4457=AXIS2_PLACEMENT_3D('',#6610,#5517,#5518);
#4458=AXIS2_PLACEMENT_3D('',#6612,#5519,#5520);
#4459=AXIS2_PLACEMENT_3D('',#6615,#5522,#5523);
#4460=AXIS2_PLACEMENT_3D('',#6616,#5524,#5525);
#4461=AXIS2_PLACEMENT_3D('',#6618,#5526,#5527);
#4462=AXIS2_PLACEMENT_3D('',#6621,#5529,#5530);
#4463=AXIS2_PLACEMENT_3D('',#6622,#5531,#5532);
#4464=AXIS2_PLACEMENT_3D('',#6624,#5533,#5534);
#4465=AXIS2_PLACEMENT_3D('',#6627,#5536,#5537);
#4466=AXIS2_PLACEMENT_3D('',#6628,#5538,#5539);
#4467=AXIS2_PLACEMENT_3D('',#6630,#5540,#5541);
#4468=AXIS2_PLACEMENT_3D('',#6633,#5543,#5544);
#4469=AXIS2_PLACEMENT_3D('',#6634,#5545,#5546);
#4470=AXIS2_PLACEMENT_3D('',#6636,#5547,#5548);
#4471=AXIS2_PLACEMENT_3D('',#6639,#5550,#5551);
#4472=AXIS2_PLACEMENT_3D('',#6640,#5552,#5553);
#4473=AXIS2_PLACEMENT_3D('',#6642,#5554,#5555);
#4474=AXIS2_PLACEMENT_3D('',#6645,#5557,#5558);
#4475=AXIS2_PLACEMENT_3D('',#6646,#5559,#5560);
#4476=AXIS2_PLACEMENT_3D('',#6648,#5561,#5562);
#4477=AXIS2_PLACEMENT_3D('',#6651,#5564,#5565);
#4478=AXIS2_PLACEMENT_3D('',#6652,#5566,#5567);
#4479=AXIS2_PLACEMENT_3D('',#6654,#5568,#5569);
#4480=AXIS2_PLACEMENT_3D('',#6657,#5571,#5572);
#4481=AXIS2_PLACEMENT_3D('',#6658,#5573,#5574);
#4482=AXIS2_PLACEMENT_3D('',#6660,#5575,#5576);
#4483=AXIS2_PLACEMENT_3D('',#6663,#5578,#5579);
#4484=AXIS2_PLACEMENT_3D('',#6664,#5580,#5581);
#4485=AXIS2_PLACEMENT_3D('',#6666,#5582,#5583);
#4486=AXIS2_PLACEMENT_3D('',#6669,#5585,#5586);
#4487=AXIS2_PLACEMENT_3D('',#6670,#5587,#5588);
#4488=AXIS2_PLACEMENT_3D('',#6672,#5589,#5590);
#4489=AXIS2_PLACEMENT_3D('',#6675,#5592,#5593);
#4490=AXIS2_PLACEMENT_3D('',#6676,#5594,#5595);
#4491=AXIS2_PLACEMENT_3D('',#6678,#5596,#5597);
#4492=AXIS2_PLACEMENT_3D('',#6681,#5599,#5600);
#4493=AXIS2_PLACEMENT_3D('',#6682,#5601,#5602);
#4494=AXIS2_PLACEMENT_3D('',#6684,#5603,#5604);
#4495=AXIS2_PLACEMENT_3D('',#6687,#5606,#5607);
#4496=AXIS2_PLACEMENT_3D('',#6688,#5608,#5609);
#4497=AXIS2_PLACEMENT_3D('',#6690,#5610,#5611);
#4498=AXIS2_PLACEMENT_3D('',#6693,#5613,#5614);
#4499=AXIS2_PLACEMENT_3D('',#6694,#5615,#5616);
#4500=AXIS2_PLACEMENT_3D('',#6696,#5617,#5618);
#4501=AXIS2_PLACEMENT_3D('',#6699,#5620,#5621);
#4502=AXIS2_PLACEMENT_3D('',#6700,#5622,#5623);
#4503=AXIS2_PLACEMENT_3D('',#6702,#5624,#5625);
#4504=AXIS2_PLACEMENT_3D('',#6705,#5627,#5628);
#4505=AXIS2_PLACEMENT_3D('',#6706,#5629,#5630);
#4506=AXIS2_PLACEMENT_3D('',#6708,#5631,#5632);
#4507=AXIS2_PLACEMENT_3D('',#6711,#5634,#5635);
#4508=AXIS2_PLACEMENT_3D('',#6712,#5636,#5637);
#4509=AXIS2_PLACEMENT_3D('',#6714,#5638,#5639);
#4510=AXIS2_PLACEMENT_3D('',#6717,#5641,#5642);
#4511=AXIS2_PLACEMENT_3D('',#6718,#5643,#5644);
#4512=AXIS2_PLACEMENT_3D('',#6720,#5645,#5646);
#4513=AXIS2_PLACEMENT_3D('',#6723,#5648,#5649);
#4514=AXIS2_PLACEMENT_3D('',#6724,#5650,#5651);
#4515=AXIS2_PLACEMENT_3D('',#6726,#5652,#5653);
#4516=AXIS2_PLACEMENT_3D('',#6729,#5655,#5656);
#4517=AXIS2_PLACEMENT_3D('',#6730,#5657,#5658);
#4518=AXIS2_PLACEMENT_3D('',#6732,#5659,#5660);
#4519=AXIS2_PLACEMENT_3D('',#6735,#5662,#5663);
#4520=AXIS2_PLACEMENT_3D('',#6736,#5664,#5665);
#4521=AXIS2_PLACEMENT_3D('',#6738,#5666,#5667);
#4522=AXIS2_PLACEMENT_3D('',#6741,#5669,#5670);
#4523=AXIS2_PLACEMENT_3D('',#6742,#5671,#5672);
#4524=AXIS2_PLACEMENT_3D('',#6744,#5673,#5674);
#4525=AXIS2_PLACEMENT_3D('',#6747,#5676,#5677);
#4526=AXIS2_PLACEMENT_3D('',#6748,#5678,#5679);
#4527=AXIS2_PLACEMENT_3D('',#6750,#5680,#5681);
#4528=AXIS2_PLACEMENT_3D('',#6753,#5683,#5684);
#4529=AXIS2_PLACEMENT_3D('',#6754,#5685,#5686);
#4530=AXIS2_PLACEMENT_3D('',#6756,#5687,#5688);
#4531=AXIS2_PLACEMENT_3D('',#6759,#5690,#5691);
#4532=AXIS2_PLACEMENT_3D('',#6760,#5692,#5693);
#4533=AXIS2_PLACEMENT_3D('',#6762,#5694,#5695);
#4534=AXIS2_PLACEMENT_3D('',#6765,#5697,#5698);
#4535=AXIS2_PLACEMENT_3D('',#6766,#5699,#5700);
#4536=AXIS2_PLACEMENT_3D('',#6768,#5701,#5702);
#4537=AXIS2_PLACEMENT_3D('',#6771,#5704,#5705);
#4538=AXIS2_PLACEMENT_3D('',#6772,#5706,#5707);
#4539=AXIS2_PLACEMENT_3D('',#6774,#5708,#5709);
#4540=AXIS2_PLACEMENT_3D('',#6777,#5711,#5712);
#4541=AXIS2_PLACEMENT_3D('',#6778,#5713,#5714);
#4542=AXIS2_PLACEMENT_3D('',#6780,#5715,#5716);
#4543=AXIS2_PLACEMENT_3D('',#6783,#5718,#5719);
#4544=AXIS2_PLACEMENT_3D('',#6784,#5720,#5721);
#4545=AXIS2_PLACEMENT_3D('',#6786,#5722,#5723);
#4546=AXIS2_PLACEMENT_3D('',#6789,#5725,#5726);
#4547=AXIS2_PLACEMENT_3D('',#6790,#5727,#5728);
#4548=AXIS2_PLACEMENT_3D('',#6792,#5729,#5730);
#4549=AXIS2_PLACEMENT_3D('',#6795,#5732,#5733);
#4550=AXIS2_PLACEMENT_3D('',#6796,#5734,#5735);
#4551=AXIS2_PLACEMENT_3D('',#6798,#5736,#5737);
#4552=AXIS2_PLACEMENT_3D('',#6801,#5739,#5740);
#4553=AXIS2_PLACEMENT_3D('',#6802,#5741,#5742);
#4554=AXIS2_PLACEMENT_3D('',#6804,#5743,#5744);
#4555=AXIS2_PLACEMENT_3D('',#6807,#5746,#5747);
#4556=AXIS2_PLACEMENT_3D('',#6808,#5748,#5749);
#4557=AXIS2_PLACEMENT_3D('',#6810,#5750,#5751);
#4558=AXIS2_PLACEMENT_3D('',#6813,#5753,#5754);
#4559=AXIS2_PLACEMENT_3D('',#6814,#5755,#5756);
#4560=AXIS2_PLACEMENT_3D('',#6816,#5757,#5758);
#4561=AXIS2_PLACEMENT_3D('',#6819,#5760,#5761);
#4562=AXIS2_PLACEMENT_3D('',#6820,#5762,#5763);
#4563=AXIS2_PLACEMENT_3D('',#6822,#5764,#5765);
#4564=AXIS2_PLACEMENT_3D('',#6825,#5767,#5768);
#4565=AXIS2_PLACEMENT_3D('',#6826,#5769,#5770);
#4566=AXIS2_PLACEMENT_3D('',#6828,#5771,#5772);
#4567=AXIS2_PLACEMENT_3D('',#6830,#5773,#5774);
#4568=AXIS2_PLACEMENT_3D('',#6832,#5775,#5776);
#4569=AXIS2_PLACEMENT_3D('',#6833,#5777,#5778);
#4570=AXIS2_PLACEMENT_3D('',#6834,#5779,#5780);
#4571=AXIS2_PLACEMENT_3D('',#6835,#5781,#5782);
#4572=AXIS2_PLACEMENT_3D('',#6838,#5784,#5785);
#4573=AXIS2_PLACEMENT_3D('',#6915,#5786,#5787);
#4574=AXIS2_PLACEMENT_3D('',#6918,#5788,#5789);
#4575=AXIS2_PLACEMENT_3D('',#6920,#5790,#5791);
#4576=AXIS2_PLACEMENT_3D('',#6921,#5792,#5793);
#4577=AXIS2_PLACEMENT_3D('',#6922,#5794,#5795);
#4578=AXIS2_PLACEMENT_3D('',#6923,#5796,#5797);
#4579=AXIS2_PLACEMENT_3D('',#6924,#5798,#5799);
#4580=AXIS2_PLACEMENT_3D('',#6927,#5801,#5802);
#4581=AXIS2_PLACEMENT_3D('',#7004,#5803,#5804);
#4582=AXIS2_PLACEMENT_3D('',#7006,#5806,#5807);
#4583=AXIS2_PLACEMENT_3D('',#7008,#5809,#5810);
#4584=DIRECTION('axis',(0.,0.,1.));
#4585=DIRECTION('refdir',(1.,0.,0.));
#4586=DIRECTION('center_axis',(0.,-1.,0.));
#4587=DIRECTION('ref_axis',(-1.,0.,0.));
#4588=DIRECTION('center_axis',(0.,-1.,0.));
#4589=DIRECTION('ref_axis',(-1.,0.,0.));
#4590=DIRECTION('',(0.,-1.,0.));
#4591=DIRECTION('center_axis',(0.,1.,0.));
#4592=DIRECTION('ref_axis',(-1.,0.,0.));
#4593=DIRECTION('center_axis',(0.,-1.,0.));
#4594=DIRECTION('ref_axis',(-1.,0.,0.));
#4595=DIRECTION('center_axis',(0.,-1.,0.));
#4596=DIRECTION('ref_axis',(-1.,0.,0.));
#4597=DIRECTION('',(0.,-1.,0.));
#4598=DIRECTION('center_axis',(0.,1.,0.));
#4599=DIRECTION('ref_axis',(-1.,0.,0.));
#4600=DIRECTION('center_axis',(0.,-1.,0.));
#4601=DIRECTION('ref_axis',(-1.,0.,0.));
#4602=DIRECTION('center_axis',(0.,-1.,0.));
#4603=DIRECTION('ref_axis',(-1.,0.,0.));
#4604=DIRECTION('',(0.,-1.,0.));
#4605=DIRECTION('center_axis',(0.,1.,0.));
#4606=DIRECTION('ref_axis',(-1.,0.,0.));
#4607=DIRECTION('center_axis',(0.,-1.,0.));
#4608=DIRECTION('ref_axis',(-1.,0.,0.));
#4609=DIRECTION('center_axis',(0.,-1.,0.));
#4610=DIRECTION('ref_axis',(-1.,0.,0.));
#4611=DIRECTION('',(0.,-1.,0.));
#4612=DIRECTION('center_axis',(0.,1.,0.));
#4613=DIRECTION('ref_axis',(-1.,0.,0.));
#4614=DIRECTION('center_axis',(0.,-1.,0.));
#4615=DIRECTION('ref_axis',(-1.,0.,0.));
#4616=DIRECTION('center_axis',(0.,-1.,0.));
#4617=DIRECTION('ref_axis',(-1.,0.,0.));
#4618=DIRECTION('',(0.,-1.,0.));
#4619=DIRECTION('center_axis',(0.,1.,0.));
#4620=DIRECTION('ref_axis',(-1.,0.,0.));
#4621=DIRECTION('center_axis',(0.,-1.,0.));
#4622=DIRECTION('ref_axis',(-1.,0.,0.));
#4623=DIRECTION('center_axis',(0.,-1.,0.));
#4624=DIRECTION('ref_axis',(-1.,0.,0.));
#4625=DIRECTION('',(0.,-1.,0.));
#4626=DIRECTION('center_axis',(0.,1.,0.));
#4627=DIRECTION('ref_axis',(-1.,0.,0.));
#4628=DIRECTION('center_axis',(0.,-1.,0.));
#4629=DIRECTION('ref_axis',(-1.,0.,0.));
#4630=DIRECTION('center_axis',(0.,-1.,0.));
#4631=DIRECTION('ref_axis',(-1.,0.,0.));
#4632=DIRECTION('',(0.,-1.,0.));
#4633=DIRECTION('center_axis',(0.,1.,0.));
#4634=DIRECTION('ref_axis',(-1.,0.,0.));
#4635=DIRECTION('center_axis',(0.,-1.,0.));
#4636=DIRECTION('ref_axis',(-1.,0.,0.));
#4637=DIRECTION('center_axis',(0.,-1.,0.));
#4638=DIRECTION('ref_axis',(-1.,0.,0.));
#4639=DIRECTION('',(0.,-1.,0.));
#4640=DIRECTION('center_axis',(0.,1.,0.));
#4641=DIRECTION('ref_axis',(-1.,0.,0.));
#4642=DIRECTION('center_axis',(0.,-1.,0.));
#4643=DIRECTION('ref_axis',(-1.,0.,0.));
#4644=DIRECTION('center_axis',(0.,-1.,0.));
#4645=DIRECTION('ref_axis',(-1.,0.,0.));
#4646=DIRECTION('',(0.,-1.,0.));
#4647=DIRECTION('center_axis',(0.,1.,0.));
#4648=DIRECTION('ref_axis',(-1.,0.,0.));
#4649=DIRECTION('center_axis',(0.,-1.,0.));
#4650=DIRECTION('ref_axis',(-1.,0.,0.));
#4651=DIRECTION('center_axis',(0.,-1.,0.));
#4652=DIRECTION('ref_axis',(-1.,0.,0.));
#4653=DIRECTION('',(0.,-1.,0.));
#4654=DIRECTION('center_axis',(0.,1.,0.));
#4655=DIRECTION('ref_axis',(-1.,0.,0.));
#4656=DIRECTION('center_axis',(0.,-1.,0.));
#4657=DIRECTION('ref_axis',(-1.,0.,0.));
#4658=DIRECTION('center_axis',(0.,-1.,0.));
#4659=DIRECTION('ref_axis',(-1.,0.,0.));
#4660=DIRECTION('',(0.,-1.,0.));
#4661=DIRECTION('center_axis',(0.,1.,0.));
#4662=DIRECTION('ref_axis',(-1.,0.,0.));
#4663=DIRECTION('center_axis',(0.,-1.,0.));
#4664=DIRECTION('ref_axis',(-1.,0.,0.));
#4665=DIRECTION('center_axis',(0.,-1.,0.));
#4666=DIRECTION('ref_axis',(-1.,0.,0.));
#4667=DIRECTION('',(0.,-1.,0.));
#4668=DIRECTION('center_axis',(0.,1.,0.));
#4669=DIRECTION('ref_axis',(-1.,0.,0.));
#4670=DIRECTION('center_axis',(0.,-1.,0.));
#4671=DIRECTION('ref_axis',(-1.,0.,0.));
#4672=DIRECTION('center_axis',(0.,-1.,0.));
#4673=DIRECTION('ref_axis',(-1.,0.,0.));
#4674=DIRECTION('',(0.,-1.,0.));
#4675=DIRECTION('center_axis',(0.,1.,0.));
#4676=DIRECTION('ref_axis',(-1.,0.,0.));
#4677=DIRECTION('center_axis',(0.,-1.,0.));
#4678=DIRECTION('ref_axis',(-1.,0.,0.));
#4679=DIRECTION('center_axis',(0.,-1.,0.));
#4680=DIRECTION('ref_axis',(-1.,0.,0.));
#4681=DIRECTION('',(0.,-1.,0.));
#4682=DIRECTION('center_axis',(0.,1.,0.));
#4683=DIRECTION('ref_axis',(-1.,0.,0.));
#4684=DIRECTION('center_axis',(0.,-1.,0.));
#4685=DIRECTION('ref_axis',(-1.,0.,0.));
#4686=DIRECTION('center_axis',(0.,-1.,0.));
#4687=DIRECTION('ref_axis',(-1.,0.,0.));
#4688=DIRECTION('',(0.,-1.,0.));
#4689=DIRECTION('center_axis',(0.,1.,0.));
#4690=DIRECTION('ref_axis',(-1.,0.,0.));
#4691=DIRECTION('center_axis',(0.,-1.,0.));
#4692=DIRECTION('ref_axis',(-1.,0.,0.));
#4693=DIRECTION('center_axis',(0.,-1.,0.));
#4694=DIRECTION('ref_axis',(-1.,0.,0.));
#4695=DIRECTION('',(0.,-1.,0.));
#4696=DIRECTION('center_axis',(0.,1.,0.));
#4697=DIRECTION('ref_axis',(-1.,0.,0.));
#4698=DIRECTION('center_axis',(0.,-1.,0.));
#4699=DIRECTION('ref_axis',(-1.,0.,0.));
#4700=DIRECTION('center_axis',(0.,-1.,0.));
#4701=DIRECTION('ref_axis',(-1.,0.,0.));
#4702=DIRECTION('',(0.,-1.,0.));
#4703=DIRECTION('center_axis',(0.,1.,0.));
#4704=DIRECTION('ref_axis',(-1.,0.,0.));
#4705=DIRECTION('center_axis',(0.,-1.,0.));
#4706=DIRECTION('ref_axis',(-1.,0.,0.));
#4707=DIRECTION('center_axis',(0.,-1.,0.));
#4708=DIRECTION('ref_axis',(-1.,0.,0.));
#4709=DIRECTION('',(0.,-1.,0.));
#4710=DIRECTION('center_axis',(0.,1.,0.));
#4711=DIRECTION('ref_axis',(-1.,0.,0.));
#4712=DIRECTION('center_axis',(0.,-1.,0.));
#4713=DIRECTION('ref_axis',(-1.,0.,0.));
#4714=DIRECTION('center_axis',(0.,-1.,0.));
#4715=DIRECTION('ref_axis',(-1.,0.,0.));
#4716=DIRECTION('',(0.,-1.,0.));
#4717=DIRECTION('center_axis',(0.,1.,0.));
#4718=DIRECTION('ref_axis',(-1.,0.,0.));
#4719=DIRECTION('center_axis',(0.,-1.,0.));
#4720=DIRECTION('ref_axis',(-1.,0.,0.));
#4721=DIRECTION('center_axis',(0.,-1.,0.));
#4722=DIRECTION('ref_axis',(-1.,0.,0.));
#4723=DIRECTION('',(0.,-1.,0.));
#4724=DIRECTION('center_axis',(0.,1.,0.));
#4725=DIRECTION('ref_axis',(-1.,0.,0.));
#4726=DIRECTION('center_axis',(0.,-1.,0.));
#4727=DIRECTION('ref_axis',(-1.,0.,0.));
#4728=DIRECTION('center_axis',(0.,-1.,0.));
#4729=DIRECTION('ref_axis',(-1.,0.,0.));
#4730=DIRECTION('',(0.,-1.,0.));
#4731=DIRECTION('center_axis',(0.,1.,0.));
#4732=DIRECTION('ref_axis',(-1.,0.,0.));
#4733=DIRECTION('center_axis',(0.,-1.,0.));
#4734=DIRECTION('ref_axis',(-1.,0.,0.));
#4735=DIRECTION('center_axis',(0.,-1.,0.));
#4736=DIRECTION('ref_axis',(-1.,0.,0.));
#4737=DIRECTION('',(0.,-1.,0.));
#4738=DIRECTION('center_axis',(0.,1.,0.));
#4739=DIRECTION('ref_axis',(-1.,0.,0.));
#4740=DIRECTION('center_axis',(0.,-1.,0.));
#4741=DIRECTION('ref_axis',(-1.,0.,0.));
#4742=DIRECTION('center_axis',(0.,-1.,0.));
#4743=DIRECTION('ref_axis',(-1.,0.,0.));
#4744=DIRECTION('',(0.,-1.,0.));
#4745=DIRECTION('center_axis',(0.,1.,0.));
#4746=DIRECTION('ref_axis',(-1.,0.,0.));
#4747=DIRECTION('center_axis',(0.,-1.,0.));
#4748=DIRECTION('ref_axis',(-1.,0.,0.));
#4749=DIRECTION('center_axis',(0.,-1.,0.));
#4750=DIRECTION('ref_axis',(-1.,0.,0.));
#4751=DIRECTION('',(0.,-1.,0.));
#4752=DIRECTION('center_axis',(0.,1.,0.));
#4753=DIRECTION('ref_axis',(-1.,0.,0.));
#4754=DIRECTION('center_axis',(0.,-1.,0.));
#4755=DIRECTION('ref_axis',(-1.,0.,0.));
#4756=DIRECTION('center_axis',(0.,-1.,0.));
#4757=DIRECTION('ref_axis',(-1.,0.,0.));
#4758=DIRECTION('',(0.,-1.,0.));
#4759=DIRECTION('center_axis',(0.,1.,0.));
#4760=DIRECTION('ref_axis',(-1.,0.,0.));
#4761=DIRECTION('center_axis',(0.,-1.,0.));
#4762=DIRECTION('ref_axis',(-1.,0.,0.));
#4763=DIRECTION('center_axis',(0.,-1.,0.));
#4764=DIRECTION('ref_axis',(-1.,0.,0.));
#4765=DIRECTION('',(0.,-1.,0.));
#4766=DIRECTION('center_axis',(0.,1.,0.));
#4767=DIRECTION('ref_axis',(-1.,0.,0.));
#4768=DIRECTION('center_axis',(0.,-1.,0.));
#4769=DIRECTION('ref_axis',(-1.,0.,0.));
#4770=DIRECTION('center_axis',(0.,-1.,0.));
#4771=DIRECTION('ref_axis',(-1.,0.,0.));
#4772=DIRECTION('',(0.,-1.,0.));
#4773=DIRECTION('center_axis',(0.,1.,0.));
#4774=DIRECTION('ref_axis',(-1.,0.,0.));
#4775=DIRECTION('center_axis',(0.,-1.,0.));
#4776=DIRECTION('ref_axis',(-1.,0.,0.));
#4777=DIRECTION('center_axis',(0.,-1.,0.));
#4778=DIRECTION('ref_axis',(-1.,0.,0.));
#4779=DIRECTION('',(0.,-1.,0.));
#4780=DIRECTION('center_axis',(0.,1.,0.));
#4781=DIRECTION('ref_axis',(-1.,0.,0.));
#4782=DIRECTION('center_axis',(0.,-1.,0.));
#4783=DIRECTION('ref_axis',(-1.,0.,0.));
#4784=DIRECTION('center_axis',(0.,-1.,0.));
#4785=DIRECTION('ref_axis',(-1.,0.,0.));
#4786=DIRECTION('',(0.,-1.,0.));
#4787=DIRECTION('center_axis',(0.,1.,0.));
#4788=DIRECTION('ref_axis',(-1.,0.,0.));
#4789=DIRECTION('center_axis',(0.,-1.,0.));
#4790=DIRECTION('ref_axis',(-1.,0.,0.));
#4791=DIRECTION('center_axis',(0.,-1.,0.));
#4792=DIRECTION('ref_axis',(-1.,0.,0.));
#4793=DIRECTION('',(0.,-1.,0.));
#4794=DIRECTION('center_axis',(0.,1.,0.));
#4795=DIRECTION('ref_axis',(-1.,0.,0.));
#4796=DIRECTION('center_axis',(0.,-1.,0.));
#4797=DIRECTION('ref_axis',(-1.,0.,0.));
#4798=DIRECTION('center_axis',(0.,-1.,0.));
#4799=DIRECTION('ref_axis',(-1.,0.,0.));
#4800=DIRECTION('',(0.,-1.,0.));
#4801=DIRECTION('center_axis',(0.,1.,0.));
#4802=DIRECTION('ref_axis',(-1.,0.,0.));
#4803=DIRECTION('center_axis',(0.,-1.,0.));
#4804=DIRECTION('ref_axis',(-1.,0.,0.));
#4805=DIRECTION('center_axis',(0.,-1.,0.));
#4806=DIRECTION('ref_axis',(-1.,0.,0.));
#4807=DIRECTION('',(0.,-1.,0.));
#4808=DIRECTION('center_axis',(0.,1.,0.));
#4809=DIRECTION('ref_axis',(-1.,0.,0.));
#4810=DIRECTION('center_axis',(0.,-1.,0.));
#4811=DIRECTION('ref_axis',(-1.,0.,0.));
#4812=DIRECTION('center_axis',(0.,-1.,0.));
#4813=DIRECTION('ref_axis',(-1.,0.,0.));
#4814=DIRECTION('',(0.,-1.,0.));
#4815=DIRECTION('center_axis',(0.,1.,0.));
#4816=DIRECTION('ref_axis',(-1.,0.,0.));
#4817=DIRECTION('center_axis',(0.,-1.,0.));
#4818=DIRECTION('ref_axis',(-1.,0.,0.));
#4819=DIRECTION('center_axis',(0.,-1.,0.));
#4820=DIRECTION('ref_axis',(-1.,0.,0.));
#4821=DIRECTION('',(0.,-1.,0.));
#4822=DIRECTION('center_axis',(0.,1.,0.));
#4823=DIRECTION('ref_axis',(-1.,0.,0.));
#4824=DIRECTION('center_axis',(0.,-1.,0.));
#4825=DIRECTION('ref_axis',(-1.,0.,0.));
#4826=DIRECTION('center_axis',(0.,-1.,0.));
#4827=DIRECTION('ref_axis',(-1.,0.,0.));
#4828=DIRECTION('',(0.,-1.,0.));
#4829=DIRECTION('center_axis',(0.,1.,0.));
#4830=DIRECTION('ref_axis',(-1.,0.,0.));
#4831=DIRECTION('center_axis',(0.,-1.,0.));
#4832=DIRECTION('ref_axis',(-1.,0.,0.));
#4833=DIRECTION('center_axis',(0.,-1.,0.));
#4834=DIRECTION('ref_axis',(-1.,0.,0.));
#4835=DIRECTION('',(0.,-1.,0.));
#4836=DIRECTION('center_axis',(0.,1.,0.));
#4837=DIRECTION('ref_axis',(-1.,0.,0.));
#4838=DIRECTION('center_axis',(0.,-1.,0.));
#4839=DIRECTION('ref_axis',(-1.,0.,0.));
#4840=DIRECTION('center_axis',(0.,-1.,0.));
#4841=DIRECTION('ref_axis',(-1.,0.,0.));
#4842=DIRECTION('',(0.,-1.,0.));
#4843=DIRECTION('center_axis',(0.,1.,0.));
#4844=DIRECTION('ref_axis',(-1.,0.,0.));
#4845=DIRECTION('center_axis',(0.,-1.,0.));
#4846=DIRECTION('ref_axis',(-1.,0.,0.));
#4847=DIRECTION('center_axis',(0.,-1.,0.));
#4848=DIRECTION('ref_axis',(-1.,0.,0.));
#4849=DIRECTION('',(0.,-1.,0.));
#4850=DIRECTION('center_axis',(0.,1.,0.));
#4851=DIRECTION('ref_axis',(-1.,0.,0.));
#4852=DIRECTION('center_axis',(0.,-1.,0.));
#4853=DIRECTION('ref_axis',(-1.,0.,0.));
#4854=DIRECTION('center_axis',(0.,-1.,0.));
#4855=DIRECTION('ref_axis',(-1.,0.,0.));
#4856=DIRECTION('',(0.,-1.,0.));
#4857=DIRECTION('center_axis',(0.,1.,0.));
#4858=DIRECTION('ref_axis',(-1.,0.,0.));
#4859=DIRECTION('center_axis',(0.,-1.,0.));
#4860=DIRECTION('ref_axis',(-1.,0.,0.));
#4861=DIRECTION('center_axis',(0.,-1.,0.));
#4862=DIRECTION('ref_axis',(-1.,0.,0.));
#4863=DIRECTION('',(0.,-1.,0.));
#4864=DIRECTION('center_axis',(0.,1.,0.));
#4865=DIRECTION('ref_axis',(-1.,0.,0.));
#4866=DIRECTION('center_axis',(0.,-1.,0.));
#4867=DIRECTION('ref_axis',(-1.,0.,0.));
#4868=DIRECTION('center_axis',(0.,-1.,0.));
#4869=DIRECTION('ref_axis',(-1.,0.,0.));
#4870=DIRECTION('',(0.,-1.,0.));
#4871=DIRECTION('center_axis',(0.,1.,0.));
#4872=DIRECTION('ref_axis',(-1.,0.,0.));
#4873=DIRECTION('center_axis',(0.,-1.,0.));
#4874=DIRECTION('ref_axis',(-1.,0.,0.));
#4875=DIRECTION('center_axis',(0.,-1.,0.));
#4876=DIRECTION('ref_axis',(-1.,0.,0.));
#4877=DIRECTION('',(0.,-1.,0.));
#4878=DIRECTION('center_axis',(0.,1.,0.));
#4879=DIRECTION('ref_axis',(-1.,0.,0.));
#4880=DIRECTION('center_axis',(0.,-1.,0.));
#4881=DIRECTION('ref_axis',(-1.,0.,0.));
#4882=DIRECTION('center_axis',(0.,-1.,0.));
#4883=DIRECTION('ref_axis',(-1.,0.,0.));
#4884=DIRECTION('',(0.,-1.,0.));
#4885=DIRECTION('center_axis',(0.,1.,0.));
#4886=DIRECTION('ref_axis',(-1.,0.,0.));
#4887=DIRECTION('center_axis',(0.,-1.,0.));
#4888=DIRECTION('ref_axis',(-1.,0.,0.));
#4889=DIRECTION('center_axis',(0.,-1.,0.));
#4890=DIRECTION('ref_axis',(-1.,0.,0.));
#4891=DIRECTION('',(0.,-1.,0.));
#4892=DIRECTION('center_axis',(0.,1.,0.));
#4893=DIRECTION('ref_axis',(-1.,0.,0.));
#4894=DIRECTION('center_axis',(0.,-1.,0.));
#4895=DIRECTION('ref_axis',(-1.,0.,0.));
#4896=DIRECTION('center_axis',(0.,-1.,0.));
#4897=DIRECTION('ref_axis',(-1.,0.,0.));
#4898=DIRECTION('',(0.,-1.,0.));
#4899=DIRECTION('center_axis',(0.,1.,0.));
#4900=DIRECTION('ref_axis',(-1.,0.,0.));
#4901=DIRECTION('center_axis',(0.,-1.,0.));
#4902=DIRECTION('ref_axis',(-1.,0.,0.));
#4903=DIRECTION('center_axis',(0.,-1.,0.));
#4904=DIRECTION('ref_axis',(-1.,0.,0.));
#4905=DIRECTION('',(0.,-1.,0.));
#4906=DIRECTION('center_axis',(0.,1.,0.));
#4907=DIRECTION('ref_axis',(-1.,0.,0.));
#4908=DIRECTION('center_axis',(0.,-1.,0.));
#4909=DIRECTION('ref_axis',(-1.,0.,0.));
#4910=DIRECTION('center_axis',(0.,-1.,0.));
#4911=DIRECTION('ref_axis',(-1.,0.,0.));
#4912=DIRECTION('',(0.,-1.,0.));
#4913=DIRECTION('center_axis',(0.,1.,0.));
#4914=DIRECTION('ref_axis',(-1.,0.,0.));
#4915=DIRECTION('center_axis',(0.,-1.,0.));
#4916=DIRECTION('ref_axis',(-1.,0.,0.));
#4917=DIRECTION('center_axis',(0.,-1.,0.));
#4918=DIRECTION('ref_axis',(-1.,0.,0.));
#4919=DIRECTION('',(0.,-1.,0.));
#4920=DIRECTION('center_axis',(0.,1.,0.));
#4921=DIRECTION('ref_axis',(-1.,0.,0.));
#4922=DIRECTION('center_axis',(0.,-1.,0.));
#4923=DIRECTION('ref_axis',(-1.,0.,0.));
#4924=DIRECTION('center_axis',(0.,-1.,0.));
#4925=DIRECTION('ref_axis',(-1.,0.,0.));
#4926=DIRECTION('',(0.,-1.,0.));
#4927=DIRECTION('center_axis',(0.,1.,0.));
#4928=DIRECTION('ref_axis',(-1.,0.,0.));
#4929=DIRECTION('center_axis',(0.,-1.,0.));
#4930=DIRECTION('ref_axis',(-1.,0.,0.));
#4931=DIRECTION('center_axis',(0.,-1.,0.));
#4932=DIRECTION('ref_axis',(-1.,0.,0.));
#4933=DIRECTION('',(0.,-1.,0.));
#4934=DIRECTION('center_axis',(0.,1.,0.));
#4935=DIRECTION('ref_axis',(-1.,0.,0.));
#4936=DIRECTION('center_axis',(0.,-1.,0.));
#4937=DIRECTION('ref_axis',(-1.,0.,0.));
#4938=DIRECTION('center_axis',(0.,-1.,0.));
#4939=DIRECTION('ref_axis',(-1.,0.,0.));
#4940=DIRECTION('',(0.,-1.,0.));
#4941=DIRECTION('center_axis',(0.,1.,0.));
#4942=DIRECTION('ref_axis',(-1.,0.,0.));
#4943=DIRECTION('center_axis',(0.,-1.,0.));
#4944=DIRECTION('ref_axis',(-1.,0.,0.));
#4945=DIRECTION('center_axis',(0.,-1.,0.));
#4946=DIRECTION('ref_axis',(-1.,0.,0.));
#4947=DIRECTION('',(0.,-1.,0.));
#4948=DIRECTION('center_axis',(0.,1.,0.));
#4949=DIRECTION('ref_axis',(-1.,0.,0.));
#4950=DIRECTION('center_axis',(0.,-1.,0.));
#4951=DIRECTION('ref_axis',(-1.,0.,0.));
#4952=DIRECTION('center_axis',(0.,-1.,0.));
#4953=DIRECTION('ref_axis',(-1.,0.,0.));
#4954=DIRECTION('',(0.,-1.,0.));
#4955=DIRECTION('center_axis',(0.,1.,0.));
#4956=DIRECTION('ref_axis',(-1.,0.,0.));
#4957=DIRECTION('center_axis',(0.,-1.,0.));
#4958=DIRECTION('ref_axis',(-1.,0.,0.));
#4959=DIRECTION('center_axis',(0.,-1.,0.));
#4960=DIRECTION('ref_axis',(-1.,0.,0.));
#4961=DIRECTION('',(0.,-1.,0.));
#4962=DIRECTION('center_axis',(0.,1.,0.));
#4963=DIRECTION('ref_axis',(-1.,0.,0.));
#4964=DIRECTION('center_axis',(0.,-1.,0.));
#4965=DIRECTION('ref_axis',(-1.,0.,0.));
#4966=DIRECTION('center_axis',(0.,-1.,0.));
#4967=DIRECTION('ref_axis',(-1.,0.,0.));
#4968=DIRECTION('',(0.,-1.,0.));
#4969=DIRECTION('center_axis',(0.,1.,0.));
#4970=DIRECTION('ref_axis',(-1.,0.,0.));
#4971=DIRECTION('center_axis',(0.,-1.,0.));
#4972=DIRECTION('ref_axis',(-1.,0.,0.));
#4973=DIRECTION('center_axis',(0.,-1.,0.));
#4974=DIRECTION('ref_axis',(-1.,0.,0.));
#4975=DIRECTION('',(0.,-1.,0.));
#4976=DIRECTION('center_axis',(0.,1.,0.));
#4977=DIRECTION('ref_axis',(-1.,0.,0.));
#4978=DIRECTION('center_axis',(0.,-1.,0.));
#4979=DIRECTION('ref_axis',(-1.,0.,0.));
#4980=DIRECTION('center_axis',(0.,-1.,0.));
#4981=DIRECTION('ref_axis',(-1.,0.,0.));
#4982=DIRECTION('',(0.,-1.,0.));
#4983=DIRECTION('center_axis',(0.,1.,0.));
#4984=DIRECTION('ref_axis',(-1.,0.,0.));
#4985=DIRECTION('center_axis',(0.,-1.,0.));
#4986=DIRECTION('ref_axis',(-1.,0.,0.));
#4987=DIRECTION('center_axis',(0.,-1.,0.));
#4988=DIRECTION('ref_axis',(-1.,0.,0.));
#4989=DIRECTION('',(0.,-1.,0.));
#4990=DIRECTION('center_axis',(0.,1.,0.));
#4991=DIRECTION('ref_axis',(-1.,0.,0.));
#4992=DIRECTION('center_axis',(0.,-1.,0.));
#4993=DIRECTION('ref_axis',(-1.,0.,0.));
#4994=DIRECTION('center_axis',(0.,-1.,0.));
#4995=DIRECTION('ref_axis',(-1.,0.,0.));
#4996=DIRECTION('',(0.,-1.,0.));
#4997=DIRECTION('center_axis',(0.,1.,0.));
#4998=DIRECTION('ref_axis',(-1.,0.,0.));
#4999=DIRECTION('center_axis',(0.,-1.,0.));
#5000=DIRECTION('ref_axis',(-1.,0.,0.));
#5001=DIRECTION('center_axis',(0.,-1.,0.));
#5002=DIRECTION('ref_axis',(-1.,0.,0.));
#5003=DIRECTION('',(0.,-1.,0.));
#5004=DIRECTION('center_axis',(0.,1.,0.));
#5005=DIRECTION('ref_axis',(-1.,0.,0.));
#5006=DIRECTION('center_axis',(0.,-1.,0.));
#5007=DIRECTION('ref_axis',(-1.,0.,0.));
#5008=DIRECTION('center_axis',(0.,-1.,0.));
#5009=DIRECTION('ref_axis',(-1.,0.,0.));
#5010=DIRECTION('',(0.,-1.,0.));
#5011=DIRECTION('center_axis',(0.,1.,0.));
#5012=DIRECTION('ref_axis',(-1.,0.,0.));
#5013=DIRECTION('center_axis',(0.,-1.,0.));
#5014=DIRECTION('ref_axis',(-1.,0.,0.));
#5015=DIRECTION('center_axis',(0.,-1.,0.));
#5016=DIRECTION('ref_axis',(-1.,0.,0.));
#5017=DIRECTION('',(0.,-1.,0.));
#5018=DIRECTION('center_axis',(0.,1.,0.));
#5019=DIRECTION('ref_axis',(-1.,0.,0.));
#5020=DIRECTION('center_axis',(0.,-1.,0.));
#5021=DIRECTION('ref_axis',(-1.,0.,0.));
#5022=DIRECTION('center_axis',(0.,-1.,0.));
#5023=DIRECTION('ref_axis',(-1.,0.,0.));
#5024=DIRECTION('',(0.,-1.,0.));
#5025=DIRECTION('center_axis',(0.,1.,0.));
#5026=DIRECTION('ref_axis',(-1.,0.,0.));
#5027=DIRECTION('center_axis',(0.,-1.,0.));
#5028=DIRECTION('ref_axis',(-1.,0.,0.));
#5029=DIRECTION('center_axis',(0.,-1.,0.));
#5030=DIRECTION('ref_axis',(-1.,0.,0.));
#5031=DIRECTION('',(0.,-1.,0.));
#5032=DIRECTION('center_axis',(0.,1.,0.));
#5033=DIRECTION('ref_axis',(-1.,0.,0.));
#5034=DIRECTION('center_axis',(0.,-1.,0.));
#5035=DIRECTION('ref_axis',(-1.,0.,0.));
#5036=DIRECTION('center_axis',(0.,-1.,0.));
#5037=DIRECTION('ref_axis',(-1.,0.,0.));
#5038=DIRECTION('',(0.,-1.,0.));
#5039=DIRECTION('center_axis',(0.,1.,0.));
#5040=DIRECTION('ref_axis',(-1.,0.,0.));
#5041=DIRECTION('center_axis',(0.,-1.,0.));
#5042=DIRECTION('ref_axis',(-1.,0.,0.));
#5043=DIRECTION('center_axis',(0.,-1.,0.));
#5044=DIRECTION('ref_axis',(-1.,0.,0.));
#5045=DIRECTION('',(0.,-1.,0.));
#5046=DIRECTION('center_axis',(0.,1.,0.));
#5047=DIRECTION('ref_axis',(-1.,0.,0.));
#5048=DIRECTION('center_axis',(0.,-1.,0.));
#5049=DIRECTION('ref_axis',(-1.,0.,0.));
#5050=DIRECTION('center_axis',(0.,-1.,0.));
#5051=DIRECTION('ref_axis',(-1.,0.,0.));
#5052=DIRECTION('',(0.,-1.,0.));
#5053=DIRECTION('center_axis',(0.,1.,0.));
#5054=DIRECTION('ref_axis',(-1.,0.,0.));
#5055=DIRECTION('center_axis',(0.,-1.,0.));
#5056=DIRECTION('ref_axis',(-1.,0.,0.));
#5057=DIRECTION('center_axis',(0.,-1.,0.));
#5058=DIRECTION('ref_axis',(-1.,0.,0.));
#5059=DIRECTION('',(0.,-1.,0.));
#5060=DIRECTION('center_axis',(0.,1.,0.));
#5061=DIRECTION('ref_axis',(-1.,0.,0.));
#5062=DIRECTION('center_axis',(0.,-1.,0.));
#5063=DIRECTION('ref_axis',(-1.,0.,0.));
#5064=DIRECTION('center_axis',(0.,-1.,0.));
#5065=DIRECTION('ref_axis',(-1.,0.,0.));
#5066=DIRECTION('',(0.,-1.,0.));
#5067=DIRECTION('center_axis',(0.,1.,0.));
#5068=DIRECTION('ref_axis',(-1.,0.,0.));
#5069=DIRECTION('center_axis',(0.,-1.,0.));
#5070=DIRECTION('ref_axis',(-1.,0.,0.));
#5071=DIRECTION('center_axis',(0.,-1.,0.));
#5072=DIRECTION('ref_axis',(-1.,0.,0.));
#5073=DIRECTION('',(0.,-1.,0.));
#5074=DIRECTION('center_axis',(0.,1.,0.));
#5075=DIRECTION('ref_axis',(-1.,0.,0.));
#5076=DIRECTION('center_axis',(0.,-1.,0.));
#5077=DIRECTION('ref_axis',(-1.,0.,0.));
#5078=DIRECTION('center_axis',(0.,-1.,0.));
#5079=DIRECTION('ref_axis',(-1.,0.,0.));
#5080=DIRECTION('',(0.,-1.,0.));
#5081=DIRECTION('center_axis',(0.,1.,0.));
#5082=DIRECTION('ref_axis',(-1.,0.,0.));
#5083=DIRECTION('center_axis',(0.,-1.,0.));
#5084=DIRECTION('ref_axis',(-1.,0.,0.));
#5085=DIRECTION('center_axis',(0.,-1.,0.));
#5086=DIRECTION('ref_axis',(-1.,0.,0.));
#5087=DIRECTION('',(0.,-1.,0.));
#5088=DIRECTION('center_axis',(0.,1.,0.));
#5089=DIRECTION('ref_axis',(-1.,0.,0.));
#5090=DIRECTION('center_axis',(0.,-1.,0.));
#5091=DIRECTION('ref_axis',(-1.,0.,0.));
#5092=DIRECTION('center_axis',(0.,-1.,0.));
#5093=DIRECTION('ref_axis',(-1.,0.,0.));
#5094=DIRECTION('',(0.,-1.,0.));
#5095=DIRECTION('center_axis',(0.,1.,0.));
#5096=DIRECTION('ref_axis',(-1.,0.,0.));
#5097=DIRECTION('center_axis',(0.,-1.,0.));
#5098=DIRECTION('ref_axis',(-1.,0.,0.));
#5099=DIRECTION('center_axis',(0.,-1.,0.));
#5100=DIRECTION('ref_axis',(-1.,0.,0.));
#5101=DIRECTION('',(0.,-1.,0.));
#5102=DIRECTION('center_axis',(0.,1.,0.));
#5103=DIRECTION('ref_axis',(-1.,0.,0.));
#5104=DIRECTION('center_axis',(0.,-1.,0.));
#5105=DIRECTION('ref_axis',(-1.,0.,0.));
#5106=DIRECTION('center_axis',(0.,-1.,0.));
#5107=DIRECTION('ref_axis',(-1.,0.,0.));
#5108=DIRECTION('',(0.,-1.,0.));
#5109=DIRECTION('center_axis',(0.,1.,0.));
#5110=DIRECTION('ref_axis',(-1.,0.,0.));
#5111=DIRECTION('center_axis',(0.,-1.,0.));
#5112=DIRECTION('ref_axis',(-1.,0.,0.));
#5113=DIRECTION('center_axis',(0.,-1.,0.));
#5114=DIRECTION('ref_axis',(-1.,0.,0.));
#5115=DIRECTION('',(0.,-1.,0.));
#5116=DIRECTION('center_axis',(0.,1.,0.));
#5117=DIRECTION('ref_axis',(-1.,0.,0.));
#5118=DIRECTION('center_axis',(0.,-1.,0.));
#5119=DIRECTION('ref_axis',(-1.,0.,0.));
#5120=DIRECTION('center_axis',(0.,-1.,0.));
#5121=DIRECTION('ref_axis',(-1.,0.,0.));
#5122=DIRECTION('',(0.,-1.,0.));
#5123=DIRECTION('center_axis',(0.,1.,0.));
#5124=DIRECTION('ref_axis',(-1.,0.,0.));
#5125=DIRECTION('center_axis',(0.,-1.,0.));
#5126=DIRECTION('ref_axis',(-1.,0.,0.));
#5127=DIRECTION('center_axis',(0.,-1.,0.));
#5128=DIRECTION('ref_axis',(-1.,0.,0.));
#5129=DIRECTION('',(0.,-1.,0.));
#5130=DIRECTION('center_axis',(0.,1.,0.));
#5131=DIRECTION('ref_axis',(-1.,0.,0.));
#5132=DIRECTION('center_axis',(0.,-1.,0.));
#5133=DIRECTION('ref_axis',(-1.,0.,0.));
#5134=DIRECTION('center_axis',(0.,-1.,0.));
#5135=DIRECTION('ref_axis',(-1.,0.,0.));
#5136=DIRECTION('',(0.,-1.,0.));
#5137=DIRECTION('center_axis',(0.,1.,0.));
#5138=DIRECTION('ref_axis',(-1.,0.,0.));
#5139=DIRECTION('center_axis',(0.,-1.,0.));
#5140=DIRECTION('ref_axis',(-1.,0.,0.));
#5141=DIRECTION('center_axis',(0.,-1.,0.));
#5142=DIRECTION('ref_axis',(-1.,0.,0.));
#5143=DIRECTION('',(0.,-1.,0.));
#5144=DIRECTION('center_axis',(0.,1.,0.));
#5145=DIRECTION('ref_axis',(-1.,0.,0.));
#5146=DIRECTION('center_axis',(0.,-1.,0.));
#5147=DIRECTION('ref_axis',(-1.,0.,0.));
#5148=DIRECTION('center_axis',(0.,-1.,0.));
#5149=DIRECTION('ref_axis',(-1.,0.,0.));
#5150=DIRECTION('',(0.,-1.,0.));
#5151=DIRECTION('center_axis',(0.,1.,0.));
#5152=DIRECTION('ref_axis',(-1.,0.,0.));
#5153=DIRECTION('center_axis',(0.,-1.,0.));
#5154=DIRECTION('ref_axis',(-1.,0.,0.));
#5155=DIRECTION('center_axis',(0.,-1.,0.));
#5156=DIRECTION('ref_axis',(-1.,0.,0.));
#5157=DIRECTION('',(0.,-1.,0.));
#5158=DIRECTION('center_axis',(0.,1.,0.));
#5159=DIRECTION('ref_axis',(-1.,0.,0.));
#5160=DIRECTION('center_axis',(0.,-1.,0.));
#5161=DIRECTION('ref_axis',(-1.,0.,0.));
#5162=DIRECTION('center_axis',(0.,-1.,0.));
#5163=DIRECTION('ref_axis',(-1.,0.,0.));
#5164=DIRECTION('',(0.,-1.,0.));
#5165=DIRECTION('center_axis',(0.,1.,0.));
#5166=DIRECTION('ref_axis',(-1.,0.,0.));
#5167=DIRECTION('center_axis',(0.,-1.,0.));
#5168=DIRECTION('ref_axis',(-1.,0.,0.));
#5169=DIRECTION('center_axis',(0.,-1.,0.));
#5170=DIRECTION('ref_axis',(-1.,0.,0.));
#5171=DIRECTION('',(0.,-1.,0.));
#5172=DIRECTION('center_axis',(0.,1.,0.));
#5173=DIRECTION('ref_axis',(-1.,0.,0.));
#5174=DIRECTION('center_axis',(0.,-1.,0.));
#5175=DIRECTION('ref_axis',(-1.,0.,0.));
#5176=DIRECTION('center_axis',(0.,-1.,0.));
#5177=DIRECTION('ref_axis',(-1.,0.,0.));
#5178=DIRECTION('',(0.,-1.,0.));
#5179=DIRECTION('center_axis',(0.,1.,0.));
#5180=DIRECTION('ref_axis',(-1.,0.,0.));
#5181=DIRECTION('center_axis',(0.,-1.,0.));
#5182=DIRECTION('ref_axis',(-1.,0.,0.));
#5183=DIRECTION('center_axis',(0.,-1.,0.));
#5184=DIRECTION('ref_axis',(-1.,0.,0.));
#5185=DIRECTION('',(0.,-1.,0.));
#5186=DIRECTION('center_axis',(0.,1.,0.));
#5187=DIRECTION('ref_axis',(-1.,0.,0.));
#5188=DIRECTION('center_axis',(0.,-1.,0.));
#5189=DIRECTION('ref_axis',(-1.,0.,0.));
#5190=DIRECTION('center_axis',(0.,-1.,0.));
#5191=DIRECTION('ref_axis',(-1.,0.,0.));
#5192=DIRECTION('',(0.,-1.,0.));
#5193=DIRECTION('center_axis',(0.,1.,0.));
#5194=DIRECTION('ref_axis',(-1.,0.,0.));
#5195=DIRECTION('center_axis',(0.,-1.,0.));
#5196=DIRECTION('ref_axis',(-1.,0.,0.));
#5197=DIRECTION('center_axis',(0.,-1.,0.));
#5198=DIRECTION('ref_axis',(-1.,0.,0.));
#5199=DIRECTION('',(0.,-1.,0.));
#5200=DIRECTION('center_axis',(0.,1.,0.));
#5201=DIRECTION('ref_axis',(-1.,0.,0.));
#5202=DIRECTION('center_axis',(0.,-1.,0.));
#5203=DIRECTION('ref_axis',(-1.,0.,0.));
#5204=DIRECTION('center_axis',(0.,-1.,0.));
#5205=DIRECTION('ref_axis',(-1.,0.,0.));
#5206=DIRECTION('',(0.,-1.,0.));
#5207=DIRECTION('center_axis',(0.,1.,0.));
#5208=DIRECTION('ref_axis',(-1.,0.,0.));
#5209=DIRECTION('center_axis',(0.,-1.,0.));
#5210=DIRECTION('ref_axis',(-1.,0.,0.));
#5211=DIRECTION('center_axis',(0.,-1.,0.));
#5212=DIRECTION('ref_axis',(-1.,0.,0.));
#5213=DIRECTION('',(0.,-1.,0.));
#5214=DIRECTION('center_axis',(0.,1.,0.));
#5215=DIRECTION('ref_axis',(-1.,0.,0.));
#5216=DIRECTION('center_axis',(0.,-1.,0.));
#5217=DIRECTION('ref_axis',(-1.,0.,0.));
#5218=DIRECTION('center_axis',(0.,-1.,0.));
#5219=DIRECTION('ref_axis',(-1.,0.,0.));
#5220=DIRECTION('',(0.,-1.,0.));
#5221=DIRECTION('center_axis',(0.,1.,0.));
#5222=DIRECTION('ref_axis',(-1.,0.,0.));
#5223=DIRECTION('center_axis',(0.,-1.,0.));
#5224=DIRECTION('ref_axis',(-1.,0.,0.));
#5225=DIRECTION('center_axis',(0.,-1.,0.));
#5226=DIRECTION('ref_axis',(-1.,0.,0.));
#5227=DIRECTION('',(0.,-1.,0.));
#5228=DIRECTION('center_axis',(0.,1.,0.));
#5229=DIRECTION('ref_axis',(-1.,0.,0.));
#5230=DIRECTION('center_axis',(0.,-1.,0.));
#5231=DIRECTION('ref_axis',(-1.,0.,0.));
#5232=DIRECTION('center_axis',(0.,-1.,0.));
#5233=DIRECTION('ref_axis',(-1.,0.,0.));
#5234=DIRECTION('',(0.,-1.,0.));
#5235=DIRECTION('center_axis',(0.,1.,0.));
#5236=DIRECTION('ref_axis',(-1.,0.,0.));
#5237=DIRECTION('center_axis',(0.,-1.,0.));
#5238=DIRECTION('ref_axis',(-1.,0.,0.));
#5239=DIRECTION('center_axis',(0.,-1.,0.));
#5240=DIRECTION('ref_axis',(-1.,0.,0.));
#5241=DIRECTION('',(0.,-1.,0.));
#5242=DIRECTION('center_axis',(0.,1.,0.));
#5243=DIRECTION('ref_axis',(-1.,0.,0.));
#5244=DIRECTION('center_axis',(0.,-1.,0.));
#5245=DIRECTION('ref_axis',(-1.,0.,0.));
#5246=DIRECTION('center_axis',(0.,-1.,0.));
#5247=DIRECTION('ref_axis',(-1.,0.,0.));
#5248=DIRECTION('',(0.,-1.,0.));
#5249=DIRECTION('center_axis',(0.,1.,0.));
#5250=DIRECTION('ref_axis',(-1.,0.,0.));
#5251=DIRECTION('center_axis',(0.,-1.,0.));
#5252=DIRECTION('ref_axis',(-1.,0.,0.));
#5253=DIRECTION('center_axis',(0.,-1.,0.));
#5254=DIRECTION('ref_axis',(-1.,0.,0.));
#5255=DIRECTION('',(0.,-1.,0.));
#5256=DIRECTION('center_axis',(0.,1.,0.));
#5257=DIRECTION('ref_axis',(-1.,0.,0.));
#5258=DIRECTION('center_axis',(0.,-1.,0.));
#5259=DIRECTION('ref_axis',(-1.,0.,0.));
#5260=DIRECTION('center_axis',(0.,-1.,0.));
#5261=DIRECTION('ref_axis',(-1.,0.,0.));
#5262=DIRECTION('',(0.,-1.,0.));
#5263=DIRECTION('center_axis',(0.,1.,0.));
#5264=DIRECTION('ref_axis',(-1.,0.,0.));
#5265=DIRECTION('center_axis',(0.,-1.,0.));
#5266=DIRECTION('ref_axis',(-1.,0.,0.));
#5267=DIRECTION('center_axis',(0.,-1.,0.));
#5268=DIRECTION('ref_axis',(-1.,0.,0.));
#5269=DIRECTION('',(0.,-1.,0.));
#5270=DIRECTION('center_axis',(0.,1.,0.));
#5271=DIRECTION('ref_axis',(-1.,0.,0.));
#5272=DIRECTION('center_axis',(0.,-1.,0.));
#5273=DIRECTION('ref_axis',(-1.,0.,0.));
#5274=DIRECTION('center_axis',(0.,-1.,0.));
#5275=DIRECTION('ref_axis',(-1.,0.,0.));
#5276=DIRECTION('',(0.,-1.,0.));
#5277=DIRECTION('center_axis',(0.,1.,0.));
#5278=DIRECTION('ref_axis',(-1.,0.,0.));
#5279=DIRECTION('center_axis',(0.,-1.,0.));
#5280=DIRECTION('ref_axis',(-1.,0.,0.));
#5281=DIRECTION('center_axis',(0.,-1.,0.));
#5282=DIRECTION('ref_axis',(-1.,0.,0.));
#5283=DIRECTION('',(0.,-1.,0.));
#5284=DIRECTION('center_axis',(0.,1.,0.));
#5285=DIRECTION('ref_axis',(-1.,0.,0.));
#5286=DIRECTION('center_axis',(0.,-1.,0.));
#5287=DIRECTION('ref_axis',(-1.,0.,0.));
#5288=DIRECTION('center_axis',(0.,-1.,0.));
#5289=DIRECTION('ref_axis',(-1.,0.,0.));
#5290=DIRECTION('',(0.,-1.,0.));
#5291=DIRECTION('center_axis',(0.,1.,0.));
#5292=DIRECTION('ref_axis',(-1.,0.,0.));
#5293=DIRECTION('center_axis',(0.,-1.,0.));
#5294=DIRECTION('ref_axis',(-1.,0.,0.));
#5295=DIRECTION('center_axis',(0.,-1.,0.));
#5296=DIRECTION('ref_axis',(-1.,0.,0.));
#5297=DIRECTION('',(0.,-1.,0.));
#5298=DIRECTION('center_axis',(0.,1.,0.));
#5299=DIRECTION('ref_axis',(-1.,0.,0.));
#5300=DIRECTION('center_axis',(0.,-1.,0.));
#5301=DIRECTION('ref_axis',(-1.,0.,0.));
#5302=DIRECTION('center_axis',(0.,-1.,0.));
#5303=DIRECTION('ref_axis',(-1.,0.,0.));
#5304=DIRECTION('',(0.,-1.,0.));
#5305=DIRECTION('center_axis',(0.,1.,0.));
#5306=DIRECTION('ref_axis',(-1.,0.,0.));
#5307=DIRECTION('center_axis',(0.,-1.,0.));
#5308=DIRECTION('ref_axis',(-1.,0.,0.));
#5309=DIRECTION('center_axis',(0.,-1.,0.));
#5310=DIRECTION('ref_axis',(-1.,0.,0.));
#5311=DIRECTION('',(0.,-1.,0.));
#5312=DIRECTION('center_axis',(0.,1.,0.));
#5313=DIRECTION('ref_axis',(-1.,0.,0.));
#5314=DIRECTION('center_axis',(0.,-1.,0.));
#5315=DIRECTION('ref_axis',(-1.,0.,0.));
#5316=DIRECTION('center_axis',(0.,-1.,0.));
#5317=DIRECTION('ref_axis',(-1.,0.,0.));
#5318=DIRECTION('',(0.,-1.,0.));
#5319=DIRECTION('center_axis',(0.,1.,0.));
#5320=DIRECTION('ref_axis',(-1.,0.,0.));
#5321=DIRECTION('center_axis',(0.,-1.,0.));
#5322=DIRECTION('ref_axis',(-1.,0.,0.));
#5323=DIRECTION('center_axis',(0.,-1.,0.));
#5324=DIRECTION('ref_axis',(-1.,0.,0.));
#5325=DIRECTION('',(0.,-1.,0.));
#5326=DIRECTION('center_axis',(0.,1.,0.));
#5327=DIRECTION('ref_axis',(-1.,0.,0.));
#5328=DIRECTION('center_axis',(0.,-1.,0.));
#5329=DIRECTION('ref_axis',(-1.,0.,0.));
#5330=DIRECTION('center_axis',(0.,-1.,0.));
#5331=DIRECTION('ref_axis',(-1.,0.,0.));
#5332=DIRECTION('',(0.,-1.,0.));
#5333=DIRECTION('center_axis',(0.,1.,0.));
#5334=DIRECTION('ref_axis',(-1.,0.,0.));
#5335=DIRECTION('center_axis',(0.,-1.,0.));
#5336=DIRECTION('ref_axis',(-1.,0.,0.));
#5337=DIRECTION('center_axis',(0.,-1.,0.));
#5338=DIRECTION('ref_axis',(-1.,0.,0.));
#5339=DIRECTION('',(0.,-1.,0.));
#5340=DIRECTION('center_axis',(0.,1.,0.));
#5341=DIRECTION('ref_axis',(-1.,0.,0.));
#5342=DIRECTION('center_axis',(0.,-1.,0.));
#5343=DIRECTION('ref_axis',(-1.,0.,0.));
#5344=DIRECTION('center_axis',(0.,-1.,0.));
#5345=DIRECTION('ref_axis',(-1.,0.,0.));
#5346=DIRECTION('',(0.,-1.,0.));
#5347=DIRECTION('center_axis',(0.,1.,0.));
#5348=DIRECTION('ref_axis',(-1.,0.,0.));
#5349=DIRECTION('center_axis',(0.,-1.,0.));
#5350=DIRECTION('ref_axis',(-1.,0.,0.));
#5351=DIRECTION('center_axis',(0.,-1.,0.));
#5352=DIRECTION('ref_axis',(-1.,0.,0.));
#5353=DIRECTION('',(0.,-1.,0.));
#5354=DIRECTION('center_axis',(0.,1.,0.));
#5355=DIRECTION('ref_axis',(-1.,0.,0.));
#5356=DIRECTION('center_axis',(0.,-1.,0.));
#5357=DIRECTION('ref_axis',(-1.,0.,0.));
#5358=DIRECTION('center_axis',(0.,-1.,0.));
#5359=DIRECTION('ref_axis',(-1.,0.,0.));
#5360=DIRECTION('',(0.,-1.,0.));
#5361=DIRECTION('center_axis',(0.,1.,0.));
#5362=DIRECTION('ref_axis',(-1.,0.,0.));
#5363=DIRECTION('center_axis',(0.,-1.,0.));
#5364=DIRECTION('ref_axis',(-1.,0.,0.));
#5365=DIRECTION('center_axis',(0.,-1.,0.));
#5366=DIRECTION('ref_axis',(-1.,0.,0.));
#5367=DIRECTION('',(0.,-1.,0.));
#5368=DIRECTION('center_axis',(0.,1.,0.));
#5369=DIRECTION('ref_axis',(-1.,0.,0.));
#5370=DIRECTION('center_axis',(0.,-1.,0.));
#5371=DIRECTION('ref_axis',(-1.,0.,0.));
#5372=DIRECTION('center_axis',(0.,-1.,0.));
#5373=DIRECTION('ref_axis',(-1.,0.,0.));
#5374=DIRECTION('',(0.,-1.,0.));
#5375=DIRECTION('center_axis',(0.,1.,0.));
#5376=DIRECTION('ref_axis',(-1.,0.,0.));
#5377=DIRECTION('center_axis',(0.,-1.,0.));
#5378=DIRECTION('ref_axis',(-1.,0.,0.));
#5379=DIRECTION('center_axis',(0.,-1.,0.));
#5380=DIRECTION('ref_axis',(-1.,0.,0.));
#5381=DIRECTION('',(0.,-1.,0.));
#5382=DIRECTION('center_axis',(0.,1.,0.));
#5383=DIRECTION('ref_axis',(-1.,0.,0.));
#5384=DIRECTION('center_axis',(0.,-1.,0.));
#5385=DIRECTION('ref_axis',(-1.,0.,0.));
#5386=DIRECTION('center_axis',(0.,-1.,0.));
#5387=DIRECTION('ref_axis',(-1.,0.,0.));
#5388=DIRECTION('',(0.,-1.,0.));
#5389=DIRECTION('center_axis',(0.,1.,0.));
#5390=DIRECTION('ref_axis',(-1.,0.,0.));
#5391=DIRECTION('center_axis',(0.,-1.,0.));
#5392=DIRECTION('ref_axis',(-1.,0.,0.));
#5393=DIRECTION('center_axis',(0.,-1.,0.));
#5394=DIRECTION('ref_axis',(-1.,0.,0.));
#5395=DIRECTION('',(0.,-1.,0.));
#5396=DIRECTION('center_axis',(0.,1.,0.));
#5397=DIRECTION('ref_axis',(-1.,0.,0.));
#5398=DIRECTION('center_axis',(0.,-1.,0.));
#5399=DIRECTION('ref_axis',(-1.,0.,0.));
#5400=DIRECTION('center_axis',(0.,-1.,0.));
#5401=DIRECTION('ref_axis',(-1.,0.,0.));
#5402=DIRECTION('',(0.,-1.,0.));
#5403=DIRECTION('center_axis',(0.,1.,0.));
#5404=DIRECTION('ref_axis',(-1.,0.,0.));
#5405=DIRECTION('center_axis',(0.,-1.,0.));
#5406=DIRECTION('ref_axis',(-1.,0.,0.));
#5407=DIRECTION('center_axis',(0.,-1.,0.));
#5408=DIRECTION('ref_axis',(-1.,0.,0.));
#5409=DIRECTION('',(0.,-1.,0.));
#5410=DIRECTION('center_axis',(0.,1.,0.));
#5411=DIRECTION('ref_axis',(-1.,0.,0.));
#5412=DIRECTION('center_axis',(0.,-1.,0.));
#5413=DIRECTION('ref_axis',(-1.,0.,0.));
#5414=DIRECTION('center_axis',(0.,-1.,0.));
#5415=DIRECTION('ref_axis',(-1.,0.,0.));
#5416=DIRECTION('',(0.,-1.,0.));
#5417=DIRECTION('center_axis',(0.,1.,0.));
#5418=DIRECTION('ref_axis',(-1.,0.,0.));
#5419=DIRECTION('center_axis',(0.,-1.,0.));
#5420=DIRECTION('ref_axis',(-1.,0.,0.));
#5421=DIRECTION('center_axis',(0.,-1.,0.));
#5422=DIRECTION('ref_axis',(-1.,0.,0.));
#5423=DIRECTION('',(0.,-1.,0.));
#5424=DIRECTION('center_axis',(0.,1.,0.));
#5425=DIRECTION('ref_axis',(-1.,0.,0.));
#5426=DIRECTION('center_axis',(0.,-1.,0.));
#5427=DIRECTION('ref_axis',(-1.,0.,0.));
#5428=DIRECTION('center_axis',(0.,-1.,0.));
#5429=DIRECTION('ref_axis',(-1.,0.,0.));
#5430=DIRECTION('',(0.,-1.,0.));
#5431=DIRECTION('center_axis',(0.,1.,0.));
#5432=DIRECTION('ref_axis',(-1.,0.,0.));
#5433=DIRECTION('center_axis',(0.,-1.,0.));
#5434=DIRECTION('ref_axis',(-1.,0.,0.));
#5435=DIRECTION('center_axis',(0.,-1.,0.));
#5436=DIRECTION('ref_axis',(-1.,0.,0.));
#5437=DIRECTION('',(0.,-1.,0.));
#5438=DIRECTION('center_axis',(0.,1.,0.));
#5439=DIRECTION('ref_axis',(-1.,0.,0.));
#5440=DIRECTION('center_axis',(0.,-1.,0.));
#5441=DIRECTION('ref_axis',(-1.,0.,0.));
#5442=DIRECTION('center_axis',(0.,-1.,0.));
#5443=DIRECTION('ref_axis',(-1.,0.,0.));
#5444=DIRECTION('',(0.,-1.,0.));
#5445=DIRECTION('center_axis',(0.,1.,0.));
#5446=DIRECTION('ref_axis',(-1.,0.,0.));
#5447=DIRECTION('center_axis',(0.,-1.,0.));
#5448=DIRECTION('ref_axis',(-1.,0.,0.));
#5449=DIRECTION('center_axis',(0.,-1.,0.));
#5450=DIRECTION('ref_axis',(-1.,0.,0.));
#5451=DIRECTION('',(0.,-1.,0.));
#5452=DIRECTION('center_axis',(0.,1.,0.));
#5453=DIRECTION('ref_axis',(-1.,0.,0.));
#5454=DIRECTION('center_axis',(0.,-1.,0.));
#5455=DIRECTION('ref_axis',(-1.,0.,0.));
#5456=DIRECTION('center_axis',(0.,-1.,0.));
#5457=DIRECTION('ref_axis',(-1.,0.,0.));
#5458=DIRECTION('',(0.,-1.,0.));
#5459=DIRECTION('center_axis',(0.,1.,0.));
#5460=DIRECTION('ref_axis',(-1.,0.,0.));
#5461=DIRECTION('center_axis',(0.,-1.,0.));
#5462=DIRECTION('ref_axis',(-1.,0.,0.));
#5463=DIRECTION('center_axis',(0.,-1.,0.));
#5464=DIRECTION('ref_axis',(-1.,0.,0.));
#5465=DIRECTION('',(0.,-1.,0.));
#5466=DIRECTION('center_axis',(0.,1.,0.));
#5467=DIRECTION('ref_axis',(-1.,0.,0.));
#5468=DIRECTION('center_axis',(0.,-1.,0.));
#5469=DIRECTION('ref_axis',(-1.,0.,0.));
#5470=DIRECTION('center_axis',(0.,-1.,0.));
#5471=DIRECTION('ref_axis',(-1.,0.,0.));
#5472=DIRECTION('',(0.,-1.,0.));
#5473=DIRECTION('center_axis',(0.,1.,0.));
#5474=DIRECTION('ref_axis',(-1.,0.,0.));
#5475=DIRECTION('center_axis',(0.,-1.,0.));
#5476=DIRECTION('ref_axis',(-1.,0.,0.));
#5477=DIRECTION('center_axis',(0.,-1.,0.));
#5478=DIRECTION('ref_axis',(-1.,0.,0.));
#5479=DIRECTION('',(0.,-1.,0.));
#5480=DIRECTION('center_axis',(0.,1.,0.));
#5481=DIRECTION('ref_axis',(-1.,0.,0.));
#5482=DIRECTION('center_axis',(0.,-1.,0.));
#5483=DIRECTION('ref_axis',(-1.,0.,0.));
#5484=DIRECTION('center_axis',(0.,-1.,0.));
#5485=DIRECTION('ref_axis',(-1.,0.,0.));
#5486=DIRECTION('',(0.,-1.,0.));
#5487=DIRECTION('center_axis',(0.,1.,0.));
#5488=DIRECTION('ref_axis',(-1.,0.,0.));
#5489=DIRECTION('center_axis',(0.,-1.,0.));
#5490=DIRECTION('ref_axis',(-1.,0.,0.));
#5491=DIRECTION('center_axis',(0.,-1.,0.));
#5492=DIRECTION('ref_axis',(-1.,0.,0.));
#5493=DIRECTION('',(0.,-1.,0.));
#5494=DIRECTION('center_axis',(0.,1.,0.));
#5495=DIRECTION('ref_axis',(-1.,0.,0.));
#5496=DIRECTION('center_axis',(0.,-1.,0.));
#5497=DIRECTION('ref_axis',(-1.,0.,0.));
#5498=DIRECTION('center_axis',(0.,-1.,0.));
#5499=DIRECTION('ref_axis',(-1.,0.,0.));
#5500=DIRECTION('',(0.,-1.,0.));
#5501=DIRECTION('center_axis',(0.,1.,0.));
#5502=DIRECTION('ref_axis',(-1.,0.,0.));
#5503=DIRECTION('center_axis',(0.,-1.,0.));
#5504=DIRECTION('ref_axis',(-1.,0.,0.));
#5505=DIRECTION('center_axis',(0.,-1.,0.));
#5506=DIRECTION('ref_axis',(-1.,0.,0.));
#5507=DIRECTION('',(0.,-1.,0.));
#5508=DIRECTION('center_axis',(0.,1.,0.));
#5509=DIRECTION('ref_axis',(-1.,0.,0.));
#5510=DIRECTION('center_axis',(0.,-1.,0.));
#5511=DIRECTION('ref_axis',(-1.,0.,0.));
#5512=DIRECTION('center_axis',(0.,-1.,0.));
#5513=DIRECTION('ref_axis',(-1.,0.,0.));
#5514=DIRECTION('',(0.,-1.,0.));
#5515=DIRECTION('center_axis',(0.,1.,0.));
#5516=DIRECTION('ref_axis',(-1.,0.,0.));
#5517=DIRECTION('center_axis',(0.,-1.,0.));
#5518=DIRECTION('ref_axis',(-1.,0.,0.));
#5519=DIRECTION('center_axis',(0.,-1.,0.));
#5520=DIRECTION('ref_axis',(-1.,0.,0.));
#5521=DIRECTION('',(0.,-1.,0.));
#5522=DIRECTION('center_axis',(0.,1.,0.));
#5523=DIRECTION('ref_axis',(-1.,0.,0.));
#5524=DIRECTION('center_axis',(0.,-1.,0.));
#5525=DIRECTION('ref_axis',(-1.,0.,0.));
#5526=DIRECTION('center_axis',(0.,-1.,0.));
#5527=DIRECTION('ref_axis',(-1.,0.,0.));
#5528=DIRECTION('',(0.,-1.,0.));
#5529=DIRECTION('center_axis',(0.,1.,0.));
#5530=DIRECTION('ref_axis',(-1.,0.,0.));
#5531=DIRECTION('center_axis',(0.,-1.,0.));
#5532=DIRECTION('ref_axis',(-1.,0.,0.));
#5533=DIRECTION('center_axis',(0.,-1.,0.));
#5534=DIRECTION('ref_axis',(-1.,0.,0.));
#5535=DIRECTION('',(0.,-1.,0.));
#5536=DIRECTION('center_axis',(0.,1.,0.));
#5537=DIRECTION('ref_axis',(-1.,0.,0.));
#5538=DIRECTION('center_axis',(0.,-1.,0.));
#5539=DIRECTION('ref_axis',(-1.,0.,0.));
#5540=DIRECTION('center_axis',(0.,-1.,0.));
#5541=DIRECTION('ref_axis',(-1.,0.,0.));
#5542=DIRECTION('',(0.,-1.,0.));
#5543=DIRECTION('center_axis',(0.,1.,0.));
#5544=DIRECTION('ref_axis',(-1.,0.,0.));
#5545=DIRECTION('center_axis',(0.,-1.,0.));
#5546=DIRECTION('ref_axis',(-1.,0.,0.));
#5547=DIRECTION('center_axis',(0.,-1.,0.));
#5548=DIRECTION('ref_axis',(-1.,0.,0.));
#5549=DIRECTION('',(0.,-1.,0.));
#5550=DIRECTION('center_axis',(0.,1.,0.));
#5551=DIRECTION('ref_axis',(-1.,0.,0.));
#5552=DIRECTION('center_axis',(0.,-1.,0.));
#5553=DIRECTION('ref_axis',(-1.,0.,0.));
#5554=DIRECTION('center_axis',(0.,-1.,0.));
#5555=DIRECTION('ref_axis',(-1.,0.,0.));
#5556=DIRECTION('',(0.,-1.,0.));
#5557=DIRECTION('center_axis',(0.,1.,0.));
#5558=DIRECTION('ref_axis',(-1.,0.,0.));
#5559=DIRECTION('center_axis',(0.,-1.,0.));
#5560=DIRECTION('ref_axis',(-1.,0.,0.));
#5561=DIRECTION('center_axis',(0.,-1.,0.));
#5562=DIRECTION('ref_axis',(-1.,0.,0.));
#5563=DIRECTION('',(0.,-1.,0.));
#5564=DIRECTION('center_axis',(0.,1.,0.));
#5565=DIRECTION('ref_axis',(-1.,0.,0.));
#5566=DIRECTION('center_axis',(0.,-1.,0.));
#5567=DIRECTION('ref_axis',(-1.,0.,0.));
#5568=DIRECTION('center_axis',(0.,-1.,0.));
#5569=DIRECTION('ref_axis',(-1.,0.,0.));
#5570=DIRECTION('',(0.,-1.,0.));
#5571=DIRECTION('center_axis',(0.,1.,0.));
#5572=DIRECTION('ref_axis',(-1.,0.,0.));
#5573=DIRECTION('center_axis',(0.,-1.,0.));
#5574=DIRECTION('ref_axis',(-1.,0.,0.));
#5575=DIRECTION('center_axis',(0.,-1.,0.));
#5576=DIRECTION('ref_axis',(-1.,0.,0.));
#5577=DIRECTION('',(0.,-1.,0.));
#5578=DIRECTION('center_axis',(0.,1.,0.));
#5579=DIRECTION('ref_axis',(-1.,0.,0.));
#5580=DIRECTION('center_axis',(0.,-1.,0.));
#5581=DIRECTION('ref_axis',(-1.,0.,0.));
#5582=DIRECTION('center_axis',(0.,-1.,0.));
#5583=DIRECTION('ref_axis',(-1.,0.,0.));
#5584=DIRECTION('',(0.,-1.,0.));
#5585=DIRECTION('center_axis',(0.,1.,0.));
#5586=DIRECTION('ref_axis',(-1.,0.,0.));
#5587=DIRECTION('center_axis',(0.,-1.,0.));
#5588=DIRECTION('ref_axis',(-1.,0.,0.));
#5589=DIRECTION('center_axis',(0.,-1.,0.));
#5590=DIRECTION('ref_axis',(-1.,0.,0.));
#5591=DIRECTION('',(0.,-1.,0.));
#5592=DIRECTION('center_axis',(0.,1.,0.));
#5593=DIRECTION('ref_axis',(-1.,0.,0.));
#5594=DIRECTION('center_axis',(0.,-1.,0.));
#5595=DIRECTION('ref_axis',(-1.,0.,0.));
#5596=DIRECTION('center_axis',(0.,-1.,0.));
#5597=DIRECTION('ref_axis',(-1.,0.,0.));
#5598=DIRECTION('',(0.,-1.,0.));
#5599=DIRECTION('center_axis',(0.,1.,0.));
#5600=DIRECTION('ref_axis',(-1.,0.,0.));
#5601=DIRECTION('center_axis',(0.,-1.,0.));
#5602=DIRECTION('ref_axis',(-1.,0.,0.));
#5603=DIRECTION('center_axis',(0.,-1.,0.));
#5604=DIRECTION('ref_axis',(-1.,0.,0.));
#5605=DIRECTION('',(0.,-1.,0.));
#5606=DIRECTION('center_axis',(0.,1.,0.));
#5607=DIRECTION('ref_axis',(-1.,0.,0.));
#5608=DIRECTION('center_axis',(0.,-1.,0.));
#5609=DIRECTION('ref_axis',(-1.,0.,0.));
#5610=DIRECTION('center_axis',(0.,-1.,0.));
#5611=DIRECTION('ref_axis',(-1.,0.,0.));
#5612=DIRECTION('',(0.,-1.,0.));
#5613=DIRECTION('center_axis',(0.,1.,0.));
#5614=DIRECTION('ref_axis',(-1.,0.,0.));
#5615=DIRECTION('center_axis',(0.,-1.,0.));
#5616=DIRECTION('ref_axis',(-1.,0.,0.));
#5617=DIRECTION('center_axis',(0.,-1.,0.));
#5618=DIRECTION('ref_axis',(-1.,0.,0.));
#5619=DIRECTION('',(0.,-1.,0.));
#5620=DIRECTION('center_axis',(0.,1.,0.));
#5621=DIRECTION('ref_axis',(-1.,0.,0.));
#5622=DIRECTION('center_axis',(0.,-1.,0.));
#5623=DIRECTION('ref_axis',(-1.,0.,0.));
#5624=DIRECTION('center_axis',(0.,-1.,0.));
#5625=DIRECTION('ref_axis',(-1.,0.,0.));
#5626=DIRECTION('',(0.,-1.,0.));
#5627=DIRECTION('center_axis',(0.,1.,0.));
#5628=DIRECTION('ref_axis',(-1.,0.,0.));
#5629=DIRECTION('center_axis',(0.,-1.,0.));
#5630=DIRECTION('ref_axis',(-1.,0.,0.));
#5631=DIRECTION('center_axis',(0.,-1.,0.));
#5632=DIRECTION('ref_axis',(-1.,0.,0.));
#5633=DIRECTION('',(0.,-1.,0.));
#5634=DIRECTION('center_axis',(0.,1.,0.));
#5635=DIRECTION('ref_axis',(-1.,0.,0.));
#5636=DIRECTION('center_axis',(0.,-1.,0.));
#5637=DIRECTION('ref_axis',(-1.,0.,0.));
#5638=DIRECTION('center_axis',(0.,-1.,0.));
#5639=DIRECTION('ref_axis',(-1.,0.,0.));
#5640=DIRECTION('',(0.,-1.,0.));
#5641=DIRECTION('center_axis',(0.,1.,0.));
#5642=DIRECTION('ref_axis',(-1.,0.,0.));
#5643=DIRECTION('center_axis',(0.,-1.,0.));
#5644=DIRECTION('ref_axis',(-1.,0.,0.));
#5645=DIRECTION('center_axis',(0.,-1.,0.));
#5646=DIRECTION('ref_axis',(-1.,0.,0.));
#5647=DIRECTION('',(0.,-1.,0.));
#5648=DIRECTION('center_axis',(0.,1.,0.));
#5649=DIRECTION('ref_axis',(-1.,0.,0.));
#5650=DIRECTION('center_axis',(0.,-1.,0.));
#5651=DIRECTION('ref_axis',(-1.,0.,0.));
#5652=DIRECTION('center_axis',(0.,-1.,0.));
#5653=DIRECTION('ref_axis',(-1.,0.,0.));
#5654=DIRECTION('',(0.,-1.,0.));
#5655=DIRECTION('center_axis',(0.,1.,0.));
#5656=DIRECTION('ref_axis',(-1.,0.,0.));
#5657=DIRECTION('center_axis',(0.,-1.,0.));
#5658=DIRECTION('ref_axis',(-1.,0.,0.));
#5659=DIRECTION('center_axis',(0.,-1.,0.));
#5660=DIRECTION('ref_axis',(-1.,0.,0.));
#5661=DIRECTION('',(0.,-1.,0.));
#5662=DIRECTION('center_axis',(0.,1.,0.));
#5663=DIRECTION('ref_axis',(-1.,0.,0.));
#5664=DIRECTION('center_axis',(0.,-1.,0.));
#5665=DIRECTION('ref_axis',(-1.,0.,0.));
#5666=DIRECTION('center_axis',(0.,-1.,0.));
#5667=DIRECTION('ref_axis',(-1.,0.,0.));
#5668=DIRECTION('',(0.,-1.,0.));
#5669=DIRECTION('center_axis',(0.,1.,0.));
#5670=DIRECTION('ref_axis',(-1.,0.,0.));
#5671=DIRECTION('center_axis',(0.,-1.,0.));
#5672=DIRECTION('ref_axis',(-1.,0.,0.));
#5673=DIRECTION('center_axis',(0.,-1.,0.));
#5674=DIRECTION('ref_axis',(-1.,0.,0.));
#5675=DIRECTION('',(0.,-1.,0.));
#5676=DIRECTION('center_axis',(0.,1.,0.));
#5677=DIRECTION('ref_axis',(-1.,0.,0.));
#5678=DIRECTION('center_axis',(0.,-1.,0.));
#5679=DIRECTION('ref_axis',(-1.,0.,0.));
#5680=DIRECTION('center_axis',(0.,-1.,0.));
#5681=DIRECTION('ref_axis',(-1.,0.,0.));
#5682=DIRECTION('',(0.,-1.,0.));
#5683=DIRECTION('center_axis',(0.,1.,0.));
#5684=DIRECTION('ref_axis',(-1.,0.,0.));
#5685=DIRECTION('center_axis',(0.,-1.,0.));
#5686=DIRECTION('ref_axis',(-1.,0.,0.));
#5687=DIRECTION('center_axis',(0.,-1.,0.));
#5688=DIRECTION('ref_axis',(-1.,0.,0.));
#5689=DIRECTION('',(0.,-1.,0.));
#5690=DIRECTION('center_axis',(0.,1.,0.));
#5691=DIRECTION('ref_axis',(-1.,0.,0.));
#5692=DIRECTION('center_axis',(0.,-1.,0.));
#5693=DIRECTION('ref_axis',(-1.,0.,0.));
#5694=DIRECTION('center_axis',(0.,-1.,0.));
#5695=DIRECTION('ref_axis',(-1.,0.,0.));
#5696=DIRECTION('',(0.,-1.,0.));
#5697=DIRECTION('center_axis',(0.,1.,0.));
#5698=DIRECTION('ref_axis',(-1.,0.,0.));
#5699=DIRECTION('center_axis',(0.,-1.,0.));
#5700=DIRECTION('ref_axis',(-1.,0.,0.));
#5701=DIRECTION('center_axis',(0.,-1.,0.));
#5702=DIRECTION('ref_axis',(-1.,0.,0.));
#5703=DIRECTION('',(0.,-1.,0.));
#5704=DIRECTION('center_axis',(0.,1.,0.));
#5705=DIRECTION('ref_axis',(-1.,0.,0.));
#5706=DIRECTION('center_axis',(0.,-1.,0.));
#5707=DIRECTION('ref_axis',(-1.,0.,0.));
#5708=DIRECTION('center_axis',(0.,-1.,0.));
#5709=DIRECTION('ref_axis',(-1.,0.,0.));
#5710=DIRECTION('',(0.,-1.,0.));
#5711=DIRECTION('center_axis',(0.,1.,0.));
#5712=DIRECTION('ref_axis',(-1.,0.,0.));
#5713=DIRECTION('center_axis',(0.,-1.,0.));
#5714=DIRECTION('ref_axis',(-1.,0.,0.));
#5715=DIRECTION('center_axis',(0.,-1.,0.));
#5716=DIRECTION('ref_axis',(-1.,0.,0.));
#5717=DIRECTION('',(0.,-1.,0.));
#5718=DIRECTION('center_axis',(0.,1.,0.));
#5719=DIRECTION('ref_axis',(-1.,0.,0.));
#5720=DIRECTION('center_axis',(0.,-1.,0.));
#5721=DIRECTION('ref_axis',(-1.,0.,0.));
#5722=DIRECTION('center_axis',(0.,-1.,0.));
#5723=DIRECTION('ref_axis',(-1.,0.,0.));
#5724=DIRECTION('',(0.,-1.,0.));
#5725=DIRECTION('center_axis',(0.,1.,0.));
#5726=DIRECTION('ref_axis',(-1.,0.,0.));
#5727=DIRECTION('center_axis',(0.,-1.,0.));
#5728=DIRECTION('ref_axis',(-1.,0.,0.));
#5729=DIRECTION('center_axis',(0.,-1.,0.));
#5730=DIRECTION('ref_axis',(-1.,0.,0.));
#5731=DIRECTION('',(0.,-1.,0.));
#5732=DIRECTION('center_axis',(0.,1.,0.));
#5733=DIRECTION('ref_axis',(-1.,0.,0.));
#5734=DIRECTION('center_axis',(0.,-1.,0.));
#5735=DIRECTION('ref_axis',(-1.,0.,0.));
#5736=DIRECTION('center_axis',(0.,-1.,0.));
#5737=DIRECTION('ref_axis',(-1.,0.,0.));
#5738=DIRECTION('',(0.,-1.,0.));
#5739=DIRECTION('center_axis',(0.,1.,0.));
#5740=DIRECTION('ref_axis',(-1.,0.,0.));
#5741=DIRECTION('center_axis',(0.,-1.,0.));
#5742=DIRECTION('ref_axis',(-1.,0.,0.));
#5743=DIRECTION('center_axis',(0.,-1.,0.));
#5744=DIRECTION('ref_axis',(-1.,0.,0.));
#5745=DIRECTION('',(0.,-1.,0.));
#5746=DIRECTION('center_axis',(0.,1.,0.));
#5747=DIRECTION('ref_axis',(-1.,0.,0.));
#5748=DIRECTION('center_axis',(0.,-1.,0.));
#5749=DIRECTION('ref_axis',(-1.,0.,0.));
#5750=DIRECTION('center_axis',(0.,-1.,0.));
#5751=DIRECTION('ref_axis',(-1.,0.,0.));
#5752=DIRECTION('',(0.,-1.,0.));
#5753=DIRECTION('center_axis',(0.,1.,0.));
#5754=DIRECTION('ref_axis',(-1.,0.,0.));
#5755=DIRECTION('center_axis',(0.,-1.,0.));
#5756=DIRECTION('ref_axis',(-1.,0.,0.));
#5757=DIRECTION('center_axis',(0.,-1.,0.));
#5758=DIRECTION('ref_axis',(-1.,0.,0.));
#5759=DIRECTION('',(0.,-1.,0.));
#5760=DIRECTION('center_axis',(0.,1.,0.));
#5761=DIRECTION('ref_axis',(-1.,0.,0.));
#5762=DIRECTION('center_axis',(0.,-1.,0.));
#5763=DIRECTION('ref_axis',(-1.,0.,0.));
#5764=DIRECTION('center_axis',(0.,-1.,0.));
#5765=DIRECTION('ref_axis',(-1.,0.,0.));
#5766=DIRECTION('',(0.,-1.,0.));
#5767=DIRECTION('center_axis',(0.,1.,0.));
#5768=DIRECTION('ref_axis',(-1.,0.,0.));
#5769=DIRECTION('center_axis',(0.,1.,0.));
#5770=DIRECTION('ref_axis',(0.,0.,1.));
#5771=DIRECTION('center_axis',(0.,-1.,0.));
#5772=DIRECTION('ref_axis',(-1.,0.,0.));
#5773=DIRECTION('center_axis',(-1.,0.,1.22464679914735E-16));
#5774=DIRECTION('ref_axis',(-1.22464679914735E-16,0.,-1.));
#5775=DIRECTION('center_axis',(0.,1.,0.));
#5776=DIRECTION('ref_axis',(-1.,0.,0.));
#5777=DIRECTION('center_axis',(0.,1.,0.));
#5778=DIRECTION('ref_axis',(-1.,0.,0.));
#5779=DIRECTION('center_axis',(0.,1.,0.));
#5780=DIRECTION('ref_axis',(-1.,0.,0.));
#5781=DIRECTION('center_axis',(0.,1.,0.));
#5782=DIRECTION('ref_axis',(-1.,0.,0.));
#5783=DIRECTION('',(0.,-1.,0.));
#5784=DIRECTION('center_axis',(0.,1.,0.));
#5785=DIRECTION('ref_axis',(-1.,0.,0.));
#5786=DIRECTION('center_axis',(0.,-1.,0.));
#5787=DIRECTION('ref_axis',(0.,0.,-1.));
#5788=DIRECTION('center_axis',(0.,-1.,0.));
#5789=DIRECTION('ref_axis',(-1.,0.,0.));
#5790=DIRECTION('center_axis',(-1.,0.,-1.22464679914735E-16));
#5791=DIRECTION('ref_axis',(-1.22464679914735E-16,0.,1.));
#5792=DIRECTION('center_axis',(0.,1.,0.));
#5793=DIRECTION('ref_axis',(-1.,0.,0.));
#5794=DIRECTION('center_axis',(0.,-1.,0.));
#5795=DIRECTION('ref_axis',(-1.,0.,0.));
#5796=DIRECTION('center_axis',(0.,1.,0.));
#5797=DIRECTION('ref_axis',(-1.,0.,0.));
#5798=DIRECTION('center_axis',(0.,1.,0.));
#5799=DIRECTION('ref_axis',(-1.,0.,0.));
#5800=DIRECTION('',(0.,-1.,0.));
#5801=DIRECTION('center_axis',(0.,-1.,0.));
#5802=DIRECTION('ref_axis',(-1.,0.,0.));
#5803=DIRECTION('center_axis',(0.707106781186547,0.,0.707106781186548));
#5804=DIRECTION('ref_axis',(0.,1.,0.));
#5805=DIRECTION('',(0.707106781186547,0.,0.707106781186548));
#5806=DIRECTION('center_axis',(0.707106781186547,0.,0.707106781186548));
#5807=DIRECTION('ref_axis',(0.,1.,0.));
#5808=DIRECTION('',(0.707106781186547,0.,0.707106781186548));
#5809=DIRECTION('center_axis',(0.,1.,0.));
#5810=DIRECTION('ref_axis',(-1.,0.,0.));
#5811=CARTESIAN_POINT('',(0.,0.,0.));
#5812=CARTESIAN_POINT('Origin',(-18.9,24.8,11.));
#5813=CARTESIAN_POINT('',(-18.15,24.8,11.));
#5814=CARTESIAN_POINT('Origin',(-18.9,24.8,11.));
#5815=CARTESIAN_POINT('',(-18.15,22.8,11.));
#5816=CARTESIAN_POINT('',(-18.15,24.8,11.));
#5817=CARTESIAN_POINT('Origin',(-18.9,22.8,11.));
#5818=CARTESIAN_POINT('Origin',(21.,24.8,4.4));
#5819=CARTESIAN_POINT('',(21.75,24.8,4.4));
#5820=CARTESIAN_POINT('Origin',(21.,24.8,4.4));
#5821=CARTESIAN_POINT('',(21.75,22.8,4.4));
#5822=CARTESIAN_POINT('',(21.75,24.8,4.4));
#5823=CARTESIAN_POINT('Origin',(21.,22.8,4.4));
#5824=CARTESIAN_POINT('Origin',(-16.8,24.8,-8.8));
#5825=CARTESIAN_POINT('',(-16.05,24.8,-8.8));
#5826=CARTESIAN_POINT('Origin',(-16.8,24.8,-8.8));
#5827=CARTESIAN_POINT('',(-16.05,22.8,-8.8));
#5828=CARTESIAN_POINT('',(-16.05,24.8,-8.8));
#5829=CARTESIAN_POINT('Origin',(-16.8,22.8,-8.8));
#5830=CARTESIAN_POINT('Origin',(-12.6,24.8,-17.6));
#5831=CARTESIAN_POINT('',(-11.85,24.8,-17.6));
#5832=CARTESIAN_POINT('Origin',(-12.6,24.8,-17.6));
#5833=CARTESIAN_POINT('',(-11.85,22.8,-17.6));
#5834=CARTESIAN_POINT('',(-11.85,24.8,-17.6));
#5835=CARTESIAN_POINT('Origin',(-12.6,22.8,-17.6));
#5836=CARTESIAN_POINT('Origin',(-10.5,24.8,-11.));
#5837=CARTESIAN_POINT('',(-9.75,24.8,-11.));
#5838=CARTESIAN_POINT('Origin',(-10.5,24.8,-11.));
#5839=CARTESIAN_POINT('',(-9.75,22.8,-11.));
#5840=CARTESIAN_POINT('',(-9.75,24.8,-11.));
#5841=CARTESIAN_POINT('Origin',(-10.5,22.8,-11.));
#5842=CARTESIAN_POINT('Origin',(-8.4,24.8,-8.8));
#5843=CARTESIAN_POINT('',(-7.65,24.8,-8.8));
#5844=CARTESIAN_POINT('Origin',(-8.4,24.8,-8.8));
#5845=CARTESIAN_POINT('',(-7.65,22.8,-8.8));
#5846=CARTESIAN_POINT('',(-7.65,24.8,-8.8));
#5847=CARTESIAN_POINT('Origin',(-8.4,22.8,-8.8));
#5848=CARTESIAN_POINT('Origin',(-6.3,24.8,-19.8));
#5849=CARTESIAN_POINT('',(-5.55,24.8,-19.8));
#5850=CARTESIAN_POINT('Origin',(-6.3,24.8,-19.8));
#5851=CARTESIAN_POINT('',(-5.55,22.8,-19.8));
#5852=CARTESIAN_POINT('',(-5.55,24.8,-19.8));
#5853=CARTESIAN_POINT('Origin',(-6.3,22.8,-19.8));
#5854=CARTESIAN_POINT('Origin',(-2.1,24.8,-6.6));
#5855=CARTESIAN_POINT('',(-1.35,24.8,-6.6));
#5856=CARTESIAN_POINT('Origin',(-2.1,24.8,-6.6));
#5857=CARTESIAN_POINT('',(-1.35,22.8,-6.6));
#5858=CARTESIAN_POINT('',(-1.35,24.8,-6.6));
#5859=CARTESIAN_POINT('Origin',(-2.1,22.8,-6.6));
#5860=CARTESIAN_POINT('Origin',(0.,24.8,-8.8));
#5861=CARTESIAN_POINT('',(0.75,24.8,-8.8));
#5862=CARTESIAN_POINT('Origin',(0.,24.8,-8.8));
#5863=CARTESIAN_POINT('',(0.75,22.8,-8.8));
#5864=CARTESIAN_POINT('',(0.75,24.8,-8.8));
#5865=CARTESIAN_POINT('Origin',(0.,22.8,-8.8));
#5866=CARTESIAN_POINT('Origin',(2.1,24.8,-19.8));
#5867=CARTESIAN_POINT('',(2.85,24.8,-19.8));
#5868=CARTESIAN_POINT('Origin',(2.1,24.8,-19.8));
#5869=CARTESIAN_POINT('',(2.85,22.8,-19.8));
#5870=CARTESIAN_POINT('',(2.85,24.8,-19.8));
#5871=CARTESIAN_POINT('Origin',(2.1,22.8,-19.8));
#5872=CARTESIAN_POINT('Origin',(4.2,24.8,-8.8));
#5873=CARTESIAN_POINT('',(4.95,24.8,-8.8));
#5874=CARTESIAN_POINT('Origin',(4.2,24.8,-8.8));
#5875=CARTESIAN_POINT('',(4.95,22.8,-8.8));
#5876=CARTESIAN_POINT('',(4.95,24.8,-8.8));
#5877=CARTESIAN_POINT('Origin',(4.2,22.8,-8.8));
#5878=CARTESIAN_POINT('Origin',(6.3,24.8,-15.4));
#5879=CARTESIAN_POINT('',(7.05,24.8,-15.4));
#5880=CARTESIAN_POINT('Origin',(6.3,24.8,-15.4));
#5881=CARTESIAN_POINT('',(7.05,22.8,-15.4));
#5882=CARTESIAN_POINT('',(7.05,24.8,-15.4));
#5883=CARTESIAN_POINT('Origin',(6.3,22.8,-15.4));
#5884=CARTESIAN_POINT('Origin',(8.4,24.8,-13.2));
#5885=CARTESIAN_POINT('',(9.15,24.8,-13.2));
#5886=CARTESIAN_POINT('Origin',(8.4,24.8,-13.2));
#5887=CARTESIAN_POINT('',(9.15,22.8,-13.2));
#5888=CARTESIAN_POINT('',(9.15,24.8,-13.2));
#5889=CARTESIAN_POINT('Origin',(8.4,22.8,-13.2));
#5890=CARTESIAN_POINT('Origin',(10.5,24.8,-6.6));
#5891=CARTESIAN_POINT('',(11.25,24.8,-6.6));
#5892=CARTESIAN_POINT('Origin',(10.5,24.8,-6.6));
#5893=CARTESIAN_POINT('',(11.25,22.8,-6.6));
#5894=CARTESIAN_POINT('',(11.25,24.8,-6.6));
#5895=CARTESIAN_POINT('Origin',(10.5,22.8,-6.6));
#5896=CARTESIAN_POINT('Origin',(14.7,24.8,-15.4));
#5897=CARTESIAN_POINT('',(15.45,24.8,-15.4));
#5898=CARTESIAN_POINT('Origin',(14.7,24.8,-15.4));
#5899=CARTESIAN_POINT('',(15.45,22.8,-15.4));
#5900=CARTESIAN_POINT('',(15.45,24.8,-15.4));
#5901=CARTESIAN_POINT('Origin',(14.7,22.8,-15.4));
#5902=CARTESIAN_POINT('Origin',(16.8,24.8,-13.2));
#5903=CARTESIAN_POINT('',(17.55,24.8,-13.2));
#5904=CARTESIAN_POINT('Origin',(16.8,24.8,-13.2));
#5905=CARTESIAN_POINT('',(17.55,22.8,-13.2));
#5906=CARTESIAN_POINT('',(17.55,24.8,-13.2));
#5907=CARTESIAN_POINT('Origin',(16.8,22.8,-13.2));
#5908=CARTESIAN_POINT('Origin',(8.4,24.8,-4.4));
#5909=CARTESIAN_POINT('',(9.15,24.8,-4.4));
#5910=CARTESIAN_POINT('Origin',(8.4,24.8,-4.4));
#5911=CARTESIAN_POINT('',(9.15,22.8,-4.4));
#5912=CARTESIAN_POINT('',(9.15,24.8,-4.4));
#5913=CARTESIAN_POINT('Origin',(8.4,22.8,-4.4));
#5914=CARTESIAN_POINT('Origin',(-8.4,24.8,-4.4));
#5915=CARTESIAN_POINT('',(-7.65,24.8,-4.4));
#5916=CARTESIAN_POINT('Origin',(-8.4,24.8,-4.4));
#5917=CARTESIAN_POINT('',(-7.65,22.8,-4.4));
#5918=CARTESIAN_POINT('',(-7.65,24.8,-4.4));
#5919=CARTESIAN_POINT('Origin',(-8.4,22.8,-4.4));
#5920=CARTESIAN_POINT('Origin',(6.3,24.8,19.8));
#5921=CARTESIAN_POINT('',(7.05,24.8,19.8));
#5922=CARTESIAN_POINT('Origin',(6.3,24.8,19.8));
#5923=CARTESIAN_POINT('',(7.05,22.8,19.8));
#5924=CARTESIAN_POINT('',(7.05,24.8,19.8));
#5925=CARTESIAN_POINT('Origin',(6.3,22.8,19.8));
#5926=CARTESIAN_POINT('Origin',(-12.6,24.8,17.6));
#5927=CARTESIAN_POINT('',(-11.85,24.8,17.6));
#5928=CARTESIAN_POINT('Origin',(-12.6,24.8,17.6));
#5929=CARTESIAN_POINT('',(-11.85,22.8,17.6));
#5930=CARTESIAN_POINT('',(-11.85,24.8,17.6));
#5931=CARTESIAN_POINT('Origin',(-12.6,22.8,17.6));
#5932=CARTESIAN_POINT('Origin',(4.2,24.8,17.6));
#5933=CARTESIAN_POINT('',(4.95,24.8,17.6));
#5934=CARTESIAN_POINT('Origin',(4.2,24.8,17.6));
#5935=CARTESIAN_POINT('',(4.95,22.8,17.6));
#5936=CARTESIAN_POINT('',(4.95,24.8,17.6));
#5937=CARTESIAN_POINT('Origin',(4.2,22.8,17.6));
#5938=CARTESIAN_POINT('Origin',(10.5,24.8,15.4));
#5939=CARTESIAN_POINT('',(11.25,24.8,15.4));
#5940=CARTESIAN_POINT('Origin',(10.5,24.8,15.4));
#5941=CARTESIAN_POINT('',(11.25,22.8,15.4));
#5942=CARTESIAN_POINT('',(11.25,24.8,15.4));
#5943=CARTESIAN_POINT('Origin',(10.5,22.8,15.4));
#5944=CARTESIAN_POINT('Origin',(-6.3,24.8,15.4));
#5945=CARTESIAN_POINT('',(-5.55,24.8,15.4));
#5946=CARTESIAN_POINT('Origin',(-6.3,24.8,15.4));
#5947=CARTESIAN_POINT('',(-5.55,22.8,15.4));
#5948=CARTESIAN_POINT('',(-5.55,24.8,15.4));
#5949=CARTESIAN_POINT('Origin',(-6.3,22.8,15.4));
#5950=CARTESIAN_POINT('Origin',(16.8,24.8,13.2));
#5951=CARTESIAN_POINT('',(17.55,24.8,13.2));
#5952=CARTESIAN_POINT('Origin',(16.8,24.8,13.2));
#5953=CARTESIAN_POINT('',(17.55,22.8,13.2));
#5954=CARTESIAN_POINT('',(17.55,24.8,13.2));
#5955=CARTESIAN_POINT('Origin',(16.8,22.8,13.2));
#5956=CARTESIAN_POINT('Origin',(0.,24.8,13.2));
#5957=CARTESIAN_POINT('',(0.75,24.8,13.2));
#5958=CARTESIAN_POINT('Origin',(0.,24.8,13.2));
#5959=CARTESIAN_POINT('',(0.75,22.8,13.2));
#5960=CARTESIAN_POINT('',(0.75,24.8,13.2));
#5961=CARTESIAN_POINT('Origin',(0.,22.8,13.2));
#5962=CARTESIAN_POINT('Origin',(-14.7,24.8,11.));
#5963=CARTESIAN_POINT('',(-13.95,24.8,11.));
#5964=CARTESIAN_POINT('Origin',(-14.7,24.8,11.));
#5965=CARTESIAN_POINT('',(-13.95,22.8,11.));
#5966=CARTESIAN_POINT('',(-13.95,24.8,11.));
#5967=CARTESIAN_POINT('Origin',(-14.7,22.8,11.));
#5968=CARTESIAN_POINT('Origin',(2.1,24.8,11.));
#5969=CARTESIAN_POINT('',(2.85,24.8,11.));
#5970=CARTESIAN_POINT('Origin',(2.1,24.8,11.));
#5971=CARTESIAN_POINT('',(2.85,22.8,11.));
#5972=CARTESIAN_POINT('',(2.85,24.8,11.));
#5973=CARTESIAN_POINT('Origin',(2.1,22.8,11.));
#5974=CARTESIAN_POINT('Origin',(16.8,24.8,8.8));
#5975=CARTESIAN_POINT('',(17.55,24.8,8.8));
#5976=CARTESIAN_POINT('Origin',(16.8,24.8,8.8));
#5977=CARTESIAN_POINT('',(17.55,22.8,8.8));
#5978=CARTESIAN_POINT('',(17.55,24.8,8.8));
#5979=CARTESIAN_POINT('Origin',(16.8,22.8,8.8));
#5980=CARTESIAN_POINT('Origin',(0.,24.8,8.8));
#5981=CARTESIAN_POINT('',(0.75,24.8,8.8));
#5982=CARTESIAN_POINT('Origin',(0.,24.8,8.8));
#5983=CARTESIAN_POINT('',(0.75,22.8,8.8));
#5984=CARTESIAN_POINT('',(0.75,24.8,8.8));
#5985=CARTESIAN_POINT('Origin',(0.,22.8,8.8));
#5986=CARTESIAN_POINT('Origin',(-16.8,24.8,8.8));
#5987=CARTESIAN_POINT('',(-16.05,24.8,8.8));
#5988=CARTESIAN_POINT('Origin',(-16.8,24.8,8.8));
#5989=CARTESIAN_POINT('',(-16.05,22.8,8.8));
#5990=CARTESIAN_POINT('',(-16.05,24.8,8.8));
#5991=CARTESIAN_POINT('Origin',(-16.8,22.8,8.8));
#5992=CARTESIAN_POINT('Origin',(-6.3,24.8,6.6));
#5993=CARTESIAN_POINT('',(-5.55,24.8,6.6));
#5994=CARTESIAN_POINT('Origin',(-6.3,24.8,6.6));
#5995=CARTESIAN_POINT('',(-5.55,22.8,6.6));
#5996=CARTESIAN_POINT('',(-5.55,24.8,6.6));
#5997=CARTESIAN_POINT('Origin',(-6.3,22.8,6.6));
#5998=CARTESIAN_POINT('Origin',(10.5,24.8,6.6));
#5999=CARTESIAN_POINT('',(11.25,24.8,6.6));
#6000=CARTESIAN_POINT('Origin',(10.5,24.8,6.6));
#6001=CARTESIAN_POINT('',(11.25,22.8,6.6));
#6002=CARTESIAN_POINT('',(11.25,24.8,6.6));
#6003=CARTESIAN_POINT('Origin',(10.5,22.8,6.6));
#6004=CARTESIAN_POINT('Origin',(12.6,24.8,4.4));
#6005=CARTESIAN_POINT('',(13.35,24.8,4.4));
#6006=CARTESIAN_POINT('Origin',(12.6,24.8,4.4));
#6007=CARTESIAN_POINT('',(13.35,22.8,4.4));
#6008=CARTESIAN_POINT('',(13.35,24.8,4.4));
#6009=CARTESIAN_POINT('Origin',(12.6,22.8,4.4));
#6010=CARTESIAN_POINT('Origin',(-4.2,24.8,4.4));
#6011=CARTESIAN_POINT('',(-3.45,24.8,4.4));
#6012=CARTESIAN_POINT('Origin',(-4.2,24.8,4.4));
#6013=CARTESIAN_POINT('',(-3.45,22.8,4.4));
#6014=CARTESIAN_POINT('',(-3.45,24.8,4.4));
#6015=CARTESIAN_POINT('Origin',(-4.2,22.8,4.4));
#6016=CARTESIAN_POINT('Origin',(-18.9,24.8,2.2));
#6017=CARTESIAN_POINT('',(-18.15,24.8,2.2));
#6018=CARTESIAN_POINT('Origin',(-18.9,24.8,2.2));
#6019=CARTESIAN_POINT('',(-18.15,22.8,2.2));
#6020=CARTESIAN_POINT('',(-18.15,24.8,2.2));
#6021=CARTESIAN_POINT('Origin',(-18.9,22.8,2.2));
#6022=CARTESIAN_POINT('Origin',(-2.1,24.8,2.2));
#6023=CARTESIAN_POINT('',(-1.35,24.8,2.2));
#6024=CARTESIAN_POINT('Origin',(-2.1,24.8,2.2));
#6025=CARTESIAN_POINT('',(-1.35,22.8,2.2));
#6026=CARTESIAN_POINT('',(-1.35,24.8,2.2));
#6027=CARTESIAN_POINT('Origin',(-2.1,22.8,2.2));
#6028=CARTESIAN_POINT('Origin',(14.7,24.8,2.2));
#6029=CARTESIAN_POINT('',(15.45,24.8,2.2));
#6030=CARTESIAN_POINT('Origin',(14.7,24.8,2.2));
#6031=CARTESIAN_POINT('',(15.45,22.8,2.2));
#6032=CARTESIAN_POINT('',(15.45,24.8,2.2));
#6033=CARTESIAN_POINT('Origin',(14.7,22.8,2.2));
#6034=CARTESIAN_POINT('Origin',(10.5,24.8,-2.2));
#6035=CARTESIAN_POINT('',(11.25,24.8,-2.2));
#6036=CARTESIAN_POINT('Origin',(10.5,24.8,-2.2));
#6037=CARTESIAN_POINT('',(11.25,22.8,-2.2));
#6038=CARTESIAN_POINT('',(11.25,24.8,-2.2));
#6039=CARTESIAN_POINT('Origin',(10.5,22.8,-2.2));
#6040=CARTESIAN_POINT('Origin',(-6.3,24.8,-2.2));
#6041=CARTESIAN_POINT('',(-5.55,24.8,-2.2));
#6042=CARTESIAN_POINT('Origin',(-6.3,24.8,-2.2));
#6043=CARTESIAN_POINT('',(-5.55,22.8,-2.2));
#6044=CARTESIAN_POINT('',(-5.55,24.8,-2.2));
#6045=CARTESIAN_POINT('Origin',(-6.3,22.8,-2.2));
#6046=CARTESIAN_POINT('Origin',(-21.,24.8,0.));
#6047=CARTESIAN_POINT('',(-20.25,24.8,-9.18485099360517E-17));
#6048=CARTESIAN_POINT('Origin',(-21.,24.8,0.));
#6049=CARTESIAN_POINT('',(-20.25,22.8,-9.18485099360517E-17));
#6050=CARTESIAN_POINT('',(-20.25,24.8,9.18485099360517E-17));
#6051=CARTESIAN_POINT('Origin',(-21.,22.8,0.));
#6052=CARTESIAN_POINT('Origin',(-4.2,24.8,0.));
#6053=CARTESIAN_POINT('',(-3.45,24.8,-9.18485099360515E-17));
#6054=CARTESIAN_POINT('Origin',(-4.2,24.8,0.));
#6055=CARTESIAN_POINT('',(-3.45,22.8,-9.18485099360515E-17));
#6056=CARTESIAN_POINT('',(-3.45,24.8,9.18485099360515E-17));
#6057=CARTESIAN_POINT('Origin',(-4.2,22.8,0.));
#6058=CARTESIAN_POINT('Origin',(8.4,24.8,0.));
#6059=CARTESIAN_POINT('',(9.15,24.8,-9.18485099360514E-17));
#6060=CARTESIAN_POINT('Origin',(8.4,24.8,0.));
#6061=CARTESIAN_POINT('',(9.15,22.8,-9.18485099360514E-17));
#6062=CARTESIAN_POINT('',(9.15,24.8,9.18485099360514E-17));
#6063=CARTESIAN_POINT('Origin',(8.4,22.8,0.));
#6064=CARTESIAN_POINT('Origin',(4.2,24.8,0.));
#6065=CARTESIAN_POINT('',(4.95,24.8,-9.18485099360515E-17));
#6066=CARTESIAN_POINT('Origin',(4.2,24.8,0.));
#6067=CARTESIAN_POINT('',(4.95,22.8,-9.18485099360515E-17));
#6068=CARTESIAN_POINT('',(4.95,24.8,9.18485099360515E-17));
#6069=CARTESIAN_POINT('Origin',(4.2,22.8,0.));
#6070=CARTESIAN_POINT('Origin',(21.,24.8,0.));
#6071=CARTESIAN_POINT('',(21.75,24.8,-9.18485099360517E-17));
#6072=CARTESIAN_POINT('Origin',(21.,24.8,0.));
#6073=CARTESIAN_POINT('',(21.75,22.8,-9.18485099360517E-17));
#6074=CARTESIAN_POINT('',(21.75,24.8,9.18485099360517E-17));
#6075=CARTESIAN_POINT('Origin',(21.,22.8,0.));
#6076=CARTESIAN_POINT('Origin',(-16.8,24.8,0.));
#6077=CARTESIAN_POINT('',(-16.05,24.8,-9.18485099360514E-17));
#6078=CARTESIAN_POINT('Origin',(-16.8,24.8,0.));
#6079=CARTESIAN_POINT('',(-16.05,22.8,-9.18485099360514E-17));
#6080=CARTESIAN_POINT('',(-16.05,24.8,9.18485099360514E-17));
#6081=CARTESIAN_POINT('Origin',(-16.8,22.8,0.));
#6082=CARTESIAN_POINT('Origin',(-10.5,24.8,-2.2));
#6083=CARTESIAN_POINT('',(-9.75,24.8,-2.2));
#6084=CARTESIAN_POINT('Origin',(-10.5,24.8,-2.2));
#6085=CARTESIAN_POINT('',(-9.75,22.8,-2.2));
#6086=CARTESIAN_POINT('',(-9.75,24.8,-2.2));
#6087=CARTESIAN_POINT('Origin',(-10.5,22.8,-2.2));
#6088=CARTESIAN_POINT('Origin',(6.3,24.8,-2.2));
#6089=CARTESIAN_POINT('',(7.05,24.8,-2.2));
#6090=CARTESIAN_POINT('Origin',(6.3,24.8,-2.2));
#6091=CARTESIAN_POINT('',(7.05,22.8,-2.2));
#6092=CARTESIAN_POINT('',(7.05,24.8,-2.2));
#6093=CARTESIAN_POINT('Origin',(6.3,22.8,-2.2));
#6094=CARTESIAN_POINT('Origin',(18.9,24.8,2.2));
#6095=CARTESIAN_POINT('',(19.65,24.8,2.2));
#6096=CARTESIAN_POINT('Origin',(18.9,24.8,2.2));
#6097=CARTESIAN_POINT('',(19.65,22.8,2.2));
#6098=CARTESIAN_POINT('',(19.65,24.8,2.2));
#6099=CARTESIAN_POINT('Origin',(18.9,22.8,2.2));
#6100=CARTESIAN_POINT('Origin',(2.1,24.8,2.2));
#6101=CARTESIAN_POINT('',(2.85,24.8,2.2));
#6102=CARTESIAN_POINT('Origin',(2.1,24.8,2.2));
#6103=CARTESIAN_POINT('',(2.85,22.8,2.2));
#6104=CARTESIAN_POINT('',(2.85,24.8,2.2));
#6105=CARTESIAN_POINT('Origin',(2.1,22.8,2.2));
#6106=CARTESIAN_POINT('Origin',(-14.7,24.8,2.2));
#6107=CARTESIAN_POINT('',(-13.95,24.8,2.2));
#6108=CARTESIAN_POINT('Origin',(-14.7,24.8,2.2));
#6109=CARTESIAN_POINT('',(-13.95,22.8,2.2));
#6110=CARTESIAN_POINT('',(-13.95,24.8,2.2));
#6111=CARTESIAN_POINT('Origin',(-14.7,22.8,2.2));
#6112=CARTESIAN_POINT('Origin',(-8.4,24.8,4.4));
#6113=CARTESIAN_POINT('',(-7.65,24.8,4.4));
#6114=CARTESIAN_POINT('Origin',(-8.4,24.8,4.4));
#6115=CARTESIAN_POINT('',(-7.65,22.8,4.4));
#6116=CARTESIAN_POINT('',(-7.65,24.8,4.4));
#6117=CARTESIAN_POINT('Origin',(-8.4,22.8,4.4));
#6118=CARTESIAN_POINT('Origin',(8.4,24.8,4.4));
#6119=CARTESIAN_POINT('',(9.15,24.8,4.4));
#6120=CARTESIAN_POINT('Origin',(8.4,24.8,4.4));
#6121=CARTESIAN_POINT('',(9.15,22.8,4.4));
#6122=CARTESIAN_POINT('',(9.15,24.8,4.4));
#6123=CARTESIAN_POINT('Origin',(8.4,22.8,4.4));
#6124=CARTESIAN_POINT('Origin',(14.7,24.8,6.6));
#6125=CARTESIAN_POINT('',(15.45,24.8,6.6));
#6126=CARTESIAN_POINT('Origin',(14.7,24.8,6.6));
#6127=CARTESIAN_POINT('',(15.45,22.8,6.6));
#6128=CARTESIAN_POINT('',(15.45,24.8,6.6));
#6129=CARTESIAN_POINT('Origin',(14.7,22.8,6.6));
#6130=CARTESIAN_POINT('Origin',(-2.1,24.8,6.6));
#6131=CARTESIAN_POINT('',(-1.35,24.8,6.6));
#6132=CARTESIAN_POINT('Origin',(-2.1,24.8,6.6));
#6133=CARTESIAN_POINT('',(-1.35,22.8,6.6));
#6134=CARTESIAN_POINT('',(-1.35,24.8,6.6));
#6135=CARTESIAN_POINT('Origin',(-2.1,22.8,6.6));
#6136=CARTESIAN_POINT('Origin',(-18.9,24.8,6.6));
#6137=CARTESIAN_POINT('',(-18.15,24.8,6.6));
#6138=CARTESIAN_POINT('Origin',(-18.9,24.8,6.6));
#6139=CARTESIAN_POINT('',(-18.15,22.8,6.6));
#6140=CARTESIAN_POINT('',(-18.15,24.8,6.6));
#6141=CARTESIAN_POINT('Origin',(-18.9,22.8,6.6));
#6142=CARTESIAN_POINT('Origin',(-4.2,24.8,8.8));
#6143=CARTESIAN_POINT('',(-3.45,24.8,8.8));
#6144=CARTESIAN_POINT('Origin',(-4.2,24.8,8.8));
#6145=CARTESIAN_POINT('',(-3.45,22.8,8.8));
#6146=CARTESIAN_POINT('',(-3.45,24.8,8.8));
#6147=CARTESIAN_POINT('Origin',(-4.2,22.8,8.8));
#6148=CARTESIAN_POINT('Origin',(12.6,24.8,8.8));
#6149=CARTESIAN_POINT('',(13.35,24.8,8.8));
#6150=CARTESIAN_POINT('Origin',(12.6,24.8,8.8));
#6151=CARTESIAN_POINT('',(13.35,22.8,8.8));
#6152=CARTESIAN_POINT('',(13.35,24.8,8.8));
#6153=CARTESIAN_POINT('Origin',(12.6,22.8,8.8));
#6154=CARTESIAN_POINT('Origin',(6.3,24.8,11.));
#6155=CARTESIAN_POINT('',(7.05,24.8,11.));
#6156=CARTESIAN_POINT('Origin',(6.3,24.8,11.));
#6157=CARTESIAN_POINT('',(7.05,22.8,11.));
#6158=CARTESIAN_POINT('',(7.05,24.8,11.));
#6159=CARTESIAN_POINT('Origin',(6.3,22.8,11.));
#6160=CARTESIAN_POINT('Origin',(-10.5,24.8,11.));
#6161=CARTESIAN_POINT('',(-9.75,24.8,11.));
#6162=CARTESIAN_POINT('Origin',(-10.5,24.8,11.));
#6163=CARTESIAN_POINT('',(-9.75,22.8,11.));
#6164=CARTESIAN_POINT('',(-9.75,24.8,11.));
#6165=CARTESIAN_POINT('Origin',(-10.5,22.8,11.));
#6166=CARTESIAN_POINT('Origin',(-4.2,24.8,13.2));
#6167=CARTESIAN_POINT('',(-3.45,24.8,13.2));
#6168=CARTESIAN_POINT('Origin',(-4.2,24.8,13.2));
#6169=CARTESIAN_POINT('',(-3.45,22.8,13.2));
#6170=CARTESIAN_POINT('',(-3.45,24.8,13.2));
#6171=CARTESIAN_POINT('Origin',(-4.2,22.8,13.2));
#6172=CARTESIAN_POINT('Origin',(12.6,24.8,13.2));
#6173=CARTESIAN_POINT('',(13.35,24.8,13.2));
#6174=CARTESIAN_POINT('Origin',(12.6,24.8,13.2));
#6175=CARTESIAN_POINT('',(13.35,22.8,13.2));
#6176=CARTESIAN_POINT('',(13.35,24.8,13.2));
#6177=CARTESIAN_POINT('Origin',(12.6,22.8,13.2));
#6178=CARTESIAN_POINT('Origin',(-10.5,24.8,15.4));
#6179=CARTESIAN_POINT('',(-9.75,24.8,15.4));
#6180=CARTESIAN_POINT('Origin',(-10.5,24.8,15.4));
#6181=CARTESIAN_POINT('',(-9.75,22.8,15.4));
#6182=CARTESIAN_POINT('',(-9.75,24.8,15.4));
#6183=CARTESIAN_POINT('Origin',(-10.5,22.8,15.4));
#6184=CARTESIAN_POINT('Origin',(6.3,24.8,15.4));
#6185=CARTESIAN_POINT('',(7.05,24.8,15.4));
#6186=CARTESIAN_POINT('Origin',(6.3,24.8,15.4));
#6187=CARTESIAN_POINT('',(7.05,22.8,15.4));
#6188=CARTESIAN_POINT('',(7.05,24.8,15.4));
#6189=CARTESIAN_POINT('Origin',(6.3,22.8,15.4));
#6190=CARTESIAN_POINT('Origin',(8.4,24.8,17.6));
#6191=CARTESIAN_POINT('',(9.15,24.8,17.6));
#6192=CARTESIAN_POINT('Origin',(8.4,24.8,17.6));
#6193=CARTESIAN_POINT('',(9.15,22.8,17.6));
#6194=CARTESIAN_POINT('',(9.15,24.8,17.6));
#6195=CARTESIAN_POINT('Origin',(8.4,22.8,17.6));
#6196=CARTESIAN_POINT('Origin',(-8.4,24.8,17.6));
#6197=CARTESIAN_POINT('',(-7.65,24.8,17.6));
#6198=CARTESIAN_POINT('Origin',(-8.4,24.8,17.6));
#6199=CARTESIAN_POINT('',(-7.65,22.8,17.6));
#6200=CARTESIAN_POINT('',(-7.65,24.8,17.6));
#6201=CARTESIAN_POINT('Origin',(-8.4,22.8,17.6));
#6202=CARTESIAN_POINT('Origin',(2.1,24.8,19.8));
#6203=CARTESIAN_POINT('',(2.85,24.8,19.8));
#6204=CARTESIAN_POINT('Origin',(2.1,24.8,19.8));
#6205=CARTESIAN_POINT('',(2.85,22.8,19.8));
#6206=CARTESIAN_POINT('',(2.85,24.8,19.8));
#6207=CARTESIAN_POINT('Origin',(2.1,22.8,19.8));
#6208=CARTESIAN_POINT('Origin',(-12.6,24.8,-4.4));
#6209=CARTESIAN_POINT('',(-11.85,24.8,-4.4));
#6210=CARTESIAN_POINT('Origin',(-12.6,24.8,-4.4));
#6211=CARTESIAN_POINT('',(-11.85,22.8,-4.4));
#6212=CARTESIAN_POINT('',(-11.85,24.8,-4.4));
#6213=CARTESIAN_POINT('Origin',(-12.6,22.8,-4.4));
#6214=CARTESIAN_POINT('Origin',(4.2,24.8,-4.4));
#6215=CARTESIAN_POINT('',(4.95,24.8,-4.4));
#6216=CARTESIAN_POINT('Origin',(4.2,24.8,-4.4));
#6217=CARTESIAN_POINT('',(4.95,22.8,-4.4));
#6218=CARTESIAN_POINT('',(4.95,24.8,-4.4));
#6219=CARTESIAN_POINT('Origin',(4.2,22.8,-4.4));
#6220=CARTESIAN_POINT('Origin',(16.8,24.8,-8.8));
#6221=CARTESIAN_POINT('',(17.55,24.8,-8.8));
#6222=CARTESIAN_POINT('Origin',(16.8,24.8,-8.8));
#6223=CARTESIAN_POINT('',(17.55,22.8,-8.8));
#6224=CARTESIAN_POINT('',(17.55,24.8,-8.8));
#6225=CARTESIAN_POINT('Origin',(16.8,22.8,-8.8));
#6226=CARTESIAN_POINT('Origin',(14.7,24.8,-11.));
#6227=CARTESIAN_POINT('',(15.45,24.8,-11.));
#6228=CARTESIAN_POINT('Origin',(14.7,24.8,-11.));
#6229=CARTESIAN_POINT('',(15.45,22.8,-11.));
#6230=CARTESIAN_POINT('',(15.45,24.8,-11.));
#6231=CARTESIAN_POINT('Origin',(14.7,22.8,-11.));
#6232=CARTESIAN_POINT('Origin',(12.6,24.8,-17.6));
#6233=CARTESIAN_POINT('',(13.35,24.8,-17.6));
#6234=CARTESIAN_POINT('Origin',(12.6,24.8,-17.6));
#6235=CARTESIAN_POINT('',(13.35,22.8,-17.6));
#6236=CARTESIAN_POINT('',(13.35,24.8,-17.6));
#6237=CARTESIAN_POINT('Origin',(12.6,22.8,-17.6));
#6238=CARTESIAN_POINT('Origin',(8.4,24.8,-17.6));
#6239=CARTESIAN_POINT('',(9.15,24.8,-17.6));
#6240=CARTESIAN_POINT('Origin',(8.4,24.8,-17.6));
#6241=CARTESIAN_POINT('',(9.15,22.8,-17.6));
#6242=CARTESIAN_POINT('',(9.15,24.8,-17.6));
#6243=CARTESIAN_POINT('Origin',(8.4,22.8,-17.6));
#6244=CARTESIAN_POINT('Origin',(6.3,24.8,-11.));
#6245=CARTESIAN_POINT('',(7.05,24.8,-11.));
#6246=CARTESIAN_POINT('Origin',(6.3,24.8,-11.));
#6247=CARTESIAN_POINT('',(7.05,22.8,-11.));
#6248=CARTESIAN_POINT('',(7.05,24.8,-11.));
#6249=CARTESIAN_POINT('Origin',(6.3,22.8,-11.));
#6250=CARTESIAN_POINT('Origin',(4.2,24.8,-13.2));
#6251=CARTESIAN_POINT('',(4.95,24.8,-13.2));
#6252=CARTESIAN_POINT('Origin',(4.2,24.8,-13.2));
#6253=CARTESIAN_POINT('',(4.95,22.8,-13.2));
#6254=CARTESIAN_POINT('',(4.95,24.8,-13.2));
#6255=CARTESIAN_POINT('Origin',(4.2,22.8,-13.2));
#6256=CARTESIAN_POINT('Origin',(2.1,24.8,-15.4));
#6257=CARTESIAN_POINT('',(2.85,24.8,-15.4));
#6258=CARTESIAN_POINT('Origin',(2.1,24.8,-15.4));
#6259=CARTESIAN_POINT('',(2.85,22.8,-15.4));
#6260=CARTESIAN_POINT('',(2.85,24.8,-15.4));
#6261=CARTESIAN_POINT('Origin',(2.1,22.8,-15.4));
#6262=CARTESIAN_POINT('Origin',(0.,24.8,-13.2));
#6263=CARTESIAN_POINT('',(0.75,24.8,-13.2));
#6264=CARTESIAN_POINT('Origin',(0.,24.8,-13.2));
#6265=CARTESIAN_POINT('',(0.75,22.8,-13.2));
#6266=CARTESIAN_POINT('',(0.75,24.8,-13.2));
#6267=CARTESIAN_POINT('Origin',(0.,22.8,-13.2));
#6268=CARTESIAN_POINT('Origin',(-2.1,24.8,-19.8));
#6269=CARTESIAN_POINT('',(-1.35,24.8,-19.8));
#6270=CARTESIAN_POINT('Origin',(-2.1,24.8,-19.8));
#6271=CARTESIAN_POINT('',(-1.35,22.8,-19.8));
#6272=CARTESIAN_POINT('',(-1.35,24.8,-19.8));
#6273=CARTESIAN_POINT('Origin',(-2.1,22.8,-19.8));
#6274=CARTESIAN_POINT('Origin',(-4.2,24.8,-17.6));
#6275=CARTESIAN_POINT('',(-3.45,24.8,-17.6));
#6276=CARTESIAN_POINT('Origin',(-4.2,24.8,-17.6));
#6277=CARTESIAN_POINT('',(-3.45,22.8,-17.6));
#6278=CARTESIAN_POINT('',(-3.45,24.8,-17.6));
#6279=CARTESIAN_POINT('Origin',(-4.2,22.8,-17.6));
#6280=CARTESIAN_POINT('Origin',(-6.3,24.8,-6.6));
#6281=CARTESIAN_POINT('',(-5.55,24.8,-6.6));
#6282=CARTESIAN_POINT('Origin',(-6.3,24.8,-6.6));
#6283=CARTESIAN_POINT('',(-5.55,22.8,-6.6));
#6284=CARTESIAN_POINT('',(-5.55,24.8,-6.6));
#6285=CARTESIAN_POINT('Origin',(-6.3,22.8,-6.6));
#6286=CARTESIAN_POINT('Origin',(-10.5,24.8,-15.4));
#6287=CARTESIAN_POINT('',(-9.75,24.8,-15.4));
#6288=CARTESIAN_POINT('Origin',(-10.5,24.8,-15.4));
#6289=CARTESIAN_POINT('',(-9.75,22.8,-15.4));
#6290=CARTESIAN_POINT('',(-9.75,24.8,-15.4));
#6291=CARTESIAN_POINT('Origin',(-10.5,22.8,-15.4));
#6292=CARTESIAN_POINT('Origin',(-12.6,24.8,-13.2));
#6293=CARTESIAN_POINT('',(-11.85,24.8,-13.2));
#6294=CARTESIAN_POINT('Origin',(-12.6,24.8,-13.2));
#6295=CARTESIAN_POINT('',(-11.85,22.8,-13.2));
#6296=CARTESIAN_POINT('',(-11.85,24.8,-13.2));
#6297=CARTESIAN_POINT('Origin',(-12.6,22.8,-13.2));
#6298=CARTESIAN_POINT('Origin',(-14.7,24.8,-6.6));
#6299=CARTESIAN_POINT('',(-13.95,24.8,-6.6));
#6300=CARTESIAN_POINT('Origin',(-14.7,24.8,-6.6));
#6301=CARTESIAN_POINT('',(-13.95,22.8,-6.6));
#6302=CARTESIAN_POINT('',(-13.95,24.8,-6.6));
#6303=CARTESIAN_POINT('Origin',(-14.7,22.8,-6.6));
#6304=CARTESIAN_POINT('Origin',(21.,24.8,-4.4));
#6305=CARTESIAN_POINT('',(21.75,24.8,-4.4));
#6306=CARTESIAN_POINT('Origin',(21.,24.8,-4.4));
#6307=CARTESIAN_POINT('',(21.75,22.8,-4.4));
#6308=CARTESIAN_POINT('',(21.75,24.8,-4.4));
#6309=CARTESIAN_POINT('Origin',(21.,22.8,-4.4));
#6310=CARTESIAN_POINT('Origin',(18.9,24.8,-11.));
#6311=CARTESIAN_POINT('',(19.65,24.8,-11.));
#6312=CARTESIAN_POINT('Origin',(18.9,24.8,-11.));
#6313=CARTESIAN_POINT('',(19.65,22.8,-11.));
#6314=CARTESIAN_POINT('',(19.65,24.8,-11.));
#6315=CARTESIAN_POINT('Origin',(18.9,22.8,-11.));
#6316=CARTESIAN_POINT('Origin',(-18.9,24.8,-11.));
#6317=CARTESIAN_POINT('',(-18.15,24.8,-11.));
#6318=CARTESIAN_POINT('Origin',(-18.9,24.8,-11.));
#6319=CARTESIAN_POINT('',(-18.15,22.8,-11.));
#6320=CARTESIAN_POINT('',(-18.15,24.8,-11.));
#6321=CARTESIAN_POINT('Origin',(-18.9,22.8,-11.));
#6322=CARTESIAN_POINT('Origin',(-21.,24.8,4.4));
#6323=CARTESIAN_POINT('',(-20.25,24.8,4.4));
#6324=CARTESIAN_POINT('Origin',(-21.,24.8,4.4));
#6325=CARTESIAN_POINT('',(-20.25,22.8,4.4));
#6326=CARTESIAN_POINT('',(-20.25,24.8,4.4));
#6327=CARTESIAN_POINT('Origin',(-21.,22.8,4.4));
#6328=CARTESIAN_POINT('Origin',(-16.8,24.8,-13.2));
#6329=CARTESIAN_POINT('',(-16.05,24.8,-13.2));
#6330=CARTESIAN_POINT('Origin',(-16.8,24.8,-13.2));
#6331=CARTESIAN_POINT('',(-16.05,22.8,-13.2));
#6332=CARTESIAN_POINT('',(-16.05,24.8,-13.2));
#6333=CARTESIAN_POINT('Origin',(-16.8,22.8,-13.2));
#6334=CARTESIAN_POINT('Origin',(-14.7,24.8,-15.4));
#6335=CARTESIAN_POINT('',(-13.95,24.8,-15.4));
#6336=CARTESIAN_POINT('Origin',(-14.7,24.8,-15.4));
#6337=CARTESIAN_POINT('',(-13.95,22.8,-15.4));
#6338=CARTESIAN_POINT('',(-13.95,24.8,-15.4));
#6339=CARTESIAN_POINT('Origin',(-14.7,22.8,-15.4));
#6340=CARTESIAN_POINT('Origin',(-10.5,24.8,-6.6));
#6341=CARTESIAN_POINT('',(-9.75,24.8,-6.6));
#6342=CARTESIAN_POINT('Origin',(-10.5,24.8,-6.6));
#6343=CARTESIAN_POINT('',(-9.75,22.8,-6.6));
#6344=CARTESIAN_POINT('',(-9.75,24.8,-6.6));
#6345=CARTESIAN_POINT('Origin',(-10.5,22.8,-6.6));
#6346=CARTESIAN_POINT('Origin',(-8.4,24.8,-13.2));
#6347=CARTESIAN_POINT('',(-7.65,24.8,-13.2));
#6348=CARTESIAN_POINT('Origin',(-8.4,24.8,-13.2));
#6349=CARTESIAN_POINT('',(-7.65,22.8,-13.2));
#6350=CARTESIAN_POINT('',(-7.65,24.8,-13.2));
#6351=CARTESIAN_POINT('Origin',(-8.4,22.8,-13.2));
#6352=CARTESIAN_POINT('Origin',(-6.3,24.8,-15.4));
#6353=CARTESIAN_POINT('',(-5.55,24.8,-15.4));
#6354=CARTESIAN_POINT('Origin',(-6.3,24.8,-15.4));
#6355=CARTESIAN_POINT('',(-5.55,22.8,-15.4));
#6356=CARTESIAN_POINT('',(-5.55,24.8,-15.4));
#6357=CARTESIAN_POINT('Origin',(-6.3,22.8,-15.4));
#6358=CARTESIAN_POINT('Origin',(-4.2,24.8,-8.8));
#6359=CARTESIAN_POINT('',(-3.45,24.8,-8.8));
#6360=CARTESIAN_POINT('Origin',(-4.2,24.8,-8.8));
#6361=CARTESIAN_POINT('',(-3.45,22.8,-8.8));
#6362=CARTESIAN_POINT('',(-3.45,24.8,-8.8));
#6363=CARTESIAN_POINT('Origin',(-4.2,22.8,-8.8));
#6364=CARTESIAN_POINT('Origin',(-2.1,24.8,-11.));
#6365=CARTESIAN_POINT('',(-1.35,24.8,-11.));
#6366=CARTESIAN_POINT('Origin',(-2.1,24.8,-11.));
#6367=CARTESIAN_POINT('',(-1.35,22.8,-11.));
#6368=CARTESIAN_POINT('',(-1.35,24.8,-11.));
#6369=CARTESIAN_POINT('Origin',(-2.1,22.8,-11.));
#6370=CARTESIAN_POINT('Origin',(0.,24.8,-22.));
#6371=CARTESIAN_POINT('',(0.75,24.8,-22.));
#6372=CARTESIAN_POINT('Origin',(0.,24.8,-22.));
#6373=CARTESIAN_POINT('',(0.75,22.8,-22.));
#6374=CARTESIAN_POINT('',(0.75,24.8,-22.));
#6375=CARTESIAN_POINT('Origin',(0.,22.8,-22.));
#6376=CARTESIAN_POINT('Origin',(2.1,24.8,-6.6));
#6377=CARTESIAN_POINT('',(2.85,24.8,-6.6));
#6378=CARTESIAN_POINT('Origin',(2.1,24.8,-6.6));
#6379=CARTESIAN_POINT('',(2.85,22.8,-6.6));
#6380=CARTESIAN_POINT('',(2.85,24.8,-6.6));
#6381=CARTESIAN_POINT('Origin',(2.1,22.8,-6.6));
#6382=CARTESIAN_POINT('Origin',(6.3,24.8,-19.8));
#6383=CARTESIAN_POINT('',(7.05,24.8,-19.8));
#6384=CARTESIAN_POINT('Origin',(6.3,24.8,-19.8));
#6385=CARTESIAN_POINT('',(7.05,22.8,-19.8));
#6386=CARTESIAN_POINT('',(7.05,24.8,-19.8));
#6387=CARTESIAN_POINT('Origin',(6.3,22.8,-19.8));
#6388=CARTESIAN_POINT('Origin',(8.4,24.8,-8.8));
#6389=CARTESIAN_POINT('',(9.15,24.8,-8.8));
#6390=CARTESIAN_POINT('Origin',(8.4,24.8,-8.8));
#6391=CARTESIAN_POINT('',(9.15,22.8,-8.8));
#6392=CARTESIAN_POINT('',(9.15,24.8,-8.8));
#6393=CARTESIAN_POINT('Origin',(8.4,22.8,-8.8));
#6394=CARTESIAN_POINT('Origin',(10.5,24.8,-11.));
#6395=CARTESIAN_POINT('',(11.25,24.8,-11.));
#6396=CARTESIAN_POINT('Origin',(10.5,24.8,-11.));
#6397=CARTESIAN_POINT('',(11.25,22.8,-11.));
#6398=CARTESIAN_POINT('',(11.25,24.8,-11.));
#6399=CARTESIAN_POINT('Origin',(10.5,22.8,-11.));
#6400=CARTESIAN_POINT('Origin',(12.6,24.8,-8.8));
#6401=CARTESIAN_POINT('',(13.35,24.8,-8.8));
#6402=CARTESIAN_POINT('Origin',(12.6,24.8,-8.8));
#6403=CARTESIAN_POINT('',(13.35,22.8,-8.8));
#6404=CARTESIAN_POINT('',(13.35,24.8,-8.8));
#6405=CARTESIAN_POINT('Origin',(12.6,22.8,-8.8));
#6406=CARTESIAN_POINT('Origin',(18.9,24.8,-6.6));
#6407=CARTESIAN_POINT('',(19.65,24.8,-6.6));
#6408=CARTESIAN_POINT('Origin',(18.9,24.8,-6.6));
#6409=CARTESIAN_POINT('',(19.65,22.8,-6.6));
#6410=CARTESIAN_POINT('',(19.65,24.8,-6.6));
#6411=CARTESIAN_POINT('Origin',(18.9,22.8,-6.6));
#6412=CARTESIAN_POINT('Origin',(12.6,24.8,-4.4));
#6413=CARTESIAN_POINT('',(13.35,24.8,-4.4));
#6414=CARTESIAN_POINT('Origin',(12.6,24.8,-4.4));
#6415=CARTESIAN_POINT('',(13.35,22.8,-4.4));
#6416=CARTESIAN_POINT('',(13.35,24.8,-4.4));
#6417=CARTESIAN_POINT('Origin',(12.6,22.8,-4.4));
#6418=CARTESIAN_POINT('Origin',(-4.2,24.8,-4.4));
#6419=CARTESIAN_POINT('',(-3.45,24.8,-4.4));
#6420=CARTESIAN_POINT('Origin',(-4.2,24.8,-4.4));
#6421=CARTESIAN_POINT('',(-3.45,22.8,-4.4));
#6422=CARTESIAN_POINT('',(-3.45,24.8,-4.4));
#6423=CARTESIAN_POINT('Origin',(-4.2,22.8,-4.4));
#6424=CARTESIAN_POINT('Origin',(0.,24.8,22.));
#6425=CARTESIAN_POINT('',(0.75,24.8,22.));
#6426=CARTESIAN_POINT('Origin',(0.,24.8,22.));
#6427=CARTESIAN_POINT('',(0.75,22.8,22.));
#6428=CARTESIAN_POINT('',(0.75,24.8,22.));
#6429=CARTESIAN_POINT('Origin',(0.,22.8,22.));
#6430=CARTESIAN_POINT('Origin',(-2.1,24.8,19.8));
#6431=CARTESIAN_POINT('',(-1.35,24.8,19.8));
#6432=CARTESIAN_POINT('Origin',(-2.1,24.8,19.8));
#6433=CARTESIAN_POINT('',(-1.35,22.8,19.8));
#6434=CARTESIAN_POINT('',(-1.35,24.8,19.8));
#6435=CARTESIAN_POINT('Origin',(-2.1,22.8,19.8));
#6436=CARTESIAN_POINT('Origin',(0.,24.8,17.6));
#6437=CARTESIAN_POINT('',(0.75,24.8,17.6));
#6438=CARTESIAN_POINT('Origin',(0.,24.8,17.6));
#6439=CARTESIAN_POINT('',(0.75,22.8,17.6));
#6440=CARTESIAN_POINT('',(0.75,24.8,17.6));
#6441=CARTESIAN_POINT('Origin',(0.,22.8,17.6));
#6442=CARTESIAN_POINT('Origin',(14.7,24.8,15.4));
#6443=CARTESIAN_POINT('',(15.45,24.8,15.4));
#6444=CARTESIAN_POINT('Origin',(14.7,24.8,15.4));
#6445=CARTESIAN_POINT('',(15.45,22.8,15.4));
#6446=CARTESIAN_POINT('',(15.45,24.8,15.4));
#6447=CARTESIAN_POINT('Origin',(14.7,22.8,15.4));
#6448=CARTESIAN_POINT('Origin',(-2.1,24.8,15.4));
#6449=CARTESIAN_POINT('',(-1.35,24.8,15.4));
#6450=CARTESIAN_POINT('Origin',(-2.1,24.8,15.4));
#6451=CARTESIAN_POINT('',(-1.35,22.8,15.4));
#6452=CARTESIAN_POINT('',(-1.35,24.8,15.4));
#6453=CARTESIAN_POINT('Origin',(-2.1,22.8,15.4));
#6454=CARTESIAN_POINT('Origin',(-16.8,24.8,13.2));
#6455=CARTESIAN_POINT('',(-16.05,24.8,13.2));
#6456=CARTESIAN_POINT('Origin',(-16.8,24.8,13.2));
#6457=CARTESIAN_POINT('',(-16.05,22.8,13.2));
#6458=CARTESIAN_POINT('',(-16.05,24.8,13.2));
#6459=CARTESIAN_POINT('Origin',(-16.8,22.8,13.2));
#6460=CARTESIAN_POINT('Origin',(4.2,24.8,13.2));
#6461=CARTESIAN_POINT('',(4.95,24.8,13.2));
#6462=CARTESIAN_POINT('Origin',(4.2,24.8,13.2));
#6463=CARTESIAN_POINT('',(4.95,22.8,13.2));
#6464=CARTESIAN_POINT('',(4.95,24.8,13.2));
#6465=CARTESIAN_POINT('Origin',(4.2,22.8,13.2));
#6466=CARTESIAN_POINT('Origin',(-12.6,24.8,13.2));
#6467=CARTESIAN_POINT('',(-11.85,24.8,13.2));
#6468=CARTESIAN_POINT('Origin',(-12.6,24.8,13.2));
#6469=CARTESIAN_POINT('',(-11.85,22.8,13.2));
#6470=CARTESIAN_POINT('',(-11.85,24.8,13.2));
#6471=CARTESIAN_POINT('Origin',(-12.6,22.8,13.2));
#6472=CARTESIAN_POINT('Origin',(-2.1,24.8,11.));
#6473=CARTESIAN_POINT('',(-1.35,24.8,11.));
#6474=CARTESIAN_POINT('Origin',(-2.1,24.8,11.));
#6475=CARTESIAN_POINT('',(-1.35,22.8,11.));
#6476=CARTESIAN_POINT('',(-1.35,24.8,11.));
#6477=CARTESIAN_POINT('Origin',(-2.1,22.8,11.));
#6478=CARTESIAN_POINT('Origin',(14.7,24.8,11.));
#6479=CARTESIAN_POINT('',(15.45,24.8,11.));
#6480=CARTESIAN_POINT('Origin',(14.7,24.8,11.));
#6481=CARTESIAN_POINT('',(15.45,22.8,11.));
#6482=CARTESIAN_POINT('',(15.45,24.8,11.));
#6483=CARTESIAN_POINT('Origin',(14.7,22.8,11.));
#6484=CARTESIAN_POINT('Origin',(4.2,24.8,8.8));
#6485=CARTESIAN_POINT('',(4.95,24.8,8.8));
#6486=CARTESIAN_POINT('Origin',(4.2,24.8,8.8));
#6487=CARTESIAN_POINT('',(4.95,22.8,8.8));
#6488=CARTESIAN_POINT('',(4.95,24.8,8.8));
#6489=CARTESIAN_POINT('Origin',(4.2,22.8,8.8));
#6490=CARTESIAN_POINT('Origin',(-12.6,24.8,8.8));
#6491=CARTESIAN_POINT('',(-11.85,24.8,8.8));
#6492=CARTESIAN_POINT('Origin',(-12.6,24.8,8.8));
#6493=CARTESIAN_POINT('',(-11.85,22.8,8.8));
#6494=CARTESIAN_POINT('',(-11.85,24.8,8.8));
#6495=CARTESIAN_POINT('Origin',(-12.6,22.8,8.8));
#6496=CARTESIAN_POINT('Origin',(-10.5,24.8,6.6));
#6497=CARTESIAN_POINT('',(-9.75,24.8,6.6));
#6498=CARTESIAN_POINT('Origin',(-10.5,24.8,6.6));
#6499=CARTESIAN_POINT('',(-9.75,22.8,6.6));
#6500=CARTESIAN_POINT('',(-9.75,24.8,6.6));
#6501=CARTESIAN_POINT('Origin',(-10.5,22.8,6.6));
#6502=CARTESIAN_POINT('Origin',(6.3,24.8,6.6));
#6503=CARTESIAN_POINT('',(7.05,24.8,6.6));
#6504=CARTESIAN_POINT('Origin',(6.3,24.8,6.6));
#6505=CARTESIAN_POINT('',(7.05,22.8,6.6));
#6506=CARTESIAN_POINT('',(7.05,24.8,6.6));
#6507=CARTESIAN_POINT('Origin',(6.3,22.8,6.6));
#6508=CARTESIAN_POINT('Origin',(16.8,24.8,4.4));
#6509=CARTESIAN_POINT('',(17.55,24.8,4.4));
#6510=CARTESIAN_POINT('Origin',(16.8,24.8,4.4));
#6511=CARTESIAN_POINT('',(17.55,22.8,4.4));
#6512=CARTESIAN_POINT('',(17.55,24.8,4.4));
#6513=CARTESIAN_POINT('Origin',(16.8,22.8,4.4));
#6514=CARTESIAN_POINT('Origin',(0.,24.8,4.4));
#6515=CARTESIAN_POINT('',(0.75,24.8,4.4));
#6516=CARTESIAN_POINT('Origin',(0.,24.8,4.4));
#6517=CARTESIAN_POINT('',(0.75,22.8,4.4));
#6518=CARTESIAN_POINT('',(0.75,24.8,4.4));
#6519=CARTESIAN_POINT('Origin',(0.,22.8,4.4));
#6520=CARTESIAN_POINT('Origin',(-16.8,24.8,4.4));
#6521=CARTESIAN_POINT('',(-16.05,24.8,4.4));
#6522=CARTESIAN_POINT('Origin',(-16.8,24.8,4.4));
#6523=CARTESIAN_POINT('',(-16.05,22.8,4.4));
#6524=CARTESIAN_POINT('',(-16.05,24.8,4.4));
#6525=CARTESIAN_POINT('Origin',(-16.8,22.8,4.4));
#6526=CARTESIAN_POINT('Origin',(-6.3,24.8,2.2));
#6527=CARTESIAN_POINT('',(-5.55,24.8,2.2));
#6528=CARTESIAN_POINT('Origin',(-6.3,24.8,2.2));
#6529=CARTESIAN_POINT('',(-5.55,22.8,2.2));
#6530=CARTESIAN_POINT('',(-5.55,24.8,2.2));
#6531=CARTESIAN_POINT('Origin',(-6.3,22.8,2.2));
#6532=CARTESIAN_POINT('Origin',(10.5,24.8,2.2));
#6533=CARTESIAN_POINT('',(11.25,24.8,2.2));
#6534=CARTESIAN_POINT('Origin',(10.5,24.8,2.2));
#6535=CARTESIAN_POINT('',(11.25,22.8,2.2));
#6536=CARTESIAN_POINT('',(11.25,24.8,2.2));
#6537=CARTESIAN_POINT('Origin',(10.5,22.8,2.2));
#6538=CARTESIAN_POINT('Origin',(14.7,24.8,-2.2));
#6539=CARTESIAN_POINT('',(15.45,24.8,-2.2));
#6540=CARTESIAN_POINT('Origin',(14.7,24.8,-2.2));
#6541=CARTESIAN_POINT('',(15.45,22.8,-2.2));
#6542=CARTESIAN_POINT('',(15.45,24.8,-2.2));
#6543=CARTESIAN_POINT('Origin',(14.7,22.8,-2.2));
#6544=CARTESIAN_POINT('Origin',(-2.1,24.8,-2.2));
#6545=CARTESIAN_POINT('',(-1.35,24.8,-2.2));
#6546=CARTESIAN_POINT('Origin',(-2.1,24.8,-2.2));
#6547=CARTESIAN_POINT('',(-1.35,22.8,-2.2));
#6548=CARTESIAN_POINT('',(-1.35,24.8,-2.2));
#6549=CARTESIAN_POINT('Origin',(-2.1,22.8,-2.2));
#6550=CARTESIAN_POINT('Origin',(-18.9,24.8,-2.2));
#6551=CARTESIAN_POINT('',(-18.15,24.8,-2.2));
#6552=CARTESIAN_POINT('Origin',(-18.9,24.8,-2.2));
#6553=CARTESIAN_POINT('',(-18.15,22.8,-2.2));
#6554=CARTESIAN_POINT('',(-18.15,24.8,-2.2));
#6555=CARTESIAN_POINT('Origin',(-18.9,22.8,-2.2));
#6556=CARTESIAN_POINT('Origin',(-8.4,24.8,0.));
#6557=CARTESIAN_POINT('',(-7.65,24.8,-9.18485099360514E-17));
#6558=CARTESIAN_POINT('Origin',(-8.4,24.8,0.));
#6559=CARTESIAN_POINT('',(-7.65,22.8,-9.18485099360514E-17));
#6560=CARTESIAN_POINT('',(-7.65,24.8,9.18485099360514E-17));
#6561=CARTESIAN_POINT('Origin',(-8.4,22.8,0.));
#6562=CARTESIAN_POINT('Origin',(12.6,24.8,0.));
#6563=CARTESIAN_POINT('',(13.35,24.8,-9.18485099360514E-17));
#6564=CARTESIAN_POINT('Origin',(12.6,24.8,0.));
#6565=CARTESIAN_POINT('',(13.35,22.8,-9.18485099360514E-17));
#6566=CARTESIAN_POINT('',(13.35,24.8,9.18485099360514E-17));
#6567=CARTESIAN_POINT('Origin',(12.6,22.8,0.));
#6568=CARTESIAN_POINT('Origin',(0.,24.8,0.));
#6569=CARTESIAN_POINT('',(0.75,24.8,-9.18485099360515E-17));
#6570=CARTESIAN_POINT('Origin',(0.,24.8,0.));
#6571=CARTESIAN_POINT('',(0.75,22.8,-9.18485099360515E-17));
#6572=CARTESIAN_POINT('',(0.75,24.8,9.18485099360515E-17));
#6573=CARTESIAN_POINT('Origin',(0.,22.8,0.));
#6574=CARTESIAN_POINT('Origin',(16.8,24.8,0.));
#6575=CARTESIAN_POINT('',(17.55,24.8,-9.18485099360514E-17));
#6576=CARTESIAN_POINT('Origin',(16.8,24.8,0.));
#6577=CARTESIAN_POINT('',(17.55,22.8,-9.18485099360514E-17));
#6578=CARTESIAN_POINT('',(17.55,24.8,9.18485099360514E-17));
#6579=CARTESIAN_POINT('Origin',(16.8,22.8,0.));
#6580=CARTESIAN_POINT('Origin',(-12.6,24.8,0.));
#6581=CARTESIAN_POINT('',(-11.85,24.8,-9.18485099360514E-17));
#6582=CARTESIAN_POINT('Origin',(-12.6,24.8,0.));
#6583=CARTESIAN_POINT('',(-11.85,22.8,-9.18485099360514E-17));
#6584=CARTESIAN_POINT('',(-11.85,24.8,9.18485099360514E-17));
#6585=CARTESIAN_POINT('Origin',(-12.6,22.8,0.));
#6586=CARTESIAN_POINT('Origin',(-14.7,24.8,-2.2));
#6587=CARTESIAN_POINT('',(-13.95,24.8,-2.2));
#6588=CARTESIAN_POINT('Origin',(-14.7,24.8,-2.2));
#6589=CARTESIAN_POINT('',(-13.95,22.8,-2.2));
#6590=CARTESIAN_POINT('',(-13.95,24.8,-2.2));
#6591=CARTESIAN_POINT('Origin',(-14.7,22.8,-2.2));
#6592=CARTESIAN_POINT('Origin',(2.1,24.8,-2.2));
#6593=CARTESIAN_POINT('',(2.85,24.8,-2.2));
#6594=CARTESIAN_POINT('Origin',(2.1,24.8,-2.2));
#6595=CARTESIAN_POINT('',(2.85,22.8,-2.2));
#6596=CARTESIAN_POINT('',(2.85,24.8,-2.2));
#6597=CARTESIAN_POINT('Origin',(2.1,22.8,-2.2));
#6598=CARTESIAN_POINT('Origin',(18.9,24.8,-2.2));
#6599=CARTESIAN_POINT('',(19.65,24.8,-2.2));
#6600=CARTESIAN_POINT('Origin',(18.9,24.8,-2.2));
#6601=CARTESIAN_POINT('',(19.65,22.8,-2.2));
#6602=CARTESIAN_POINT('',(19.65,24.8,-2.2));
#6603=CARTESIAN_POINT('Origin',(18.9,22.8,-2.2));
#6604=CARTESIAN_POINT('Origin',(6.3,24.8,2.2));
#6605=CARTESIAN_POINT('',(7.05,24.8,2.2));
#6606=CARTESIAN_POINT('Origin',(6.3,24.8,2.2));
#6607=CARTESIAN_POINT('',(7.05,22.8,2.2));
#6608=CARTESIAN_POINT('',(7.05,24.8,2.2));
#6609=CARTESIAN_POINT('Origin',(6.3,22.8,2.2));
#6610=CARTESIAN_POINT('Origin',(-10.5,24.8,2.2));
#6611=CARTESIAN_POINT('',(-9.75,24.8,2.2));
#6612=CARTESIAN_POINT('Origin',(-10.5,24.8,2.2));
#6613=CARTESIAN_POINT('',(-9.75,22.8,2.2));
#6614=CARTESIAN_POINT('',(-9.75,24.8,2.2));
#6615=CARTESIAN_POINT('Origin',(-10.5,22.8,2.2));
#6616=CARTESIAN_POINT('Origin',(-12.6,24.8,4.4));
#6617=CARTESIAN_POINT('',(-11.85,24.8,4.4));
#6618=CARTESIAN_POINT('Origin',(-12.6,24.8,4.4));
#6619=CARTESIAN_POINT('',(-11.85,22.8,4.4));
#6620=CARTESIAN_POINT('',(-11.85,24.8,4.4));
#6621=CARTESIAN_POINT('Origin',(-12.6,22.8,4.4));
#6622=CARTESIAN_POINT('Origin',(4.2,24.8,4.4));
#6623=CARTESIAN_POINT('',(4.95,24.8,4.4));
#6624=CARTESIAN_POINT('Origin',(4.2,24.8,4.4));
#6625=CARTESIAN_POINT('',(4.95,22.8,4.4));
#6626=CARTESIAN_POINT('',(4.95,24.8,4.4));
#6627=CARTESIAN_POINT('Origin',(4.2,22.8,4.4));
#6628=CARTESIAN_POINT('Origin',(18.9,24.8,6.6));
#6629=CARTESIAN_POINT('',(19.65,24.8,6.6));
#6630=CARTESIAN_POINT('Origin',(18.9,24.8,6.6));
#6631=CARTESIAN_POINT('',(19.65,22.8,6.6));
#6632=CARTESIAN_POINT('',(19.65,24.8,6.6));
#6633=CARTESIAN_POINT('Origin',(18.9,22.8,6.6));
#6634=CARTESIAN_POINT('Origin',(2.1,24.8,6.6));
#6635=CARTESIAN_POINT('',(2.85,24.8,6.6));
#6636=CARTESIAN_POINT('Origin',(2.1,24.8,6.6));
#6637=CARTESIAN_POINT('',(2.85,22.8,6.6));
#6638=CARTESIAN_POINT('',(2.85,24.8,6.6));
#6639=CARTESIAN_POINT('Origin',(2.1,22.8,6.6));
#6640=CARTESIAN_POINT('Origin',(-14.7,24.8,6.6));
#6641=CARTESIAN_POINT('',(-13.95,24.8,6.6));
#6642=CARTESIAN_POINT('Origin',(-14.7,24.8,6.6));
#6643=CARTESIAN_POINT('',(-13.95,22.8,6.6));
#6644=CARTESIAN_POINT('',(-13.95,24.8,6.6));
#6645=CARTESIAN_POINT('Origin',(-14.7,22.8,6.6));
#6646=CARTESIAN_POINT('Origin',(-8.4,24.8,8.8));
#6647=CARTESIAN_POINT('',(-7.65,24.8,8.8));
#6648=CARTESIAN_POINT('Origin',(-8.4,24.8,8.8));
#6649=CARTESIAN_POINT('',(-7.65,22.8,8.8));
#6650=CARTESIAN_POINT('',(-7.65,24.8,8.8));
#6651=CARTESIAN_POINT('Origin',(-8.4,22.8,8.8));
#6652=CARTESIAN_POINT('Origin',(8.4,24.8,8.8));
#6653=CARTESIAN_POINT('',(9.15,24.8,8.8));
#6654=CARTESIAN_POINT('Origin',(8.4,24.8,8.8));
#6655=CARTESIAN_POINT('',(9.15,22.8,8.8));
#6656=CARTESIAN_POINT('',(9.15,24.8,8.8));
#6657=CARTESIAN_POINT('Origin',(8.4,22.8,8.8));
#6658=CARTESIAN_POINT('Origin',(10.5,24.8,11.));
#6659=CARTESIAN_POINT('',(11.25,24.8,11.));
#6660=CARTESIAN_POINT('Origin',(10.5,24.8,11.));
#6661=CARTESIAN_POINT('',(11.25,22.8,11.));
#6662=CARTESIAN_POINT('',(11.25,24.8,11.));
#6663=CARTESIAN_POINT('Origin',(10.5,22.8,11.));
#6664=CARTESIAN_POINT('Origin',(-6.3,24.8,11.));
#6665=CARTESIAN_POINT('',(-5.55,24.8,11.));
#6666=CARTESIAN_POINT('Origin',(-6.3,24.8,11.));
#6667=CARTESIAN_POINT('',(-5.55,22.8,11.));
#6668=CARTESIAN_POINT('',(-5.55,24.8,11.));
#6669=CARTESIAN_POINT('Origin',(-6.3,22.8,11.));
#6670=CARTESIAN_POINT('Origin',(-8.4,24.8,13.2));
#6671=CARTESIAN_POINT('',(-7.65,24.8,13.2));
#6672=CARTESIAN_POINT('Origin',(-8.4,24.8,13.2));
#6673=CARTESIAN_POINT('',(-7.65,22.8,13.2));
#6674=CARTESIAN_POINT('',(-7.65,24.8,13.2));
#6675=CARTESIAN_POINT('Origin',(-8.4,22.8,13.2));
#6676=CARTESIAN_POINT('Origin',(8.4,24.8,13.2));
#6677=CARTESIAN_POINT('',(9.15,24.8,13.2));
#6678=CARTESIAN_POINT('Origin',(8.4,24.8,13.2));
#6679=CARTESIAN_POINT('',(9.15,22.8,13.2));
#6680=CARTESIAN_POINT('',(9.15,24.8,13.2));
#6681=CARTESIAN_POINT('Origin',(8.4,22.8,13.2));
#6682=CARTESIAN_POINT('Origin',(-14.7,24.8,15.4));
#6683=CARTESIAN_POINT('',(-13.95,24.8,15.4));
#6684=CARTESIAN_POINT('Origin',(-14.7,24.8,15.4));
#6685=CARTESIAN_POINT('',(-13.95,22.8,15.4));
#6686=CARTESIAN_POINT('',(-13.95,24.8,15.4));
#6687=CARTESIAN_POINT('Origin',(-14.7,22.8,15.4));
#6688=CARTESIAN_POINT('Origin',(2.1,24.8,15.4));
#6689=CARTESIAN_POINT('',(2.85,24.8,15.4));
#6690=CARTESIAN_POINT('Origin',(2.1,24.8,15.4));
#6691=CARTESIAN_POINT('',(2.85,22.8,15.4));
#6692=CARTESIAN_POINT('',(2.85,24.8,15.4));
#6693=CARTESIAN_POINT('Origin',(2.1,22.8,15.4));
#6694=CARTESIAN_POINT('Origin',(12.6,24.8,17.6));
#6695=CARTESIAN_POINT('',(13.35,24.8,17.6));
#6696=CARTESIAN_POINT('Origin',(12.6,24.8,17.6));
#6697=CARTESIAN_POINT('',(13.35,22.8,17.6));
#6698=CARTESIAN_POINT('',(13.35,24.8,17.6));
#6699=CARTESIAN_POINT('Origin',(12.6,22.8,17.6));
#6700=CARTESIAN_POINT('Origin',(-4.2,24.8,17.6));
#6701=CARTESIAN_POINT('',(-3.45,24.8,17.6));
#6702=CARTESIAN_POINT('Origin',(-4.2,24.8,17.6));
#6703=CARTESIAN_POINT('',(-3.45,22.8,17.6));
#6704=CARTESIAN_POINT('',(-3.45,24.8,17.6));
#6705=CARTESIAN_POINT('Origin',(-4.2,22.8,17.6));
#6706=CARTESIAN_POINT('Origin',(-6.3,24.8,19.8));
#6707=CARTESIAN_POINT('',(-5.55,24.8,19.8));
#6708=CARTESIAN_POINT('Origin',(-6.3,24.8,19.8));
#6709=CARTESIAN_POINT('',(-5.55,22.8,19.8));
#6710=CARTESIAN_POINT('',(-5.55,24.8,19.8));
#6711=CARTESIAN_POINT('Origin',(-6.3,22.8,19.8));
#6712=CARTESIAN_POINT('Origin',(-16.8,24.8,-4.4));
#6713=CARTESIAN_POINT('',(-16.05,24.8,-4.4));
#6714=CARTESIAN_POINT('Origin',(-16.8,24.8,-4.4));
#6715=CARTESIAN_POINT('',(-16.05,22.8,-4.4));
#6716=CARTESIAN_POINT('',(-16.05,24.8,-4.4));
#6717=CARTESIAN_POINT('Origin',(-16.8,22.8,-4.4));
#6718=CARTESIAN_POINT('Origin',(0.,24.8,-4.4));
#6719=CARTESIAN_POINT('',(0.75,24.8,-4.4));
#6720=CARTESIAN_POINT('Origin',(0.,24.8,-4.4));
#6721=CARTESIAN_POINT('',(0.75,22.8,-4.4));
#6722=CARTESIAN_POINT('',(0.75,24.8,-4.4));
#6723=CARTESIAN_POINT('Origin',(0.,22.8,-4.4));
#6724=CARTESIAN_POINT('Origin',(16.8,24.8,-4.4));
#6725=CARTESIAN_POINT('',(17.55,24.8,-4.4));
#6726=CARTESIAN_POINT('Origin',(16.8,24.8,-4.4));
#6727=CARTESIAN_POINT('',(17.55,22.8,-4.4));
#6728=CARTESIAN_POINT('',(17.55,24.8,-4.4));
#6729=CARTESIAN_POINT('Origin',(16.8,22.8,-4.4));
#6730=CARTESIAN_POINT('Origin',(14.7,24.8,-6.6));
#6731=CARTESIAN_POINT('',(15.45,24.8,-6.6));
#6732=CARTESIAN_POINT('Origin',(14.7,24.8,-6.6));
#6733=CARTESIAN_POINT('',(15.45,22.8,-6.6));
#6734=CARTESIAN_POINT('',(15.45,24.8,-6.6));
#6735=CARTESIAN_POINT('Origin',(14.7,22.8,-6.6));
#6736=CARTESIAN_POINT('Origin',(12.6,24.8,-13.2));
#6737=CARTESIAN_POINT('',(13.35,24.8,-13.2));
#6738=CARTESIAN_POINT('Origin',(12.6,24.8,-13.2));
#6739=CARTESIAN_POINT('',(13.35,22.8,-13.2));
#6740=CARTESIAN_POINT('',(13.35,24.8,-13.2));
#6741=CARTESIAN_POINT('Origin',(12.6,22.8,-13.2));
#6742=CARTESIAN_POINT('Origin',(10.5,24.8,-15.4));
#6743=CARTESIAN_POINT('',(11.25,24.8,-15.4));
#6744=CARTESIAN_POINT('Origin',(10.5,24.8,-15.4));
#6745=CARTESIAN_POINT('',(11.25,22.8,-15.4));
#6746=CARTESIAN_POINT('',(11.25,24.8,-15.4));
#6747=CARTESIAN_POINT('Origin',(10.5,22.8,-15.4));
#6748=CARTESIAN_POINT('Origin',(6.3,24.8,-6.6));
#6749=CARTESIAN_POINT('',(7.05,24.8,-6.6));
#6750=CARTESIAN_POINT('Origin',(6.3,24.8,-6.6));
#6751=CARTESIAN_POINT('',(7.05,22.8,-6.6));
#6752=CARTESIAN_POINT('',(7.05,24.8,-6.6));
#6753=CARTESIAN_POINT('Origin',(6.3,22.8,-6.6));
#6754=CARTESIAN_POINT('Origin',(4.2,24.8,-17.6));
#6755=CARTESIAN_POINT('',(4.95,24.8,-17.6));
#6756=CARTESIAN_POINT('Origin',(4.2,24.8,-17.6));
#6757=CARTESIAN_POINT('',(4.95,22.8,-17.6));
#6758=CARTESIAN_POINT('',(4.95,24.8,-17.6));
#6759=CARTESIAN_POINT('Origin',(4.2,22.8,-17.6));
#6760=CARTESIAN_POINT('Origin',(2.1,24.8,-11.));
#6761=CARTESIAN_POINT('',(2.85,24.8,-11.));
#6762=CARTESIAN_POINT('Origin',(2.1,24.8,-11.));
#6763=CARTESIAN_POINT('',(2.85,22.8,-11.));
#6764=CARTESIAN_POINT('',(2.85,24.8,-11.));
#6765=CARTESIAN_POINT('Origin',(2.1,22.8,-11.));
#6766=CARTESIAN_POINT('Origin',(0.,24.8,-17.6));
#6767=CARTESIAN_POINT('',(0.75,24.8,-17.6));
#6768=CARTESIAN_POINT('Origin',(0.,24.8,-17.6));
#6769=CARTESIAN_POINT('',(0.75,22.8,-17.6));
#6770=CARTESIAN_POINT('',(0.75,24.8,-17.6));
#6771=CARTESIAN_POINT('Origin',(0.,22.8,-17.6));
#6772=CARTESIAN_POINT('Origin',(-2.1,24.8,-15.4));
#6773=CARTESIAN_POINT('',(-1.35,24.8,-15.4));
#6774=CARTESIAN_POINT('Origin',(-2.1,24.8,-15.4));
#6775=CARTESIAN_POINT('',(-1.35,22.8,-15.4));
#6776=CARTESIAN_POINT('',(-1.35,24.8,-15.4));
#6777=CARTESIAN_POINT('Origin',(-2.1,22.8,-15.4));
#6778=CARTESIAN_POINT('Origin',(-4.2,24.8,-13.2));
#6779=CARTESIAN_POINT('',(-3.45,24.8,-13.2));
#6780=CARTESIAN_POINT('Origin',(-4.2,24.8,-13.2));
#6781=CARTESIAN_POINT('',(-3.45,22.8,-13.2));
#6782=CARTESIAN_POINT('',(-3.45,24.8,-13.2));
#6783=CARTESIAN_POINT('Origin',(-4.2,22.8,-13.2));
#6784=CARTESIAN_POINT('Origin',(-6.3,24.8,-11.));
#6785=CARTESIAN_POINT('',(-5.55,24.8,-11.));
#6786=CARTESIAN_POINT('Origin',(-6.3,24.8,-11.));
#6787=CARTESIAN_POINT('',(-5.55,22.8,-11.));
#6788=CARTESIAN_POINT('',(-5.55,24.8,-11.));
#6789=CARTESIAN_POINT('Origin',(-6.3,22.8,-11.));
#6790=CARTESIAN_POINT('Origin',(-8.4,24.8,-17.6));
#6791=CARTESIAN_POINT('',(-7.65,24.8,-17.6));
#6792=CARTESIAN_POINT('Origin',(-8.4,24.8,-17.6));
#6793=CARTESIAN_POINT('',(-7.65,22.8,-17.6));
#6794=CARTESIAN_POINT('',(-7.65,24.8,-17.6));
#6795=CARTESIAN_POINT('Origin',(-8.4,22.8,-17.6));
#6796=CARTESIAN_POINT('Origin',(-12.6,24.8,-8.8));
#6797=CARTESIAN_POINT('',(-11.85,24.8,-8.8));
#6798=CARTESIAN_POINT('Origin',(-12.6,24.8,-8.8));
#6799=CARTESIAN_POINT('',(-11.85,22.8,-8.8));
#6800=CARTESIAN_POINT('',(-11.85,24.8,-8.8));
#6801=CARTESIAN_POINT('Origin',(-12.6,22.8,-8.8));
#6802=CARTESIAN_POINT('Origin',(-14.7,24.8,-11.));
#6803=CARTESIAN_POINT('',(-13.95,24.8,-11.));
#6804=CARTESIAN_POINT('Origin',(-14.7,24.8,-11.));
#6805=CARTESIAN_POINT('',(-13.95,22.8,-11.));
#6806=CARTESIAN_POINT('',(-13.95,24.8,-11.));
#6807=CARTESIAN_POINT('Origin',(-14.7,22.8,-11.));
#6808=CARTESIAN_POINT('Origin',(-18.9,24.8,-6.6));
#6809=CARTESIAN_POINT('',(-18.15,24.8,-6.6));
#6810=CARTESIAN_POINT('Origin',(-18.9,24.8,-6.6));
#6811=CARTESIAN_POINT('',(-18.15,22.8,-6.6));
#6812=CARTESIAN_POINT('',(-18.15,24.8,-6.6));
#6813=CARTESIAN_POINT('Origin',(-18.9,22.8,-6.6));
#6814=CARTESIAN_POINT('Origin',(-21.,24.8,-4.4));
#6815=CARTESIAN_POINT('',(-20.25,24.8,-4.4));
#6816=CARTESIAN_POINT('Origin',(-21.,24.8,-4.4));
#6817=CARTESIAN_POINT('',(-20.25,22.8,-4.4));
#6818=CARTESIAN_POINT('',(-20.25,24.8,-4.4));
#6819=CARTESIAN_POINT('Origin',(-21.,22.8,-4.4));
#6820=CARTESIAN_POINT('Origin',(18.9,24.8,11.));
#6821=CARTESIAN_POINT('',(19.65,24.8,11.));
#6822=CARTESIAN_POINT('Origin',(18.9,24.8,11.));
#6823=CARTESIAN_POINT('',(19.65,22.8,11.));
#6824=CARTESIAN_POINT('',(19.65,24.8,11.));
#6825=CARTESIAN_POINT('Origin',(18.9,22.8,11.));
#6826=CARTESIAN_POINT('Origin',(8.88178419700125E-15,23.8,9.43689570931383E-15));
#6827=CARTESIAN_POINT('',(5.72831868919682E-15,24.8,-25.75));
#6828=CARTESIAN_POINT('Origin',(8.88178419700125E-15,24.8,9.43689570931383E-15));
#6829=CARTESIAN_POINT('',(5.60585400928208E-15,23.8,-26.75));
#6830=CARTESIAN_POINT('Origin',(5.72831868919682E-15,23.8,-25.75));
#6831=CARTESIAN_POINT('',(26.75,23.8,6.16096552159466E-15));
#6832=CARTESIAN_POINT('Origin',(8.88178419700125E-15,23.8,9.43689570931383E-15));
#6833=CARTESIAN_POINT('Origin',(8.88178419700125E-15,23.8,9.43689570931383E-15));
#6834=CARTESIAN_POINT('Origin',(8.88178419700125E-15,24.8,8.88178419700125E-15));
#6835=CARTESIAN_POINT('Origin',(8.88178419700125E-15,10.3,9.43689570931383E-15));
#6836=CARTESIAN_POINT('',(26.75,10.3,6.16096552159466E-15));
#6837=CARTESIAN_POINT('',(26.75,10.3,6.16096552159466E-15));
#6838=CARTESIAN_POINT('Origin',(8.88178419700125E-15,10.3,9.43689570931383E-15));
#6839=CARTESIAN_POINT('',(-17.8992339190753,15.800050800102,-19.8791329063977));
#6840=CARTESIAN_POINT('',(-18.9151063967401,14.400050800102,-18.9151063967401));
#6841=CARTESIAN_POINT('Ctrl Pts',(-17.8992339190753,15.800050800102,-19.8791329063977));
#6842=CARTESIAN_POINT('Ctrl Pts',(-17.8992339190753,15.9758724013958,-19.8791329063977));
#6843=CARTESIAN_POINT('Ctrl Pts',(-17.9254385898245,16.1633914069862,-19.8556356575473));
#6844=CARTESIAN_POINT('Ctrl Pts',(-18.0313645789685,16.5083129702155,-19.7594915778999));
#6845=CARTESIAN_POINT('Ctrl Pts',(-18.1110142037081,16.6657182509428,-19.6867755542241));
#6846=CARTESIAN_POINT('Ctrl Pts',(-18.2932844705466,16.9142823050604,-19.517523164611));
#6847=CARTESIAN_POINT('Ctrl Pts',(-18.408051549983,17.0220211119375,-19.4096855409829));
#6848=CARTESIAN_POINT('Ctrl Pts',(-18.6568341736176,17.1649062481698,-19.1706753476406));
#6849=CARTESIAN_POINT('Ctrl Pts',(-18.7907817817201,17.200050800102,-19.0394310117602));
#6850=CARTESIAN_POINT('Ctrl Pts',(-19.0394310117602,17.200050800102,-18.7907817817201));
#6851=CARTESIAN_POINT('Ctrl Pts',(-19.1706753476406,17.1649062481698,-18.6568341736176));
#6852=CARTESIAN_POINT('Ctrl Pts',(-19.4096855409829,17.0220211119375,-18.408051549983));
#6853=CARTESIAN_POINT('Ctrl Pts',(-19.517523164611,16.9142823050604,-18.2932844705466));
#6854=CARTESIAN_POINT('Ctrl Pts',(-19.6867755542241,16.6657182509428,-18.1110142037081));
#6855=CARTESIAN_POINT('Ctrl Pts',(-19.7594915778999,16.5083129702155,-18.0313645789685));
#6856=CARTESIAN_POINT('Ctrl Pts',(-19.8556356575473,16.1633914069862,-17.9254385898245));
#6857=CARTESIAN_POINT('Ctrl Pts',(-19.8791329063977,15.9758724013958,-17.8992339190753));
#6858=CARTESIAN_POINT('Ctrl Pts',(-19.8791329063977,15.6242291988082,-17.8992339190753));
#6859=CARTESIAN_POINT('Ctrl Pts',(-19.8556356575473,15.4367101932178,-17.9254385898245));
#6860=CARTESIAN_POINT('Ctrl Pts',(-19.7594915778999,15.0917886299885,-18.0313645789685));
#6861=CARTESIAN_POINT('Ctrl Pts',(-19.6867755542241,14.9343833492612,-18.1110142037081));
#6862=CARTESIAN_POINT('Ctrl Pts',(-19.517523164611,14.6858192951436,-18.2932844705466));
#6863=CARTESIAN_POINT('Ctrl Pts',(-19.4096855409829,14.5780804882665,-18.408051549983));
#6864=CARTESIAN_POINT('Ctrl Pts',(-19.1706753476406,14.4351953520342,-18.6568341736176));
#6865=CARTESIAN_POINT('Ctrl Pts',(-19.0394310117602,14.400050800102,-18.7907817817201));
#6866=CARTESIAN_POINT('Ctrl Pts',(-18.9151063967401,14.400050800102,-18.9151063967401));
#6867=CARTESIAN_POINT('Ctrl Pts',(-18.9151063967401,14.400050800102,-18.9151063967401));
#6868=CARTESIAN_POINT('Ctrl Pts',(-18.7907817817201,14.400050800102,-19.0394310117602));
#6869=CARTESIAN_POINT('Ctrl Pts',(-18.6568341736176,14.4351953520342,-19.1706753476406));
#6870=CARTESIAN_POINT('Ctrl Pts',(-18.408051549983,14.5780804882665,-19.4096855409829));
#6871=CARTESIAN_POINT('Ctrl Pts',(-18.2932844705466,14.6858192951436,-19.517523164611));
#6872=CARTESIAN_POINT('Ctrl Pts',(-18.1110142037081,14.9343833492612,-19.6867755542241));
#6873=CARTESIAN_POINT('Ctrl Pts',(-18.0313645789685,15.0917886299885,-19.7594915778999));
#6874=CARTESIAN_POINT('Ctrl Pts',(-17.9254385898245,15.4367101932178,-19.8556356575473));
#6875=CARTESIAN_POINT('Ctrl Pts',(-17.8992339190753,15.6242291988082,-19.8791329063977));
#6876=CARTESIAN_POINT('Ctrl Pts',(-17.8992339190753,15.800050800102,-19.8791329063977));
#6877=CARTESIAN_POINT('',(19.8791329063977,15.800050800102,17.8992339190754));
#6878=CARTESIAN_POINT('',(18.9151063967401,14.400050800102,18.9151063967402));
#6879=CARTESIAN_POINT('Ctrl Pts',(19.8791329063977,15.800050800102,17.8992339190754));
#6880=CARTESIAN_POINT('Ctrl Pts',(19.8791329063977,15.6242291988082,17.8992339190754));
#6881=CARTESIAN_POINT('Ctrl Pts',(19.8556356575473,15.4367101932178,17.9254385898245));
#6882=CARTESIAN_POINT('Ctrl Pts',(19.7594915778999,15.0917886299885,18.0313645789686));
#6883=CARTESIAN_POINT('Ctrl Pts',(19.6867755542241,14.9343833492612,18.1110142037082));
#6884=CARTESIAN_POINT('Ctrl Pts',(19.517523164611,14.6858192951436,18.2932844705466));
#6885=CARTESIAN_POINT('Ctrl Pts',(19.4096855409829,14.5780804882665,18.408051549983));
#6886=CARTESIAN_POINT('Ctrl Pts',(19.1706753476406,14.4351953520342,18.6568341736176));
#6887=CARTESIAN_POINT('Ctrl Pts',(19.0394310117602,14.400050800102,18.7907817817201));
#6888=CARTESIAN_POINT('Ctrl Pts',(18.9151063967401,14.400050800102,18.9151063967402));
#6889=CARTESIAN_POINT('Ctrl Pts',(18.9151063967401,14.400050800102,18.9151063967402));
#6890=CARTESIAN_POINT('Ctrl Pts',(18.7907817817201,14.400050800102,19.0394310117602));
#6891=CARTESIAN_POINT('Ctrl Pts',(18.6568341736176,14.4351953520342,19.1706753476406));
#6892=CARTESIAN_POINT('Ctrl Pts',(18.408051549983,14.5780804882665,19.409685540983));
#6893=CARTESIAN_POINT('Ctrl Pts',(18.2932844705466,14.6858192951436,19.517523164611));
#6894=CARTESIAN_POINT('Ctrl Pts',(18.1110142037081,14.9343833492612,19.6867755542241));
#6895=CARTESIAN_POINT('Ctrl Pts',(18.0313645789685,15.0917886299885,19.7594915779));
#6896=CARTESIAN_POINT('Ctrl Pts',(17.9254385898245,15.4367101932178,19.8556356575474));
#6897=CARTESIAN_POINT('Ctrl Pts',(17.8992339190753,15.6242291988082,19.8791329063977));
#6898=CARTESIAN_POINT('Ctrl Pts',(17.8992339190753,15.9758724013958,19.8791329063977));
#6899=CARTESIAN_POINT('Ctrl Pts',(17.9254385898245,16.1633914069862,19.8556356575474));
#6900=CARTESIAN_POINT('Ctrl Pts',(18.0313645789685,16.5083129702155,19.7594915779));
#6901=CARTESIAN_POINT('Ctrl Pts',(18.1110142037081,16.6657182509428,19.6867755542241));
#6902=CARTESIAN_POINT('Ctrl Pts',(18.2932844705466,16.9142823050604,19.517523164611));
#6903=CARTESIAN_POINT('Ctrl Pts',(18.408051549983,17.0220211119375,19.409685540983));
#6904=CARTESIAN_POINT('Ctrl Pts',(18.6568341736176,17.1649062481698,19.1706753476406));
#6905=CARTESIAN_POINT('Ctrl Pts',(18.7907817817201,17.200050800102,19.0394310117602));
#6906=CARTESIAN_POINT('Ctrl Pts',(19.0394310117602,17.200050800102,18.7907817817201));
#6907=CARTESIAN_POINT('Ctrl Pts',(19.1706753476406,17.1649062481698,18.6568341736176));
#6908=CARTESIAN_POINT('Ctrl Pts',(19.4096855409829,17.0220211119375,18.408051549983));
#6909=CARTESIAN_POINT('Ctrl Pts',(19.517523164611,16.9142823050604,18.2932844705466));
#6910=CARTESIAN_POINT('Ctrl Pts',(19.6867755542241,16.6657182509428,18.1110142037082));
#6911=CARTESIAN_POINT('Ctrl Pts',(19.7594915778999,16.5083129702155,18.0313645789686));
#6912=CARTESIAN_POINT('Ctrl Pts',(19.8556356575473,16.1633914069862,17.9254385898245));
#6913=CARTESIAN_POINT('Ctrl Pts',(19.8791329063977,15.9758724013958,17.8992339190754));
#6914=CARTESIAN_POINT('Ctrl Pts',(19.8791329063977,15.800050800102,17.8992339190754));
#6915=CARTESIAN_POINT('Origin',(8.88178419700125E-15,22.3,9.43689570931383E-15));
#6916=CARTESIAN_POINT('',(25.45,22.3,1.25536218131438E-14));
#6917=CARTESIAN_POINT('',(5.76505809317124E-15,22.3,25.45));
#6918=CARTESIAN_POINT('Origin',(8.88178419700125E-15,22.3,9.43689570931383E-15));
#6919=CARTESIAN_POINT('',(5.82629043312861E-15,22.8,24.95));
#6920=CARTESIAN_POINT('Origin',(5.82629043312861E-15,22.3,24.95));
#6921=CARTESIAN_POINT('Origin',(8.88178419700125E-15,22.8,9.43689570931383E-15));
#6922=CARTESIAN_POINT('Origin',(8.88178419700125E-15,22.3,9.43689570931383E-15));
#6923=CARTESIAN_POINT('Origin',(8.88178419700125E-15,22.8,8.88178419700125E-15));
#6924=CARTESIAN_POINT('Origin',(8.88178419700125E-15,10.3,9.43689570931383E-15));
#6925=CARTESIAN_POINT('',(25.45,10.3,6.32016960548382E-15));
#6926=CARTESIAN_POINT('',(25.45,10.3,6.32016960548382E-15));
#6927=CARTESIAN_POINT('Origin',(8.88178419700125E-15,10.3,9.43689570931383E-15));
#6928=CARTESIAN_POINT('',(-16.9786689841184,15.800050800102,-18.9585679714407));
#6929=CARTESIAN_POINT('',(-17.9958675811976,14.400050800102,-17.9958675811976));
#6930=CARTESIAN_POINT('Ctrl Pts',(-16.9786689841184,15.800050800102,-18.9585679714407));
#6931=CARTESIAN_POINT('Ctrl Pts',(-16.9786689841184,15.6242255789241,-18.9585679714407));
#6932=CARTESIAN_POINT('Ctrl Pts',(-17.0049440743836,15.4367050176515,-18.9351391429154));
#6933=CARTESIAN_POINT('Ctrl Pts',(-17.1111212976637,15.0917844531687,-18.8392448167231));
#6934=CARTESIAN_POINT('Ctrl Pts',(-17.1909479625932,14.9343814401044,-18.7667066131538));
#6935=CARTESIAN_POINT('Ctrl Pts',(-17.3735483909836,14.6858212112614,-18.5977897948479));
#6936=CARTESIAN_POINT('Ctrl Pts',(-17.4884909647861,14.5780829504895,-18.4901308681738));
#6937=CARTESIAN_POINT('Ctrl Pts',(-17.7375226180472,14.4351967630862,-18.2513711025137));
#6938=CARTESIAN_POINT('Ctrl Pts',(-17.8715404134979,14.400050800102,-18.1201947488973));
#6939=CARTESIAN_POINT('Ctrl Pts',(-17.9958675811976,14.400050800102,-17.9958675811976));
#6940=CARTESIAN_POINT('Ctrl Pts',(-17.9958675811976,14.400050800102,-17.9958675811976));
#6941=CARTESIAN_POINT('Ctrl Pts',(-18.1201947488974,14.400050800102,-17.8715404134979));
#6942=CARTESIAN_POINT('Ctrl Pts',(-18.2513711025137,14.4351967630862,-17.7375226180472));
#6943=CARTESIAN_POINT('Ctrl Pts',(-18.4901308681738,14.5780829504895,-17.4884909647861));
#6944=CARTESIAN_POINT('Ctrl Pts',(-18.5977897948479,14.6858212112614,-17.3735483909836));
#6945=CARTESIAN_POINT('Ctrl Pts',(-18.7667066131538,14.9343814401044,-17.1909479625932));
#6946=CARTESIAN_POINT('Ctrl Pts',(-18.8392448167231,15.0917844531687,-17.1111212976637));
#6947=CARTESIAN_POINT('Ctrl Pts',(-18.9351391429154,15.4367050176515,-17.0049440743836));
#6948=CARTESIAN_POINT('Ctrl Pts',(-18.9585679714407,15.6242255789241,-16.9786689841184));
#6949=CARTESIAN_POINT('Ctrl Pts',(-18.9585679714407,15.9758760212799,-16.9786689841184));
#6950=CARTESIAN_POINT('Ctrl Pts',(-18.9351391429154,16.1633965825525,-17.0049440743836));
#6951=CARTESIAN_POINT('Ctrl Pts',(-18.8392448167231,16.5083171470353,-17.1111212976637));
#6952=CARTESIAN_POINT('Ctrl Pts',(-18.7667066131538,16.6657201600996,-17.1909479625932));
#6953=CARTESIAN_POINT('Ctrl Pts',(-18.5977897948479,16.9142803889426,-17.3735483909836));
#6954=CARTESIAN_POINT('Ctrl Pts',(-18.4901308681738,17.0220186497145,-17.4884909647861));
#6955=CARTESIAN_POINT('Ctrl Pts',(-18.2513711025138,17.1649048371178,-17.7375226180472));
#6956=CARTESIAN_POINT('Ctrl Pts',(-18.1201947488974,17.200050800102,-17.8715404134979));
#6957=CARTESIAN_POINT('Ctrl Pts',(-17.8715404134979,17.200050800102,-18.1201947488973));
#6958=CARTESIAN_POINT('Ctrl Pts',(-17.7375226180472,17.1649048371178,-18.2513711025137));
#6959=CARTESIAN_POINT('Ctrl Pts',(-17.4884909647861,17.0220186497145,-18.4901308681738));
#6960=CARTESIAN_POINT('Ctrl Pts',(-17.3735483909836,16.9142803889426,-18.5977897948479));
#6961=CARTESIAN_POINT('Ctrl Pts',(-17.1909479625932,16.6657201600996,-18.7667066131538));
#6962=CARTESIAN_POINT('Ctrl Pts',(-17.1111212976637,16.5083171470353,-18.8392448167231));
#6963=CARTESIAN_POINT('Ctrl Pts',(-17.0049440743836,16.1633965825525,-18.9351391429154));
#6964=CARTESIAN_POINT('Ctrl Pts',(-16.9786689841184,15.9758760212799,-18.9585679714407));
#6965=CARTESIAN_POINT('Ctrl Pts',(-16.9786689841184,15.800050800102,-18.9585679714407));
#6966=CARTESIAN_POINT('',(18.9585679714407,15.800050800102,16.9786689841184));
#6967=CARTESIAN_POINT('',(17.9958675811976,14.400050800102,17.9958675811977));
#6968=CARTESIAN_POINT('Ctrl Pts',(18.9585679714407,15.800050800102,16.9786689841184));
#6969=CARTESIAN_POINT('Ctrl Pts',(18.9585679714407,15.9758760212799,16.9786689841184));
#6970=CARTESIAN_POINT('Ctrl Pts',(18.9351391429154,16.1633965825525,17.0049440743836));
#6971=CARTESIAN_POINT('Ctrl Pts',(18.8392448167231,16.5083171470353,17.1111212976637));
#6972=CARTESIAN_POINT('Ctrl Pts',(18.7667066131538,16.6657201600996,17.1909479625932));
#6973=CARTESIAN_POINT('Ctrl Pts',(18.5977897948479,16.9142803889426,17.3735483909836));
#6974=CARTESIAN_POINT('Ctrl Pts',(18.4901308681738,17.0220186497145,17.4884909647862));
#6975=CARTESIAN_POINT('Ctrl Pts',(18.2513711025138,17.1649048371178,17.7375226180472));
#6976=CARTESIAN_POINT('Ctrl Pts',(18.1201947488974,17.200050800102,17.8715404134979));
#6977=CARTESIAN_POINT('Ctrl Pts',(17.8715404134979,17.200050800102,18.1201947488974));
#6978=CARTESIAN_POINT('Ctrl Pts',(17.7375226180472,17.1649048371178,18.2513711025138));
#6979=CARTESIAN_POINT('Ctrl Pts',(17.4884909647862,17.0220186497145,18.4901308681739));
#6980=CARTESIAN_POINT('Ctrl Pts',(17.3735483909836,16.9142803889426,18.5977897948479));
#6981=CARTESIAN_POINT('Ctrl Pts',(17.1909479625932,16.6657201600996,18.7667066131538));
#6982=CARTESIAN_POINT('Ctrl Pts',(17.1111212976637,16.5083171470353,18.8392448167231));
#6983=CARTESIAN_POINT('Ctrl Pts',(17.0049440743836,16.1633965825525,18.9351391429154));
#6984=CARTESIAN_POINT('Ctrl Pts',(16.9786689841184,15.9758760212799,18.9585679714407));
#6985=CARTESIAN_POINT('Ctrl Pts',(16.9786689841184,15.6242255789241,18.9585679714407));
#6986=CARTESIAN_POINT('Ctrl Pts',(17.0049440743836,15.4367050176515,18.9351391429154));
#6987=CARTESIAN_POINT('Ctrl Pts',(17.1111212976637,15.0917844531687,18.8392448167231));
#6988=CARTESIAN_POINT('Ctrl Pts',(17.1909479625932,14.9343814401044,18.7667066131538));
#6989=CARTESIAN_POINT('Ctrl Pts',(17.3735483909836,14.6858212112614,18.5977897948479));
#6990=CARTESIAN_POINT('Ctrl Pts',(17.4884909647862,14.5780829504895,18.4901308681738));
#6991=CARTESIAN_POINT('Ctrl Pts',(17.7375226180472,14.4351967630862,18.2513711025138));
#6992=CARTESIAN_POINT('Ctrl Pts',(17.8715404134979,14.400050800102,18.1201947488974));
#6993=CARTESIAN_POINT('Ctrl Pts',(17.9958675811976,14.400050800102,17.9958675811977));
#6994=CARTESIAN_POINT('Ctrl Pts',(17.9958675811976,14.400050800102,17.9958675811977));
#6995=CARTESIAN_POINT('Ctrl Pts',(18.1201947488974,14.400050800102,17.8715404134979));
#6996=CARTESIAN_POINT('Ctrl Pts',(18.2513711025138,14.4351967630862,17.7375226180472));
#6997=CARTESIAN_POINT('Ctrl Pts',(18.4901308681738,14.5780829504895,17.4884909647862));
#6998=CARTESIAN_POINT('Ctrl Pts',(18.5977897948479,14.6858212112614,17.3735483909836));
#6999=CARTESIAN_POINT('Ctrl Pts',(18.7667066131538,14.9343814401044,17.1909479625932));
#7000=CARTESIAN_POINT('Ctrl Pts',(18.8392448167231,15.0917844531687,17.1111212976637));
#7001=CARTESIAN_POINT('Ctrl Pts',(18.9351391429154,15.4367050176515,17.0049440743836));
#7002=CARTESIAN_POINT('Ctrl Pts',(18.9585679714407,15.6242255789241,16.9786689841184));
#7003=CARTESIAN_POINT('Ctrl Pts',(18.9585679714407,15.800050800102,16.9786689841184));
#7004=CARTESIAN_POINT('Origin',(-6.66133814775094E-15,15.800050800102,4.44089209850063E-15));
#7005=CARTESIAN_POINT('',(-6.54010429987797E-15,14.400050800102,4.31965825062766E-15));
#7006=CARTESIAN_POINT('Origin',(-6.66133814775094E-15,15.800050800102,4.44089209850063E-15));
#7007=CARTESIAN_POINT('',(-6.54010429987797E-15,14.400050800102,4.31965825062766E-15));
#7008=CARTESIAN_POINT('Origin',(8.88178419700125E-15,10.3,9.43689570931383E-15));
#7009=UNCERTAINTY_MEASURE_WITH_UNIT(LENGTH_MEASURE(0.01),#7013,
'DISTANCE_ACCURACY_VALUE',
'Maximum model space distance between geometric entities at asserted c
onnectivities');
#7010=UNCERTAINTY_MEASURE_WITH_UNIT(LENGTH_MEASURE(0.01),#7013,
'DISTANCE_ACCURACY_VALUE',
'Maximum model space distance between geometric entities at asserted c
onnectivities');
#7011=(
GEOMETRIC_REPRESENTATION_CONTEXT(3)
GLOBAL_UNCERTAINTY_ASSIGNED_CONTEXT((#7009))
GLOBAL_UNIT_ASSIGNED_CONTEXT((#7013,#7014,#7015))
REPRESENTATION_CONTEXT('','3D')
);
#7012=(
GEOMETRIC_REPRESENTATION_CONTEXT(3)
GLOBAL_UNCERTAINTY_ASSIGNED_CONTEXT((#7010))
GLOBAL_UNIT_ASSIGNED_CONTEXT((#7013,#7014,#7015))
REPRESENTATION_CONTEXT('','3D')
);
#7013=(
LENGTH_UNIT()
NAMED_UNIT(*)
SI_UNIT(.MILLI.,.METRE.)
);
#7014=(
NAMED_UNIT(*)
PLANE_ANGLE_UNIT()
SI_UNIT($,.RADIAN.)
);
#7015=(
NAMED_UNIT(*)
SI_UNIT($,.STERADIAN.)
SOLID_ANGLE_UNIT()
);
#7016=SHAPE_DEFINITION_REPRESENTATION(#7017,#7018);
#7017=PRODUCT_DEFINITION_SHAPE('',$,#7020);
#7018=SHAPE_REPRESENTATION('',(#4057),#7011);
#7019=PRODUCT_DEFINITION_CONTEXT('part definition',#7024,'design');
#7020=PRODUCT_DEFINITION('button-speaker-top-cover',
'button-speaker-top-cover v5',#7021,#7019);
#7021=PRODUCT_DEFINITION_FORMATION('',$,#7026);
#7022=PRODUCT_RELATED_PRODUCT_CATEGORY('button-speaker-top-cover v5',
'button-speaker-top-cover v5',(#7026));
#7023=APPLICATION_PROTOCOL_DEFINITION('international standard',
'automotive_design',2009,#7024);
#7024=APPLICATION_CONTEXT(
'Core Data for Automotive Mechanical Design Process');
#7025=PRODUCT_CONTEXT('part definition',#7024,'mechanical');
#7026=PRODUCT('button-speaker-top-cover','button-speaker-top-cover v5',
$,(#7025));
#7027=PRESENTATION_STYLE_ASSIGNMENT((#7028));
#7028=SURFACE_STYLE_USAGE(.BOTH.,#7029);
#7029=SURFACE_SIDE_STYLE('',(#7030));
#7030=SURFACE_STYLE_FILL_AREA(#7031);
#7031=FILL_AREA_STYLE('Steel - Satin',(#7032));
#7032=FILL_AREA_STYLE_COLOUR('Steel - Satin',#7033);
#7033=COLOUR_RGB('Steel - Satin',0.627450980392157,0.627450980392157,0.627450980392157);
ENDSEC;
END-ISO-10303-21;
