ISO-10303-21;
HEADER;
/* Generated by software containing ST-Developer
 * from STEP Tools, Inc. (www.steptools.com) 
 */

FILE_DESCRIPTION(
/* description */ (''),
/* implementation_level */ '2;1');

FILE_NAME(
/* name */ 'bowtie-holder.step',
/* time_stamp */ '2026-01-19T09:47:23+09:00',
/* author */ (''),
/* organization */ (''),
/* preprocessor_version */ 'ST-DEVELOPER v20.1',
/* originating_system */ 'Autodesk Translation Framework v14.21.0.0',
/* authorisation */ '');

FILE_SCHEMA (('AUTOMOTIVE_DESIGN { 1 0 10303 214 3 1 1 }'));
ENDSEC;

DATA;
#10=MECHANICAL_DESIGN_GEOMETRIC_PRESENTATION_REPRESENTATION('',(#13),#5446);
#11=SHAPE_REPRESENTATION_RELATIONSHIP('SRR','None',#5452,#12);
#12=ADVANCED_BREP_SHAPE_REPRESENTATION('',(#14),#5445);
#13=STYLED_ITEM('',(#5462),#14);
#14=MANIFOLD_SOLID_BREP('Body1',#2305);
#15=(
BOUNDED_SURFACE()
B_SPLINE_SURFACE(2,2,((#5112,#5113,#5114),(#5115,#5116,#5117),(#5118,#5119,
#5120)),.UNSPECIFIED.,.F.,.F.,.F.)
B_SPLINE_SURFACE_WITH_KNOTS((3,3),(3,3),(-1.5707963267949,6.55432401105139E-15),
(-1.54310588462213,-0.384331593614229),.UNSPECIFIED.)
GEOMETRIC_REPRESENTATION_ITEM()
RATIONAL_B_SPLINE_SURFACE(((1.,0.836798351744005,1.),(0.707106781186531,
0.591705789003898,0.707106781186531),(1.,0.836798351744005,1.)))
REPRESENTATION_ITEM('')
SURFACE()
);
#16=(
BOUNDED_SURFACE()
B_SPLINE_SURFACE(2,2,((#5134,#5135,#5136),(#5137,#5138,#5139),(#5140,#5141,
#5142)),.UNSPECIFIED.,.F.,.F.,.F.)
B_SPLINE_SURFACE_WITH_KNOTS((3,3),(3,3),(-1.5707963267949,2.08821163785827E-15),
(0.384149775432159,1.54292406644007),.UNSPECIFIED.)
GEOMETRIC_REPRESENTATION_ITEM()
RATIONAL_B_SPLINE_SURFACE(((1.,0.836798351744003,1.),(0.707106781186526,
0.591705789003892,0.707106781186526),(1.,0.836798351744003,1.)))
REPRESENTATION_ITEM('')
SURFACE()
);
#17=PLANE('',#2334);
#18=PLANE('',#2338);
#19=PLANE('',#2342);
#20=PLANE('',#2372);
#21=PLANE('',#2376);
#22=PLANE('',#2383);
#23=PLANE('',#2453);
#24=PLANE('',#2454);
#25=PLANE('',#2482);
#26=PLANE('',#2489);
#27=PLANE('',#2496);
#28=PLANE('',#2536);
#29=PLANE('',#2537);
#30=PLANE('',#2560);
#31=PLANE('',#2562);
#32=PLANE('',#2570);
#33=PLANE('',#2571);
#34=PLANE('',#2572);
#35=PLANE('',#2574);
#36=TOROIDAL_SURFACE('',#2315,9.,1.);
#37=TOROIDAL_SURFACE('',#2321,9.,1.);
#38=TOROIDAL_SURFACE('',#2354,9.,1.);
#39=TOROIDAL_SURFACE('',#2359,9.,1.);
#40=TOROIDAL_SURFACE('',#2387,4.,1.);
#41=TOROIDAL_SURFACE('',#2393,9.,1.);
#42=TOROIDAL_SURFACE('',#2398,9.,1.);
#43=TOROIDAL_SURFACE('',#2403,4.,1.);
#44=TOROIDAL_SURFACE('',#2408,51.,1.);
#45=TOROIDAL_SURFACE('',#2411,46.,1.);
#46=TOROIDAL_SURFACE('',#2415,51.,1.);
#47=TOROIDAL_SURFACE('',#2420,4.,1.);
#48=TOROIDAL_SURFACE('',#2425,9.,1.);
#49=TOROIDAL_SURFACE('',#2431,9.,1.);
#50=TOROIDAL_SURFACE('',#2437,4.,1.);
#51=TOROIDAL_SURFACE('',#2442,51.,1.);
#52=TOROIDAL_SURFACE('',#2445,46.,1.);
#53=TOROIDAL_SURFACE('',#2449,51.,1.);
#54=TOROIDAL_SURFACE('',#2486,5.3,4.7);
#55=TOROIDAL_SURFACE('',#2492,5.3,4.7);
#56=TOROIDAL_SURFACE('',#2505,11.5,0.5);
#57=TOROIDAL_SURFACE('',#2512,4.,0.5);
#58=TOROIDAL_SURFACE('',#2525,11.5,0.5);
#59=TOROIDAL_SURFACE('',#2533,5.3,4.7);
#60=TOROIDAL_SURFACE('',#2540,5.3,4.7);
#61=LINE('',#3312,#142);
#62=LINE('',#3313,#143);
#63=LINE('',#3317,#144);
#64=LINE('',#3321,#145);
#65=LINE('',#3347,#146);
#66=LINE('',#3349,#147);
#67=LINE('',#3557,#148);
#68=LINE('',#3558,#149);
#69=LINE('',#3644,#150);
#70=LINE('',#3645,#151);
#71=LINE('',#3650,#152);
#72=LINE('',#3653,#153);
#73=LINE('',#3658,#154);
#74=LINE('',#3660,#155);
#75=LINE('',#3664,#156);
#76=LINE('',#3672,#157);
#77=LINE('',#3675,#158);
#78=LINE('',#3787,#159);
#79=LINE('',#3788,#160);
#80=LINE('',#3792,#161);
#81=LINE('',#3796,#162);
#82=LINE('',#3866,#163);
#83=LINE('',#3868,#164);
#84=LINE('',#4032,#165);
#85=LINE('',#4033,#166);
#86=LINE('',#4094,#167);
#87=LINE('',#4096,#168);
#88=LINE('',#4100,#169);
#89=LINE('',#4108,#170);
#90=LINE('',#4112,#171);
#91=LINE('',#4113,#172);
#92=LINE('',#4118,#173);
#93=LINE('',#4127,#174);
#94=LINE('',#4128,#175);
#95=LINE('',#4204,#176);
#96=LINE('',#4212,#177);
#97=LINE('',#4213,#178);
#98=LINE('',#4221,#179);
#99=LINE('',#4229,#180);
#100=LINE('',#4246,#181);
#101=LINE('',#4254,#182);
#102=LINE('',#4265,#183);
#103=LINE('',#4266,#184);
#104=LINE('',#4275,#185);
#105=LINE('',#4283,#186);
#106=LINE('',#4298,#187);
#107=LINE('',#4300,#188);
#108=LINE('',#4302,#189);
#109=LINE('',#4308,#190);
#110=LINE('',#4311,#191);
#111=LINE('',#4778,#192);
#112=LINE('',#4781,#193);
#113=LINE('',#4839,#194);
#114=LINE('',#4898,#195);
#115=LINE('',#4900,#196);
#116=LINE('',#4901,#197);
#117=LINE('',#4961,#198);
#118=LINE('',#4967,#199);
#119=LINE('',#5283,#200);
#120=LINE('',#5370,#201);
#121=LINE('',#5372,#202);
#122=LINE('',#5373,#203);
#123=LINE('',#5375,#204);
#124=LINE('',#5382,#205);
#125=LINE('',#5386,#206);
#126=LINE('',#5390,#207);
#127=LINE('',#5394,#208);
#128=LINE('',#5398,#209);
#129=LINE('',#5402,#210);
#130=LINE('',#5406,#211);
#131=LINE('',#5410,#212);
#132=LINE('',#5414,#213);
#133=LINE('',#5416,#214);
#134=LINE('',#5418,#215);
#135=LINE('',#5420,#216);
#136=LINE('',#5421,#217);
#137=LINE('',#5423,#218);
#138=LINE('',#5425,#219);
#139=LINE('',#5427,#220);
#140=LINE('',#5433,#221);
#141=LINE('',#5436,#222);
#142=VECTOR('',#2591,10.);
#143=VECTOR('',#2592,10.);
#144=VECTOR('',#2595,10.);
#145=VECTOR('',#2598,10.);
#146=VECTOR('',#2611,10.);
#147=VECTOR('',#2612,10.);
#148=VECTOR('',#2637,10.);
#149=VECTOR('',#2638,10.);
#150=VECTOR('',#2643,10.);
#151=VECTOR('',#2644,10.);
#152=VECTOR('',#2649,10.);
#153=VECTOR('',#2652,10.);
#154=VECTOR('',#2657,10.);
#155=VECTOR('',#2658,10.);
#156=VECTOR('',#2661,10.);
#157=VECTOR('',#2670,10.);
#158=VECTOR('',#2673,10.);
#159=VECTOR('',#2686,10.);
#160=VECTOR('',#2687,10.);
#161=VECTOR('',#2690,10.);
#162=VECTOR('',#2693,10.);
#163=VECTOR('',#2716,10.);
#164=VECTOR('',#2717,10.);
#165=VECTOR('',#2732,10.);
#166=VECTOR('',#2733,10.);
#167=VECTOR('',#2738,10.);
#168=VECTOR('',#2739,10.);
#169=VECTOR('',#2742,10.);
#170=VECTOR('',#2751,10.);
#171=VECTOR('',#2754,10.);
#172=VECTOR('',#2755,10.);
#173=VECTOR('',#2760,10.);
#174=VECTOR('',#2765,10.);
#175=VECTOR('',#2766,10.);
#176=VECTOR('',#2785,10.);
#177=VECTOR('',#2796,10.);
#178=VECTOR('',#2797,10.);
#179=VECTOR('',#2808,10.);
#180=VECTOR('',#2819,10.);
#181=VECTOR('',#2844,10.);
#182=VECTOR('',#2855,10.);
#183=VECTOR('',#2868,10.);
#184=VECTOR('',#2869,10.);
#185=VECTOR('',#2882,10.);
#186=VECTOR('',#2893,10.);
#187=VECTOR('',#2916,10.);
#188=VECTOR('',#2919,10.);
#189=VECTOR('',#2922,5.);
#190=VECTOR('',#2927,10.);
#191=VECTOR('',#2930,10.);
#192=VECTOR('',#2977,10.);
#193=VECTOR('',#2980,10.);
#194=VECTOR('',#2983,10.);
#195=VECTOR('',#2996,10.);
#196=VECTOR('',#2999,10.);
#197=VECTOR('',#3000,10.);
#198=VECTOR('',#3015,10.);
#199=VECTOR('',#3022,10.);
#200=VECTOR('',#3083,10.);
#201=VECTOR('',#3096,10.);
#202=VECTOR('',#3099,10.);
#203=VECTOR('',#3100,10.);
#204=VECTOR('',#3103,10.);
#205=VECTOR('',#3114,10.);
#206=VECTOR('',#3119,10.);
#207=VECTOR('',#3124,10.);
#208=VECTOR('',#3129,10.);
#209=VECTOR('',#3134,10.);
#210=VECTOR('',#3139,10.);
#211=VECTOR('',#3144,10.);
#212=VECTOR('',#3149,10.);
#213=VECTOR('',#3154,10.);
#214=VECTOR('',#3157,5.);
#215=VECTOR('',#3160,10.);
#216=VECTOR('',#3163,5.);
#217=VECTOR('',#3164,5.);
#218=VECTOR('',#3167,10.);
#219=VECTOR('',#3170,10.);
#220=VECTOR('',#3173,10.);
#221=VECTOR('',#3182,10.);
#222=VECTOR('',#3187,10.);
#223=CYLINDRICAL_SURFACE('',#2311,1.);
#224=CYLINDRICAL_SURFACE('',#2313,1.);
#225=CYLINDRICAL_SURFACE('',#2320,1.);
#226=CYLINDRICAL_SURFACE('',#2331,1.);
#227=CYLINDRICAL_SURFACE('',#2335,10.);
#228=CYLINDRICAL_SURFACE('',#2350,1.);
#229=CYLINDRICAL_SURFACE('',#2352,1.);
#230=CYLINDRICAL_SURFACE('',#2364,1.);
#231=CYLINDRICAL_SURFACE('',#2370,1.);
#232=CYLINDRICAL_SURFACE('',#2380,10.);
#233=CYLINDRICAL_SURFACE('',#2391,1.);
#234=CYLINDRICAL_SURFACE('',#2396,1.);
#235=CYLINDRICAL_SURFACE('',#2401,1.);
#236=CYLINDRICAL_SURFACE('',#2406,1.);
#237=CYLINDRICAL_SURFACE('',#2418,1.);
#238=CYLINDRICAL_SURFACE('',#2423,1.);
#239=CYLINDRICAL_SURFACE('',#2429,1.);
#240=CYLINDRICAL_SURFACE('',#2435,1.);
#241=CYLINDRICAL_SURFACE('',#2440,1.);
#242=CYLINDRICAL_SURFACE('',#2452,1.);
#243=CYLINDRICAL_SURFACE('',#2455,0.5);
#244=CYLINDRICAL_SURFACE('',#2479,0.5);
#245=CYLINDRICAL_SURFACE('',#2488,10.);
#246=CYLINDRICAL_SURFACE('',#2490,10.);
#247=CYLINDRICAL_SURFACE('',#2497,0.5);
#248=CYLINDRICAL_SURFACE('',#2528,0.5);
#249=CYLINDRICAL_SURFACE('',#2535,10.);
#250=CYLINDRICAL_SURFACE('',#2538,10.);
#251=CYLINDRICAL_SURFACE('',#2541,11.);
#252=CYLINDRICAL_SURFACE('',#2543,10.);
#253=CYLINDRICAL_SURFACE('',#2545,11.);
#254=CYLINDRICAL_SURFACE('',#2547,1.);
#255=CYLINDRICAL_SURFACE('',#2549,3.5);
#256=CYLINDRICAL_SURFACE('',#2551,1.);
#257=CYLINDRICAL_SURFACE('',#2553,1.);
#258=CYLINDRICAL_SURFACE('',#2555,3.5);
#259=CYLINDRICAL_SURFACE('',#2557,1.);
#260=CYLINDRICAL_SURFACE('',#2559,5.);
#261=CYLINDRICAL_SURFACE('',#2561,5.);
#262=CYLINDRICAL_SURFACE('',#2563,50.);
#263=CYLINDRICAL_SURFACE('',#2564,47.);
#264=CYLINDRICAL_SURFACE('',#2565,50.);
#265=CYLINDRICAL_SURFACE('',#2566,11.);
#266=CYLINDRICAL_SURFACE('',#2568,10.);
#267=CYLINDRICAL_SURFACE('',#2575,11.);
#268=CYLINDRICAL_SURFACE('',#2576,45.);
#269=FACE_OUTER_BOUND('',#418,.T.);
#270=FACE_OUTER_BOUND('',#419,.T.);
#271=FACE_OUTER_BOUND('',#420,.T.);
#272=FACE_OUTER_BOUND('',#421,.T.);
#273=FACE_OUTER_BOUND('',#422,.T.);
#274=FACE_OUTER_BOUND('',#423,.T.);
#275=FACE_OUTER_BOUND('',#424,.T.);
#276=FACE_OUTER_BOUND('',#425,.T.);
#277=FACE_OUTER_BOUND('',#426,.T.);
#278=FACE_OUTER_BOUND('',#427,.T.);
#279=FACE_OUTER_BOUND('',#428,.T.);
#280=FACE_OUTER_BOUND('',#429,.T.);
#281=FACE_OUTER_BOUND('',#430,.T.);
#282=FACE_OUTER_BOUND('',#431,.T.);
#283=FACE_OUTER_BOUND('',#432,.T.);
#284=FACE_OUTER_BOUND('',#433,.T.);
#285=FACE_OUTER_BOUND('',#434,.T.);
#286=FACE_OUTER_BOUND('',#435,.T.);
#287=FACE_OUTER_BOUND('',#436,.T.);
#288=FACE_OUTER_BOUND('',#437,.T.);
#289=FACE_OUTER_BOUND('',#438,.T.);
#290=FACE_OUTER_BOUND('',#439,.T.);
#291=FACE_OUTER_BOUND('',#440,.T.);
#292=FACE_OUTER_BOUND('',#441,.T.);
#293=FACE_OUTER_BOUND('',#442,.T.);
#294=FACE_OUTER_BOUND('',#443,.T.);
#295=FACE_OUTER_BOUND('',#444,.T.);
#296=FACE_OUTER_BOUND('',#445,.T.);
#297=FACE_OUTER_BOUND('',#446,.T.);
#298=FACE_OUTER_BOUND('',#447,.T.);
#299=FACE_OUTER_BOUND('',#448,.T.);
#300=FACE_OUTER_BOUND('',#449,.T.);
#301=FACE_OUTER_BOUND('',#450,.T.);
#302=FACE_OUTER_BOUND('',#451,.T.);
#303=FACE_OUTER_BOUND('',#452,.T.);
#304=FACE_OUTER_BOUND('',#453,.T.);
#305=FACE_OUTER_BOUND('',#454,.T.);
#306=FACE_OUTER_BOUND('',#455,.T.);
#307=FACE_OUTER_BOUND('',#456,.T.);
#308=FACE_OUTER_BOUND('',#457,.T.);
#309=FACE_OUTER_BOUND('',#458,.T.);
#310=FACE_OUTER_BOUND('',#459,.T.);
#311=FACE_OUTER_BOUND('',#460,.T.);
#312=FACE_OUTER_BOUND('',#461,.T.);
#313=FACE_OUTER_BOUND('',#462,.T.);
#314=FACE_OUTER_BOUND('',#463,.T.);
#315=FACE_OUTER_BOUND('',#464,.T.);
#316=FACE_OUTER_BOUND('',#465,.T.);
#317=FACE_OUTER_BOUND('',#466,.T.);
#318=FACE_OUTER_BOUND('',#467,.T.);
#319=FACE_OUTER_BOUND('',#468,.T.);
#320=FACE_OUTER_BOUND('',#469,.T.);
#321=FACE_OUTER_BOUND('',#470,.T.);
#322=FACE_OUTER_BOUND('',#471,.T.);
#323=FACE_OUTER_BOUND('',#472,.T.);
#324=FACE_OUTER_BOUND('',#473,.T.);
#325=FACE_OUTER_BOUND('',#474,.T.);
#326=FACE_OUTER_BOUND('',#475,.T.);
#327=FACE_OUTER_BOUND('',#476,.T.);
#328=FACE_OUTER_BOUND('',#477,.T.);
#329=FACE_OUTER_BOUND('',#478,.T.);
#330=FACE_OUTER_BOUND('',#479,.T.);
#331=FACE_OUTER_BOUND('',#480,.T.);
#332=FACE_OUTER_BOUND('',#481,.T.);
#333=FACE_OUTER_BOUND('',#482,.T.);
#334=FACE_OUTER_BOUND('',#483,.T.);
#335=FACE_OUTER_BOUND('',#484,.T.);
#336=FACE_OUTER_BOUND('',#485,.T.);
#337=FACE_OUTER_BOUND('',#486,.T.);
#338=FACE_OUTER_BOUND('',#487,.T.);
#339=FACE_OUTER_BOUND('',#488,.T.);
#340=FACE_OUTER_BOUND('',#489,.T.);
#341=FACE_OUTER_BOUND('',#490,.T.);
#342=FACE_OUTER_BOUND('',#491,.T.);
#343=FACE_OUTER_BOUND('',#492,.T.);
#344=FACE_OUTER_BOUND('',#493,.T.);
#345=FACE_OUTER_BOUND('',#494,.T.);
#346=FACE_OUTER_BOUND('',#495,.T.);
#347=FACE_OUTER_BOUND('',#496,.T.);
#348=FACE_OUTER_BOUND('',#497,.T.);
#349=FACE_OUTER_BOUND('',#498,.T.);
#350=FACE_OUTER_BOUND('',#499,.T.);
#351=FACE_OUTER_BOUND('',#500,.T.);
#352=FACE_OUTER_BOUND('',#501,.T.);
#353=FACE_OUTER_BOUND('',#502,.T.);
#354=FACE_OUTER_BOUND('',#503,.T.);
#355=FACE_OUTER_BOUND('',#504,.T.);
#356=FACE_OUTER_BOUND('',#505,.T.);
#357=FACE_OUTER_BOUND('',#506,.T.);
#358=FACE_OUTER_BOUND('',#507,.T.);
#359=FACE_OUTER_BOUND('',#508,.T.);
#360=FACE_OUTER_BOUND('',#509,.T.);
#361=FACE_OUTER_BOUND('',#510,.T.);
#362=FACE_OUTER_BOUND('',#511,.T.);
#363=FACE_OUTER_BOUND('',#512,.T.);
#364=FACE_OUTER_BOUND('',#513,.T.);
#365=FACE_OUTER_BOUND('',#514,.T.);
#366=FACE_OUTER_BOUND('',#515,.T.);
#367=FACE_OUTER_BOUND('',#516,.T.);
#368=FACE_OUTER_BOUND('',#517,.T.);
#369=FACE_OUTER_BOUND('',#518,.T.);
#370=FACE_OUTER_BOUND('',#519,.T.);
#371=FACE_OUTER_BOUND('',#520,.T.);
#372=FACE_OUTER_BOUND('',#521,.T.);
#373=FACE_OUTER_BOUND('',#522,.T.);
#374=FACE_OUTER_BOUND('',#523,.T.);
#375=FACE_OUTER_BOUND('',#524,.T.);
#376=FACE_OUTER_BOUND('',#525,.T.);
#377=FACE_OUTER_BOUND('',#526,.T.);
#378=FACE_OUTER_BOUND('',#527,.T.);
#379=FACE_OUTER_BOUND('',#528,.T.);
#380=FACE_OUTER_BOUND('',#529,.T.);
#381=FACE_OUTER_BOUND('',#530,.T.);
#382=FACE_OUTER_BOUND('',#531,.T.);
#383=FACE_OUTER_BOUND('',#532,.T.);
#384=FACE_OUTER_BOUND('',#533,.T.);
#385=FACE_OUTER_BOUND('',#534,.T.);
#386=FACE_OUTER_BOUND('',#535,.T.);
#387=FACE_OUTER_BOUND('',#536,.T.);
#388=FACE_OUTER_BOUND('',#537,.T.);
#389=FACE_OUTER_BOUND('',#538,.T.);
#390=FACE_OUTER_BOUND('',#539,.T.);
#391=FACE_OUTER_BOUND('',#540,.T.);
#392=FACE_OUTER_BOUND('',#541,.T.);
#393=FACE_OUTER_BOUND('',#542,.T.);
#394=FACE_OUTER_BOUND('',#543,.T.);
#395=FACE_OUTER_BOUND('',#544,.T.);
#396=FACE_OUTER_BOUND('',#545,.T.);
#397=FACE_OUTER_BOUND('',#546,.T.);
#398=FACE_OUTER_BOUND('',#547,.T.);
#399=FACE_OUTER_BOUND('',#548,.T.);
#400=FACE_OUTER_BOUND('',#549,.T.);
#401=FACE_OUTER_BOUND('',#550,.T.);
#402=FACE_OUTER_BOUND('',#551,.T.);
#403=FACE_OUTER_BOUND('',#552,.T.);
#404=FACE_OUTER_BOUND('',#553,.T.);
#405=FACE_OUTER_BOUND('',#554,.T.);
#406=FACE_OUTER_BOUND('',#555,.T.);
#407=FACE_OUTER_BOUND('',#556,.T.);
#408=FACE_OUTER_BOUND('',#557,.T.);
#409=FACE_OUTER_BOUND('',#558,.T.);
#410=FACE_OUTER_BOUND('',#559,.T.);
#411=FACE_OUTER_BOUND('',#560,.T.);
#412=FACE_OUTER_BOUND('',#561,.T.);
#413=FACE_OUTER_BOUND('',#562,.T.);
#414=FACE_OUTER_BOUND('',#563,.T.);
#415=FACE_OUTER_BOUND('',#564,.T.);
#416=FACE_OUTER_BOUND('',#565,.T.);
#417=FACE_OUTER_BOUND('',#566,.T.);
#418=EDGE_LOOP('',(#1395,#1396,#1397,#1398));
#419=EDGE_LOOP('',(#1399,#1400,#1401,#1402));
#420=EDGE_LOOP('',(#1403,#1404,#1405,#1406));
#421=EDGE_LOOP('',(#1407,#1408,#1409,#1410));
#422=EDGE_LOOP('',(#1411,#1412,#1413,#1414));
#423=EDGE_LOOP('',(#1415,#1416,#1417,#1418));
#424=EDGE_LOOP('',(#1419,#1420,#1421,#1422));
#425=EDGE_LOOP('',(#1423,#1424,#1425,#1426));
#426=EDGE_LOOP('',(#1427,#1428,#1429,#1430));
#427=EDGE_LOOP('',(#1431,#1432,#1433,#1434));
#428=EDGE_LOOP('',(#1435,#1436,#1437,#1438));
#429=EDGE_LOOP('',(#1439,#1440,#1441,#1442));
#430=EDGE_LOOP('',(#1443,#1444,#1445,#1446));
#431=EDGE_LOOP('',(#1447,#1448,#1449,#1450));
#432=EDGE_LOOP('',(#1451,#1452,#1453,#1454));
#433=EDGE_LOOP('',(#1455,#1456,#1457,#1458));
#434=EDGE_LOOP('',(#1459,#1460,#1461,#1462));
#435=EDGE_LOOP('',(#1463,#1464,#1465,#1466));
#436=EDGE_LOOP('',(#1467,#1468,#1469,#1470,#1471,#1472,#1473,#1474,#1475,
#1476,#1477));
#437=EDGE_LOOP('',(#1478,#1479,#1480,#1481,#1482,#1483,#1484));
#438=EDGE_LOOP('',(#1485,#1486,#1487,#1488,#1489,#1490,#1491));
#439=EDGE_LOOP('',(#1492,#1493,#1494,#1495));
#440=EDGE_LOOP('',(#1496,#1497,#1498,#1499));
#441=EDGE_LOOP('',(#1500,#1501,#1502,#1503));
#442=EDGE_LOOP('',(#1504,#1505,#1506,#1507));
#443=EDGE_LOOP('',(#1508,#1509,#1510,#1511));
#444=EDGE_LOOP('',(#1512,#1513,#1514,#1515));
#445=EDGE_LOOP('',(#1516,#1517,#1518,#1519));
#446=EDGE_LOOP('',(#1520,#1521,#1522,#1523));
#447=EDGE_LOOP('',(#1524,#1525,#1526,#1527));
#448=EDGE_LOOP('',(#1528,#1529,#1530,#1531));
#449=EDGE_LOOP('',(#1532,#1533,#1534,#1535));
#450=EDGE_LOOP('',(#1536,#1537,#1538,#1539));
#451=EDGE_LOOP('',(#1540,#1541,#1542,#1543));
#452=EDGE_LOOP('',(#1544,#1545,#1546,#1547));
#453=EDGE_LOOP('',(#1548,#1549,#1550,#1551));
#454=EDGE_LOOP('',(#1552,#1553,#1554,#1555));
#455=EDGE_LOOP('',(#1556,#1557,#1558,#1559,#1560,#1561,#1562));
#456=EDGE_LOOP('',(#1563,#1564,#1565,#1566,#1567,#1568,#1569));
#457=EDGE_LOOP('',(#1570,#1571,#1572,#1573,#1574,#1575,#1576,#1577,#1578,
#1579,#1580));
#458=EDGE_LOOP('',(#1581,#1582,#1583,#1584));
#459=EDGE_LOOP('',(#1585,#1586,#1587,#1588));
#460=EDGE_LOOP('',(#1589,#1590,#1591,#1592));
#461=EDGE_LOOP('',(#1593,#1594,#1595,#1596));
#462=EDGE_LOOP('',(#1597,#1598,#1599,#1600));
#463=EDGE_LOOP('',(#1601,#1602,#1603,#1604));
#464=EDGE_LOOP('',(#1605,#1606,#1607,#1608));
#465=EDGE_LOOP('',(#1609,#1610,#1611,#1612));
#466=EDGE_LOOP('',(#1613,#1614,#1615,#1616));
#467=EDGE_LOOP('',(#1617,#1618,#1619,#1620));
#468=EDGE_LOOP('',(#1621,#1622,#1623,#1624));
#469=EDGE_LOOP('',(#1625,#1626,#1627,#1628));
#470=EDGE_LOOP('',(#1629,#1630,#1631,#1632));
#471=EDGE_LOOP('',(#1633,#1634,#1635,#1636,#1637,#1638,#1639,#1640));
#472=EDGE_LOOP('',(#1641,#1642,#1643,#1644));
#473=EDGE_LOOP('',(#1645,#1646,#1647,#1648));
#474=EDGE_LOOP('',(#1649,#1650,#1651,#1652));
#475=EDGE_LOOP('',(#1653,#1654,#1655,#1656));
#476=EDGE_LOOP('',(#1657,#1658,#1659,#1660));
#477=EDGE_LOOP('',(#1661,#1662,#1663,#1664));
#478=EDGE_LOOP('',(#1665,#1666,#1667,#1668));
#479=EDGE_LOOP('',(#1669,#1670,#1671,#1672));
#480=EDGE_LOOP('',(#1673,#1674,#1675,#1676));
#481=EDGE_LOOP('',(#1677,#1678,#1679,#1680));
#482=EDGE_LOOP('',(#1681,#1682,#1683,#1684));
#483=EDGE_LOOP('',(#1685,#1686,#1687,#1688,#1689,#1690,#1691,#1692));
#484=EDGE_LOOP('',(#1693,#1694,#1695,#1696));
#485=EDGE_LOOP('',(#1697,#1698,#1699,#1700));
#486=EDGE_LOOP('',(#1701,#1702,#1703,#1704));
#487=EDGE_LOOP('',(#1705,#1706,#1707,#1708,#1709,#1710));
#488=EDGE_LOOP('',(#1711,#1712,#1713,#1714));
#489=EDGE_LOOP('',(#1715,#1716,#1717,#1718));
#490=EDGE_LOOP('',(#1719,#1720,#1721,#1722));
#491=EDGE_LOOP('',(#1723,#1724,#1725,#1726));
#492=EDGE_LOOP('',(#1727,#1728,#1729,#1730));
#493=EDGE_LOOP('',(#1731,#1732,#1733,#1734));
#494=EDGE_LOOP('',(#1735,#1736,#1737,#1738));
#495=EDGE_LOOP('',(#1739,#1740,#1741,#1742));
#496=EDGE_LOOP('',(#1743,#1744,#1745,#1746));
#497=EDGE_LOOP('',(#1747,#1748,#1749,#1750));
#498=EDGE_LOOP('',(#1751,#1752,#1753,#1754));
#499=EDGE_LOOP('',(#1755,#1756,#1757,#1758));
#500=EDGE_LOOP('',(#1759,#1760,#1761,#1762));
#501=EDGE_LOOP('',(#1763,#1764,#1765,#1766));
#502=EDGE_LOOP('',(#1767,#1768,#1769,#1770));
#503=EDGE_LOOP('',(#1771,#1772,#1773,#1774));
#504=EDGE_LOOP('',(#1775,#1776,#1777,#1778));
#505=EDGE_LOOP('',(#1779,#1780,#1781,#1782));
#506=EDGE_LOOP('',(#1783,#1784,#1785,#1786));
#507=EDGE_LOOP('',(#1787,#1788,#1789,#1790));
#508=EDGE_LOOP('',(#1791,#1792,#1793,#1794));
#509=EDGE_LOOP('',(#1795,#1796,#1797,#1798));
#510=EDGE_LOOP('',(#1799,#1800,#1801,#1802));
#511=EDGE_LOOP('',(#1803,#1804,#1805,#1806,#1807,#1808,#1809,#1810,#1811,
#1812,#1813,#1814));
#512=EDGE_LOOP('',(#1815,#1816,#1817,#1818));
#513=EDGE_LOOP('',(#1819,#1820,#1821,#1822));
#514=EDGE_LOOP('',(#1823,#1824,#1825,#1826));
#515=EDGE_LOOP('',(#1827,#1828,#1829,#1830));
#516=EDGE_LOOP('',(#1831,#1832,#1833,#1834));
#517=EDGE_LOOP('',(#1835,#1836,#1837,#1838));
#518=EDGE_LOOP('',(#1839,#1840,#1841,#1842));
#519=EDGE_LOOP('',(#1843,#1844,#1845,#1846));
#520=EDGE_LOOP('',(#1847,#1848,#1849,#1850));
#521=EDGE_LOOP('',(#1851,#1852,#1853,#1854));
#522=EDGE_LOOP('',(#1855,#1856,#1857,#1858));
#523=EDGE_LOOP('',(#1859,#1860,#1861,#1862));
#524=EDGE_LOOP('',(#1863,#1864,#1865,#1866));
#525=EDGE_LOOP('',(#1867,#1868,#1869,#1870,#1871));
#526=EDGE_LOOP('',(#1872,#1873,#1874,#1875));
#527=EDGE_LOOP('',(#1876,#1877,#1878,#1879));
#528=EDGE_LOOP('',(#1880,#1881,#1882,#1883));
#529=EDGE_LOOP('',(#1884,#1885,#1886,#1887));
#530=EDGE_LOOP('',(#1888,#1889,#1890,#1891));
#531=EDGE_LOOP('',(#1892,#1893,#1894,#1895));
#532=EDGE_LOOP('',(#1896,#1897,#1898,#1899));
#533=EDGE_LOOP('',(#1900,#1901,#1902,#1903));
#534=EDGE_LOOP('',(#1904,#1905,#1906,#1907));
#535=EDGE_LOOP('',(#1908,#1909,#1910,#1911));
#536=EDGE_LOOP('',(#1912,#1913,#1914,#1915));
#537=EDGE_LOOP('',(#1916,#1917,#1918,#1919));
#538=EDGE_LOOP('',(#1920,#1921,#1922,#1923));
#539=EDGE_LOOP('',(#1924,#1925,#1926,#1927,#1928,#1929,#1930));
#540=EDGE_LOOP('',(#1931,#1932,#1933,#1934,#1935,#1936,#1937));
#541=EDGE_LOOP('',(#1938,#1939,#1940,#1941));
#542=EDGE_LOOP('',(#1942,#1943,#1944,#1945));
#543=EDGE_LOOP('',(#1946,#1947,#1948,#1949,#1950,#1951,#1952,#1953,#1954));
#544=EDGE_LOOP('',(#1955,#1956,#1957,#1958,#1959,#1960,#1961,#1962,#1963,
#1964,#1965));
#545=EDGE_LOOP('',(#1966,#1967,#1968,#1969,#1970,#1971,#1972,#1973,#1974));
#546=EDGE_LOOP('',(#1975,#1976,#1977,#1978));
#547=EDGE_LOOP('',(#1979,#1980,#1981,#1982));
#548=EDGE_LOOP('',(#1983,#1984,#1985,#1986));
#549=EDGE_LOOP('',(#1987,#1988,#1989,#1990));
#550=EDGE_LOOP('',(#1991,#1992,#1993,#1994));
#551=EDGE_LOOP('',(#1995,#1996,#1997,#1998));
#552=EDGE_LOOP('',(#1999,#2000,#2001,#2002));
#553=EDGE_LOOP('',(#2003,#2004,#2005,#2006));
#554=EDGE_LOOP('',(#2007,#2008,#2009,#2010));
#555=EDGE_LOOP('',(#2011,#2012,#2013,#2014));
#556=EDGE_LOOP('',(#2015,#2016,#2017,#2018));
#557=EDGE_LOOP('',(#2019,#2020,#2021,#2022));
#558=EDGE_LOOP('',(#2023,#2024,#2025,#2026));
#559=EDGE_LOOP('',(#2027,#2028,#2029,#2030,#2031,#2032,#2033,#2034,#2035));
#560=EDGE_LOOP('',(#2036,#2037,#2038,#2039,#2040,#2041,#2042,#2043,#2044,
#2045,#2046));
#561=EDGE_LOOP('',(#2047,#2048,#2049,#2050,#2051,#2052,#2053,#2054,#2055,
#2056,#2057,#2058,#2059,#2060));
#562=EDGE_LOOP('',(#2061,#2062,#2063,#2064));
#563=EDGE_LOOP('',(#2065,#2066,#2067,#2068,#2069,#2070,#2071,#2072,#2073,
#2074,#2075,#2076,#2077,#2078));
#564=EDGE_LOOP('',(#2079,#2080,#2081,#2082,#2083,#2084));
#565=EDGE_LOOP('',(#2085,#2086,#2087,#2088,#2089,#2090,#2091,#2092,#2093));
#566=EDGE_LOOP('',(#2094,#2095,#2096,#2097,#2098));
#567=B_SPLINE_CURVE_WITH_KNOTS('',3,(#3225,#3226,#3227,#3228),
 .UNSPECIFIED.,.F.,.F.,(4,4),(-0.0582797980961589,0.),.UNSPECIFIED.);
#568=B_SPLINE_CURVE_WITH_KNOTS('',3,(#3231,#3232,#3233,#3234),
 .UNSPECIFIED.,.F.,.F.,(4,4),(0.,0.0582797980961589),.UNSPECIFIED.);
#569=B_SPLINE_CURVE_WITH_KNOTS('',3,(#3261,#3262,#3263,#3264,#3265),
 .UNSPECIFIED.,.F.,.F.,(4,1,4),(-0.270161808959029,-0.115783632411012,0.),
 .UNSPECIFIED.);
#570=B_SPLINE_CURVE_WITH_KNOTS('',3,(#3268,#3269,#3270,#3271,#3272),
 .UNSPECIFIED.,.F.,.F.,(4,1,4),(0.,0.115783632411012,0.270161808959029),
 .UNSPECIFIED.);
#571=B_SPLINE_CURVE_WITH_KNOTS('',3,(#3298,#3299,#3300,#3301),
 .UNSPECIFIED.,.F.,.F.,(4,4),(-0.212647648115234,0.),.UNSPECIFIED.);
#572=B_SPLINE_CURVE_WITH_KNOTS('',3,(#3304,#3305,#3306,#3307),
 .UNSPECIFIED.,.F.,.F.,(4,4),(0.,0.212647648115234),.UNSPECIFIED.);
#573=B_SPLINE_CURVE_WITH_KNOTS('',3,(#3322,#3323,#3324,#3325,#3326,#3327,
#3328,#3329,#3330,#3331,#3332,#3333,#3334,#3335),.UNSPECIFIED.,.F.,.F.,
(4,2,2,2,2,2,4),(-0.000453435362895488,0.,0.0207521436506631,0.0414864320197395,
0.0808443583701391,0.119733648529537,0.157973756643965),.UNSPECIFIED.);
#574=B_SPLINE_CURVE_WITH_KNOTS('',3,(#3350,#3351,#3352,#3353,#3354,#3355,
#3356,#3357,#3358,#3359,#3360,#3361,#3362,#3363),.UNSPECIFIED.,.F.,.F.,
(4,2,2,2,2,2,4),(-0.316510630132669,-0.31605716676296,-0.295303741337621,
-0.274568172296772,-0.23520781497113,-0.196316122782177,-0.158073652737618),
 .UNSPECIFIED.);
#575=B_SPLINE_CURVE_WITH_KNOTS('',3,(#3396,#3397,#3398,#3399,#3400),
 .UNSPECIFIED.,.F.,.F.,(4,1,4),(-0.627125347049134,-0.2687680058782,0.),
 .UNSPECIFIED.);
#576=B_SPLINE_CURVE_WITH_KNOTS('',3,(#3403,#3404,#3405,#3406,#3407),
 .UNSPECIFIED.,.F.,.F.,(4,1,4),(0.,0.2687680058782,0.627125347049134),
 .UNSPECIFIED.);
#577=B_SPLINE_CURVE_WITH_KNOTS('',3,(#3436,#3437,#3438,#3439,#3440),
 .UNSPECIFIED.,.F.,.F.,(4,1,4),(-0.627125388586299,-0.268768023679842,0.),
 .UNSPECIFIED.);
#578=B_SPLINE_CURVE_WITH_KNOTS('',3,(#3441,#3442,#3443,#3444,#3445),
 .UNSPECIFIED.,.F.,.F.,(4,1,4),(0.,0.268768023679842,0.627125388586299),
 .UNSPECIFIED.);
#579=B_SPLINE_CURVE_WITH_KNOTS('',3,(#3470,#3471,#3472,#3473),
 .UNSPECIFIED.,.F.,.F.,(4,4),(-0.0582786363622663,0.),.UNSPECIFIED.);
#580=B_SPLINE_CURVE_WITH_KNOTS('',3,(#3476,#3477,#3478,#3479),
 .UNSPECIFIED.,.F.,.F.,(4,4),(0.,0.0582786363622663),.UNSPECIFIED.);
#581=B_SPLINE_CURVE_WITH_KNOTS('',3,(#3508,#3509,#3510,#3511,#3512),
 .UNSPECIFIED.,.F.,.F.,(4,1,4),(-0.270166283979001,-0.115785550276715,-1.29758644592171E-16),
 .UNSPECIFIED.);
#582=B_SPLINE_CURVE_WITH_KNOTS('',3,(#3513,#3514,#3515,#3516,#3517),
 .UNSPECIFIED.,.F.,.F.,(4,1,4),(1.29758644592171E-16,0.115785550276715,
0.270166283979001),.UNSPECIFIED.);
#583=B_SPLINE_CURVE_WITH_KNOTS('',3,(#3543,#3544,#3545,#3546),
 .UNSPECIFIED.,.F.,.F.,(4,4),(-0.212644298762709,0.),.UNSPECIFIED.);
#584=B_SPLINE_CURVE_WITH_KNOTS('',3,(#3549,#3550,#3551,#3552),
 .UNSPECIFIED.,.F.,.F.,(4,4),(0.,0.212644298762709),.UNSPECIFIED.);
#585=B_SPLINE_CURVE_WITH_KNOTS('',3,(#3579,#3580,#3581,#3582),
 .UNSPECIFIED.,.F.,.F.,(4,4),(-0.111585675328367,-1.87564963370468E-17),
 .UNSPECIFIED.);
#586=B_SPLINE_CURVE_WITH_KNOTS('',3,(#3583,#3584,#3585,#3586),
 .UNSPECIFIED.,.F.,.F.,(4,4),(1.87564963370468E-17,0.111585675328367),
 .UNSPECIFIED.);
#587=B_SPLINE_CURVE_WITH_KNOTS('',3,(#3607,#3608,#3609,#3610),
 .UNSPECIFIED.,.F.,.F.,(4,4),(-0.111585669711717,-2.49924381343009E-16),
 .UNSPECIFIED.);
#588=B_SPLINE_CURVE_WITH_KNOTS('',3,(#3611,#3612,#3613,#3614),
 .UNSPECIFIED.,.F.,.F.,(4,4),(2.49924381343009E-16,0.111585669711717),
 .UNSPECIFIED.);
#589=B_SPLINE_CURVE_WITH_KNOTS('',3,(#3632,#3633,#3634,#3635),
 .UNSPECIFIED.,.F.,.F.,(4,4),(1.78265974772655,1.79190270878219),
 .UNSPECIFIED.);
#590=B_SPLINE_CURVE_WITH_KNOTS('',3,(#3637,#3638,#3639,#3640),
 .UNSPECIFIED.,.F.,.F.,(4,4),(-0.155969037576939,-8.4462312519669E-12),
 .UNSPECIFIED.);
#591=B_SPLINE_CURVE_WITH_KNOTS('',3,(#3700,#3701,#3702,#3703),
 .UNSPECIFIED.,.F.,.F.,(4,4),(-0.0582786363622669,0.),.UNSPECIFIED.);
#592=B_SPLINE_CURVE_WITH_KNOTS('',3,(#3706,#3707,#3708,#3709),
 .UNSPECIFIED.,.F.,.F.,(4,4),(0.,0.0582786363622669),.UNSPECIFIED.);
#593=B_SPLINE_CURVE_WITH_KNOTS('',3,(#3736,#3737,#3738,#3739,#3740),
 .UNSPECIFIED.,.F.,.F.,(4,1,4),(-0.270166283978999,-0.115785550276714,0.),
 .UNSPECIFIED.);
#594=B_SPLINE_CURVE_WITH_KNOTS('',3,(#3743,#3744,#3745,#3746,#3747),
 .UNSPECIFIED.,.F.,.F.,(4,1,4),(0.,0.115785550276714,0.270166283978999),
 .UNSPECIFIED.);
#595=B_SPLINE_CURVE_WITH_KNOTS('',3,(#3773,#3774,#3775,#3776),
 .UNSPECIFIED.,.F.,.F.,(4,4),(-0.21264429876271,0.),.UNSPECIFIED.);
#596=B_SPLINE_CURVE_WITH_KNOTS('',3,(#3779,#3780,#3781,#3782),
 .UNSPECIFIED.,.F.,.F.,(4,4),(0.,0.21264429876271),.UNSPECIFIED.);
#597=B_SPLINE_CURVE_WITH_KNOTS('',3,(#3797,#3798,#3799,#3800,#3801,#3802,
#3803,#3804,#3805,#3806,#3807,#3808,#3809,#3810),.UNSPECIFIED.,.F.,.F.,
(4,2,2,2,2,2,4),(-0.000453435362887302,0.,0.0207521436514357,0.041486432021237,
0.0808443583709023,0.11973364852959,0.157973756641184),.UNSPECIFIED.);
#598=B_SPLINE_CURVE_WITH_KNOTS('',3,(#3843,#3844,#3845,#3846,#3847),
 .UNSPECIFIED.,.F.,.F.,(4,1,4),(-0.627125388586298,-0.268768023679842,0.),
 .UNSPECIFIED.);
#599=B_SPLINE_CURVE_WITH_KNOTS('',3,(#3850,#3851,#3852,#3853,#3854),
 .UNSPECIFIED.,.F.,.F.,(4,1,4),(0.,0.268768023679842,0.627125388586298),
 .UNSPECIFIED.);
#600=B_SPLINE_CURVE_WITH_KNOTS('',3,(#3869,#3870,#3871,#3872,#3873,#3874,
#3875,#3876,#3877,#3878,#3879,#3880,#3881,#3882),.UNSPECIFIED.,.F.,.F.,
(4,2,2,2,2,2,4),(-0.316491053791807,-0.316037646434001,-0.276102732114882,
-0.236404649018113,-0.197181703822343,-0.158389587986411,-0.157973756644345),
 .UNSPECIFIED.);
#601=B_SPLINE_CURVE_WITH_KNOTS('',3,(#3911,#3912,#3913,#3914,#3915),
 .UNSPECIFIED.,.F.,.F.,(4,1,4),(-0.627125347049133,-0.358357341170934,-7.49149494251438E-16),
 .UNSPECIFIED.);
#602=B_SPLINE_CURVE_WITH_KNOTS('',3,(#3916,#3917,#3918,#3919,#3920),
 .UNSPECIFIED.,.F.,.F.,(4,1,4),(7.49149494251438E-16,0.358357341170934,
0.627125347049133),.UNSPECIFIED.);
#603=B_SPLINE_CURVE_WITH_KNOTS('',3,(#3945,#3946,#3947,#3948),
 .UNSPECIFIED.,.F.,.F.,(4,4),(-0.0582797980961572,0.),.UNSPECIFIED.);
#604=B_SPLINE_CURVE_WITH_KNOTS('',3,(#3951,#3952,#3953,#3954),
 .UNSPECIFIED.,.F.,.F.,(4,4),(0.,0.0582797980961572),.UNSPECIFIED.);
#605=B_SPLINE_CURVE_WITH_KNOTS('',3,(#3983,#3984,#3985,#3986,#3987),
 .UNSPECIFIED.,.F.,.F.,(4,1,4),(-0.270161808959028,-0.115783632411012,-2.35739062671359E-16),
 .UNSPECIFIED.);
#606=B_SPLINE_CURVE_WITH_KNOTS('',3,(#3988,#3989,#3990,#3991,#3992),
 .UNSPECIFIED.,.F.,.F.,(4,1,4),(2.35739062671359E-16,0.115783632411012,
0.270161808959028),.UNSPECIFIED.);
#607=B_SPLINE_CURVE_WITH_KNOTS('',3,(#4018,#4019,#4020,#4021),
 .UNSPECIFIED.,.F.,.F.,(4,4),(-0.212647648115237,0.),.UNSPECIFIED.);
#608=B_SPLINE_CURVE_WITH_KNOTS('',3,(#4024,#4025,#4026,#4027),
 .UNSPECIFIED.,.F.,.F.,(4,4),(0.,0.212647648115237),.UNSPECIFIED.);
#609=B_SPLINE_CURVE_WITH_KNOTS('',3,(#4054,#4055,#4056,#4057),
 .UNSPECIFIED.,.F.,.F.,(4,4),(-0.111585669711718,0.),.UNSPECIFIED.);
#610=B_SPLINE_CURVE_WITH_KNOTS('',3,(#4058,#4059,#4060,#4061),
 .UNSPECIFIED.,.F.,.F.,(4,4),(0.,0.111585669711718),.UNSPECIFIED.);
#611=B_SPLINE_CURVE_WITH_KNOTS('',3,(#4082,#4083,#4084,#4085),
 .UNSPECIFIED.,.F.,.F.,(4,4),(-0.111585675328366,0.),.UNSPECIFIED.);
#612=B_SPLINE_CURVE_WITH_KNOTS('',3,(#4086,#4087,#4088,#4089),
 .UNSPECIFIED.,.F.,.F.,(4,4),(0.,0.111585675328366),.UNSPECIFIED.);
#613=B_SPLINE_CURVE_WITH_KNOTS('',3,(#4122,#4123,#4124,#4125),
 .UNSPECIFIED.,.F.,.F.,(4,4),(0.896112798949868,0.905355760005513),
 .UNSPECIFIED.);
#614=B_SPLINE_CURVE_WITH_KNOTS('',3,(#4147,#4148,#4149,#4150),
 .UNSPECIFIED.,.F.,.F.,(4,4),(-0.155969037568494,0.),.UNSPECIFIED.);
#615=B_SPLINE_CURVE_WITH_KNOTS('',3,(#4169,#4170,#4171,#4172),
 .UNSPECIFIED.,.F.,.F.,(4,4),(-0.267761037479479,0.),.UNSPECIFIED.);
#616=B_SPLINE_CURVE_WITH_KNOTS('',3,(#4191,#4192,#4193,#4194),
 .UNSPECIFIED.,.F.,.F.,(4,4),(-0.0533723464510134,-7.32838964888822E-14),
 .UNSPECIFIED.);
#617=B_SPLINE_CURVE_WITH_KNOTS('',3,(#4336,#4337,#4338,#4339),
 .UNSPECIFIED.,.F.,.F.,(4,4),(-0.267762612501684,0.),.UNSPECIFIED.);
#618=B_SPLINE_CURVE_WITH_KNOTS('',3,(#4342,#4343,#4344,#4345),
 .UNSPECIFIED.,.F.,.F.,(4,4),(0.,0.267762612501684),.UNSPECIFIED.);
#619=B_SPLINE_CURVE_WITH_KNOTS('',3,(#4373,#4374,#4375,#4376),
 .UNSPECIFIED.,.F.,.F.,(4,4),(-0.0533711178709054,-2.02623457077313E-15),
 .UNSPECIFIED.);
#620=B_SPLINE_CURVE_WITH_KNOTS('',3,(#4377,#4378,#4379,#4380),
 .UNSPECIFIED.,.F.,.F.,(4,4),(2.02623457077313E-15,0.0533711178709054),
 .UNSPECIFIED.);
#621=B_SPLINE_CURVE_WITH_KNOTS('',3,(#4409,#4410,#4411,#4412),
 .UNSPECIFIED.,.F.,.F.,(4,4),(-0.439447683925484,0.),.UNSPECIFIED.);
#622=B_SPLINE_CURVE_WITH_KNOTS('',3,(#4415,#4416,#4417,#4418),
 .UNSPECIFIED.,.F.,.F.,(4,4),(0.,0.439447683925484),.UNSPECIFIED.);
#623=B_SPLINE_CURVE_WITH_KNOTS('',3,(#4453,#4454,#4455,#4456,#4457,#4458),
 .UNSPECIFIED.,.F.,.F.,(4,1,1,4),(-1.97178181670923,-1.29136808473334,-0.837758930082752,
-0.384149775432161),.UNSPECIFIED.);
#624=B_SPLINE_CURVE_WITH_KNOTS('',3,(#4528,#4529,#4530,#4531,#4532,#4533,
#4534),.UNSPECIFIED.,.F.,.F.,(4,1,1,1,4),(-1.54292406644007,-0.661201223279437,
-0.220339801699121,0.66138304146151,1.54310588462214),.UNSPECIFIED.);
#625=B_SPLINE_CURVE_WITH_KNOTS('',3,(#4599,#4600,#4601,#4602,#4603,#4604),
 .UNSPECIFIED.,.F.,.F.,(4,1,1,4),(0.384331593614232,0.837888800212802,1.29144600681137,
1.97178181670923),.UNSPECIFIED.);
#626=B_SPLINE_CURVE_WITH_KNOTS('',3,(#4632,#4633,#4634,#4635),
 .UNSPECIFIED.,.F.,.F.,(4,4),(-0.439447683925624,-1.07823192909858E-13),
 .UNSPECIFIED.);
#627=B_SPLINE_CURVE_WITH_KNOTS('',3,(#4636,#4637,#4638,#4639),
 .UNSPECIFIED.,.F.,.F.,(4,4),(1.07823192909858E-13,0.439447683925624),
 .UNSPECIFIED.);
#628=B_SPLINE_CURVE_WITH_KNOTS('',3,(#4667,#4668,#4669,#4670),
 .UNSPECIFIED.,.F.,.F.,(4,4),(-0.34160250254558,0.),.UNSPECIFIED.);
#629=B_SPLINE_CURVE_WITH_KNOTS('',3,(#4671,#4672,#4673,#4674),
 .UNSPECIFIED.,.F.,.F.,(4,4),(0.,0.34160250254558),.UNSPECIFIED.);
#630=B_SPLINE_CURVE_WITH_KNOTS('',3,(#4702,#4703,#4704,#4705),
 .UNSPECIFIED.,.F.,.F.,(4,4),(-0.05337111787218,-7.27641731516121E-14),
 .UNSPECIFIED.);
#631=B_SPLINE_CURVE_WITH_KNOTS('',3,(#4706,#4707,#4708,#4709),
 .UNSPECIFIED.,.F.,.F.,(4,4),(7.27641731516121E-14,0.05337111787218),
 .UNSPECIFIED.);
#632=B_SPLINE_CURVE_WITH_KNOTS('',3,(#4733,#4734,#4735,#4736),
 .UNSPECIFIED.,.F.,.F.,(4,4),(-0.267762612501679,-2.51130982629911E-16),
 .UNSPECIFIED.);
#633=B_SPLINE_CURVE_WITH_KNOTS('',3,(#4737,#4738,#4739,#4740),
 .UNSPECIFIED.,.F.,.F.,(4,4),(2.51130982629911E-16,0.267762612501679),
 .UNSPECIFIED.);
#634=B_SPLINE_CURVE_WITH_KNOTS('',3,(#4765,#4766,#4767,#4768),
 .UNSPECIFIED.,.F.,.F.,(4,4),(-0.341602502798236,-2.93602304814474E-16),
 .UNSPECIFIED.);
#635=B_SPLINE_CURVE_WITH_KNOTS('',3,(#4769,#4770,#4771,#4772),
 .UNSPECIFIED.,.F.,.F.,(4,4),(2.93602304814474E-16,0.341602502798236),
 .UNSPECIFIED.);
#636=B_SPLINE_CURVE_WITH_KNOTS('',3,(#4802,#4803,#4804,#4805),
 .UNSPECIFIED.,.F.,.F.,(4,4),(-0.15597014782851,0.),.UNSPECIFIED.);
#637=B_SPLINE_CURVE_WITH_KNOTS('',3,(#4806,#4807,#4808,#4809),
 .UNSPECIFIED.,.F.,.F.,(4,4),(0.,0.15597014782851),.UNSPECIFIED.);
#638=B_SPLINE_CURVE_WITH_KNOTS('',3,(#4830,#4831,#4832,#4833),
 .UNSPECIFIED.,.F.,.F.,(4,4),(-0.155970147836927,-8.41687875843146E-12),
 .UNSPECIFIED.);
#639=B_SPLINE_CURVE_WITH_KNOTS('',3,(#4834,#4835,#4836,#4837),
 .UNSPECIFIED.,.F.,.F.,(4,4),(8.41687875843146E-12,0.155970147836927),
 .UNSPECIFIED.);
#640=B_SPLINE_CURVE_WITH_KNOTS('',3,(#4840,#4841,#4842,#4843),
 .UNSPECIFIED.,.F.,.F.,(4,4),(1.78266164739855,1.79190318232342),
 .UNSPECIFIED.);
#641=B_SPLINE_CURVE_WITH_KNOTS('',3,(#4956,#4957,#4958,#4959),
 .UNSPECIFIED.,.F.,.F.,(4,4),(0.896115679532916,0.905357214457782),
 .UNSPECIFIED.);
#642=B_SPLINE_CURVE_WITH_KNOTS('',3,(#4991,#4992,#4993,#4994),
 .UNSPECIFIED.,.F.,.F.,(4,4),(-0.267761037479484,0.),.UNSPECIFIED.);
#643=B_SPLINE_CURVE_WITH_KNOTS('',3,(#4997,#4998,#4999,#5000),
 .UNSPECIFIED.,.F.,.F.,(4,4),(0.,0.267761037479484),.UNSPECIFIED.);
#644=B_SPLINE_CURVE_WITH_KNOTS('',3,(#5028,#5029,#5030,#5031),
 .UNSPECIFIED.,.F.,.F.,(4,4),(-0.0533723464497382,-6.93545687821329E-16),
 .UNSPECIFIED.);
#645=B_SPLINE_CURVE_WITH_KNOTS('',3,(#5032,#5033,#5034,#5035),
 .UNSPECIFIED.,.F.,.F.,(4,4),(6.93545687821329E-16,0.0533723464497382),
 .UNSPECIFIED.);
#646=B_SPLINE_CURVE_WITH_KNOTS('',3,(#5063,#5064,#5065,#5066),
 .UNSPECIFIED.,.F.,.F.,(4,4),(-0.341604289364156,-9.71793004663509E-16),
 .UNSPECIFIED.);
#647=B_SPLINE_CURVE_WITH_KNOTS('',3,(#5067,#5068,#5069,#5070),
 .UNSPECIFIED.,.F.,.F.,(4,4),(9.71793004663509E-16,0.341604289364156),
 .UNSPECIFIED.);
#648=B_SPLINE_CURVE_WITH_KNOTS('',3,(#5098,#5099,#5100,#5101),
 .UNSPECIFIED.,.F.,.F.,(4,4),(-0.439446386592965,-1.49079788936185E-12),
 .UNSPECIFIED.);
#649=B_SPLINE_CURVE_WITH_KNOTS('',3,(#5102,#5103,#5104,#5105),
 .UNSPECIFIED.,.F.,.F.,(4,4),(1.49079788936185E-12,0.439446386592965),
 .UNSPECIFIED.);
#650=B_SPLINE_CURVE_WITH_KNOTS('',3,(#5176,#5177,#5178,#5179),
 .UNSPECIFIED.,.F.,.F.,(4,4),(-0.439446463337943,0.),.UNSPECIFIED.);
#651=B_SPLINE_CURVE_WITH_KNOTS('',3,(#5182,#5183,#5184,#5185),
 .UNSPECIFIED.,.F.,.F.,(4,4),(0.,0.439446463337943),.UNSPECIFIED.);
#652=B_SPLINE_CURVE_WITH_KNOTS('',3,(#5212,#5213,#5214,#5215),
 .UNSPECIFIED.,.F.,.F.,(4,4),(-0.341604289108533,0.),.UNSPECIFIED.);
#653=B_SPLINE_CURVE_WITH_KNOTS('',3,(#5216,#5217,#5218,#5219),
 .UNSPECIFIED.,.F.,.F.,(4,4),(0.,0.341604289108533),.UNSPECIFIED.);
#654=B_SPLINE_CURVE_WITH_KNOTS('',3,(#5246,#5247,#5248,#5249),
 .UNSPECIFIED.,.F.,.F.,(4,4),(7.32838964888822E-14,0.0533723464510134),
 .UNSPECIFIED.);
#655=B_SPLINE_CURVE_WITH_KNOTS('',3,(#5272,#5273,#5274,#5275),
 .UNSPECIFIED.,.F.,.F.,(4,4),(0.,0.267761037479479),.UNSPECIFIED.);
#656=B_SPLINE_CURVE_WITH_KNOTS('',3,(#5305,#5306,#5307,#5308),
 .UNSPECIFIED.,.F.,.F.,(4,4),(0.,0.155969037568494),.UNSPECIFIED.);
#657=B_SPLINE_CURVE_WITH_KNOTS('',3,(#5329,#5330,#5331,#5332),
 .UNSPECIFIED.,.F.,.F.,(4,4),(8.4462312519669E-12,0.155969037576939),
 .UNSPECIFIED.);
#658=CIRCLE('',#2307,1.);
#659=CIRCLE('',#2308,0.999999999999999);
#660=CIRCLE('',#2309,0.999999999999999);
#661=CIRCLE('',#2310,0.999999999999999);
#662=CIRCLE('',#2312,1.);
#663=CIRCLE('',#2314,1.);
#664=CIRCLE('',#2316,0.999999999999999);
#665=CIRCLE('',#2317,9.);
#666=CIRCLE('',#2318,1.00000000000002);
#667=CIRCLE('',#2319,10.);
#668=CIRCLE('',#2322,1.00000000000001);
#669=CIRCLE('',#2323,10.);
#670=CIRCLE('',#2324,9.);
#671=CIRCLE('',#2325,1.);
#672=CIRCLE('',#2326,1.);
#673=CIRCLE('',#2327,1.);
#674=CIRCLE('',#2328,1.);
#675=CIRCLE('',#2329,0.999999999999999);
#676=CIRCLE('',#2330,0.999999999999998);
#677=CIRCLE('',#2332,1.00000000000008);
#678=CIRCLE('',#2333,4.7);
#679=CIRCLE('',#2336,10.);
#680=CIRCLE('',#2337,10.);
#681=CIRCLE('',#2339,46.);
#682=CIRCLE('',#2340,4.);
#683=CIRCLE('',#2341,51.);
#684=CIRCLE('',#2343,46.);
#685=CIRCLE('',#2344,51.);
#686=CIRCLE('',#2345,4.);
#687=CIRCLE('',#2346,1.00000000000001);
#688=CIRCLE('',#2347,0.999999999999999);
#689=CIRCLE('',#2348,1.);
#690=CIRCLE('',#2349,1.);
#691=CIRCLE('',#2351,1.00000000000008);
#692=CIRCLE('',#2353,1.00000000000001);
#693=CIRCLE('',#2355,1.00000000000002);
#694=CIRCLE('',#2356,10.);
#695=CIRCLE('',#2357,9.);
#696=CIRCLE('',#2358,1.);
#697=CIRCLE('',#2360,0.999999999999998);
#698=CIRCLE('',#2361,9.);
#699=CIRCLE('',#2362,1.00000000000001);
#700=CIRCLE('',#2363,10.);
#701=CIRCLE('',#2365,1.);
#702=CIRCLE('',#2366,0.999999999999999);
#703=CIRCLE('',#2367,0.999999999999999);
#704=CIRCLE('',#2368,0.999999999999998);
#705=CIRCLE('',#2369,0.999999999999999);
#706=CIRCLE('',#2371,1.);
#707=CIRCLE('',#2373,46.);
#708=CIRCLE('',#2374,4.);
#709=CIRCLE('',#2375,51.);
#710=CIRCLE('',#2377,46.);
#711=CIRCLE('',#2378,51.);
#712=CIRCLE('',#2379,4.);
#713=CIRCLE('',#2381,10.);
#714=CIRCLE('',#2382,10.);
#715=CIRCLE('',#2384,4.7);
#716=CIRCLE('',#2385,4.7);
#717=CIRCLE('',#2386,4.7);
#718=CIRCLE('',#2388,1.00000000000001);
#719=CIRCLE('',#2389,1.);
#720=CIRCLE('',#2390,5.);
#721=CIRCLE('',#2392,1.);
#722=CIRCLE('',#2394,1.);
#723=CIRCLE('',#2395,9.);
#724=CIRCLE('',#2397,1.00000000000001);
#725=CIRCLE('',#2399,0.999999999999999);
#726=CIRCLE('',#2400,9.);
#727=CIRCLE('',#2402,1.);
#728=CIRCLE('',#2404,1.);
#729=CIRCLE('',#2405,5.);
#730=CIRCLE('',#2407,1.);
#731=CIRCLE('',#2409,1.);
#732=CIRCLE('',#2410,50.);
#733=CIRCLE('',#2412,1.);
#734=CIRCLE('',#2413,47.);
#735=CIRCLE('',#2414,45.);
#736=CIRCLE('',#2416,1.);
#737=CIRCLE('',#2417,50.);
#738=CIRCLE('',#2419,0.999999999999999);
#739=CIRCLE('',#2421,1.);
#740=CIRCLE('',#2422,5.);
#741=CIRCLE('',#2424,1.);
#742=CIRCLE('',#2426,1.00000000000001);
#743=CIRCLE('',#2427,9.);
#744=CIRCLE('',#2428,10.);
#745=CIRCLE('',#2430,1.);
#746=CIRCLE('',#2432,0.999999999999999);
#747=CIRCLE('',#2433,9.);
#748=CIRCLE('',#2434,10.);
#749=CIRCLE('',#2436,1.);
#750=CIRCLE('',#2438,1.);
#751=CIRCLE('',#2439,5.);
#752=CIRCLE('',#2441,0.999999999999999);
#753=CIRCLE('',#2443,1.);
#754=CIRCLE('',#2444,50.);
#755=CIRCLE('',#2446,1.);
#756=CIRCLE('',#2447,47.);
#757=CIRCLE('',#2448,45.);
#758=CIRCLE('',#2450,1.);
#759=CIRCLE('',#2451,50.);
#760=CIRCLE('',#2456,0.499999999999999);
#761=CIRCLE('',#2457,0.5);
#762=CIRCLE('',#2458,0.499999999999999);
#763=CIRCLE('',#2459,0.499999999999999);
#764=CIRCLE('',#2460,0.500000000000001);
#765=CIRCLE('',#2461,0.499999999999999);
#766=CIRCLE('',#2462,0.499999999999999);
#767=CIRCLE('',#2463,0.500000000000003);
#768=CIRCLE('',#2464,11.5000000000016);
#769=CIRCLE('',#2465,0.49999999999997);
#770=CIRCLE('',#2466,0.500000000000048);
#771=CIRCLE('',#2467,1.);
#772=CIRCLE('',#2468,0.500000000000001);
#773=CIRCLE('',#2469,4.00000000000057);
#774=CIRCLE('',#2470,0.500000000000097);
#775=CIRCLE('',#2471,0.500000000000048);
#776=CIRCLE('',#2472,1.);
#777=CIRCLE('',#2473,0.500000000000004);
#778=CIRCLE('',#2474,11.5000000000016);
#779=CIRCLE('',#2475,0.499999999999997);
#780=CIRCLE('',#2476,0.499999999999999);
#781=CIRCLE('',#2477,0.499999999999999);
#782=CIRCLE('',#2478,0.500000000000001);
#783=CIRCLE('',#2480,0.499999999999999);
#784=CIRCLE('',#2481,0.5);
#785=CIRCLE('',#2483,4.7);
#786=CIRCLE('',#2484,4.7);
#787=CIRCLE('',#2485,4.7);
#788=CIRCLE('',#2487,10.);
#789=CIRCLE('',#2491,10.);
#790=CIRCLE('',#2493,4.7);
#791=CIRCLE('',#2494,4.7);
#792=CIRCLE('',#2495,4.7);
#793=CIRCLE('',#2498,0.499999999999999);
#794=CIRCLE('',#2499,0.5);
#795=CIRCLE('',#2500,0.499999999999997);
#796=CIRCLE('',#2501,0.5);
#797=CIRCLE('',#2502,0.499999999999997);
#798=CIRCLE('',#2503,0.499999999999995);
#799=CIRCLE('',#2504,0.499999999999999);
#800=CIRCLE('',#2506,0.5);
#801=CIRCLE('',#2507,11.5);
#802=CIRCLE('',#2508,11.);
#803=CIRCLE('',#2509,0.500000000000001);
#804=CIRCLE('',#2510,0.5);
#805=CIRCLE('',#2511,1.);
#806=CIRCLE('',#2513,0.500000000000001);
#807=CIRCLE('',#2514,4.);
#808=CIRCLE('',#2515,4.);
#809=CIRCLE('',#2516,3.5);
#810=CIRCLE('',#2517,0.50000000000001);
#811=CIRCLE('',#2518,0.5);
#812=CIRCLE('',#2519,1.);
#813=CIRCLE('',#2520,0.499999999999998);
#814=CIRCLE('',#2521,0.500000000000003);
#815=CIRCLE('',#2522,0.500000000000002);
#816=CIRCLE('',#2523,0.499999999999998);
#817=CIRCLE('',#2524,0.5);
#818=CIRCLE('',#2526,11.5);
#819=CIRCLE('',#2527,11.);
#820=CIRCLE('',#2529,0.499999999999999);
#821=CIRCLE('',#2530,0.5);
#822=CIRCLE('',#2531,4.7);
#823=CIRCLE('',#2532,4.7);
#824=CIRCLE('',#2534,10.);
#825=CIRCLE('',#2539,10.);
#826=CIRCLE('',#2542,11.);
#827=CIRCLE('',#2544,10.0000000000007);
#828=CIRCLE('',#2546,11.);
#829=CIRCLE('',#2548,1.);
#830=CIRCLE('',#2550,3.5);
#831=CIRCLE('',#2552,1.);
#832=CIRCLE('',#2554,1.);
#833=CIRCLE('',#2556,3.5);
#834=CIRCLE('',#2558,1.);
#835=CIRCLE('',#2567,11.);
#836=CIRCLE('',#2569,10.0000000000007);
#837=CIRCLE('',#2573,11.);
#838=VERTEX_POINT('',#3221);
#839=VERTEX_POINT('',#3222);
#840=VERTEX_POINT('',#3224);
#841=VERTEX_POINT('',#3229);
#842=VERTEX_POINT('',#3260);
#843=VERTEX_POINT('',#3266);
#844=VERTEX_POINT('',#3297);
#845=VERTEX_POINT('',#3302);
#846=VERTEX_POINT('',#3309);
#847=VERTEX_POINT('',#3310);
#848=VERTEX_POINT('',#3315);
#849=VERTEX_POINT('',#3316);
#850=VERTEX_POINT('',#3318);
#851=VERTEX_POINT('',#3320);
#852=VERTEX_POINT('',#3337);
#853=VERTEX_POINT('',#3338);
#854=VERTEX_POINT('',#3340);
#855=VERTEX_POINT('',#3342);
#856=VERTEX_POINT('',#3346);
#857=VERTEX_POINT('',#3348);
#858=VERTEX_POINT('',#3365);
#859=VERTEX_POINT('',#3366);
#860=VERTEX_POINT('',#3395);
#861=VERTEX_POINT('',#3401);
#862=VERTEX_POINT('',#3433);
#863=VERTEX_POINT('',#3434);
#864=VERTEX_POINT('',#3466);
#865=VERTEX_POINT('',#3467);
#866=VERTEX_POINT('',#3469);
#867=VERTEX_POINT('',#3474);
#868=VERTEX_POINT('',#3505);
#869=VERTEX_POINT('',#3506);
#870=VERTEX_POINT('',#3542);
#871=VERTEX_POINT('',#3547);
#872=VERTEX_POINT('',#3554);
#873=VERTEX_POINT('',#3555);
#874=VERTEX_POINT('',#3631);
#875=VERTEX_POINT('',#3636);
#876=VERTEX_POINT('',#3643);
#877=VERTEX_POINT('',#3647);
#878=VERTEX_POINT('',#3649);
#879=VERTEX_POINT('',#3651);
#880=VERTEX_POINT('',#3655);
#881=VERTEX_POINT('',#3657);
#882=VERTEX_POINT('',#3659);
#883=VERTEX_POINT('',#3661);
#884=VERTEX_POINT('',#3663);
#885=VERTEX_POINT('',#3667);
#886=VERTEX_POINT('',#3669);
#887=VERTEX_POINT('',#3671);
#888=VERTEX_POINT('',#3673);
#889=VERTEX_POINT('',#3696);
#890=VERTEX_POINT('',#3697);
#891=VERTEX_POINT('',#3699);
#892=VERTEX_POINT('',#3704);
#893=VERTEX_POINT('',#3735);
#894=VERTEX_POINT('',#3741);
#895=VERTEX_POINT('',#3772);
#896=VERTEX_POINT('',#3777);
#897=VERTEX_POINT('',#3784);
#898=VERTEX_POINT('',#3785);
#899=VERTEX_POINT('',#3790);
#900=VERTEX_POINT('',#3791);
#901=VERTEX_POINT('',#3793);
#902=VERTEX_POINT('',#3795);
#903=VERTEX_POINT('',#3812);
#904=VERTEX_POINT('',#3813);
#905=VERTEX_POINT('',#3842);
#906=VERTEX_POINT('',#3848);
#907=VERTEX_POINT('',#3856);
#908=VERTEX_POINT('',#3857);
#909=VERTEX_POINT('',#3859);
#910=VERTEX_POINT('',#3861);
#911=VERTEX_POINT('',#3865);
#912=VERTEX_POINT('',#3867);
#913=VERTEX_POINT('',#3908);
#914=VERTEX_POINT('',#3909);
#915=VERTEX_POINT('',#3941);
#916=VERTEX_POINT('',#3942);
#917=VERTEX_POINT('',#3944);
#918=VERTEX_POINT('',#3949);
#919=VERTEX_POINT('',#3980);
#920=VERTEX_POINT('',#3981);
#921=VERTEX_POINT('',#4017);
#922=VERTEX_POINT('',#4022);
#923=VERTEX_POINT('',#4029);
#924=VERTEX_POINT('',#4030);
#925=VERTEX_POINT('',#4091);
#926=VERTEX_POINT('',#4093);
#927=VERTEX_POINT('',#4095);
#928=VERTEX_POINT('',#4097);
#929=VERTEX_POINT('',#4099);
#930=VERTEX_POINT('',#4103);
#931=VERTEX_POINT('',#4105);
#932=VERTEX_POINT('',#4107);
#933=VERTEX_POINT('',#4109);
#934=VERTEX_POINT('',#4111);
#935=VERTEX_POINT('',#4115);
#936=VERTEX_POINT('',#4117);
#937=VERTEX_POINT('',#4121);
#938=VERTEX_POINT('',#4126);
#939=VERTEX_POINT('',#4145);
#940=VERTEX_POINT('',#4167);
#941=VERTEX_POINT('',#4189);
#942=VERTEX_POINT('',#4196);
#943=VERTEX_POINT('',#4198);
#944=VERTEX_POINT('',#4202);
#945=VERTEX_POINT('',#4206);
#946=VERTEX_POINT('',#4210);
#947=VERTEX_POINT('',#4215);
#948=VERTEX_POINT('',#4219);
#949=VERTEX_POINT('',#4223);
#950=VERTEX_POINT('',#4227);
#951=VERTEX_POINT('',#4231);
#952=VERTEX_POINT('',#4235);
#953=VERTEX_POINT('',#4240);
#954=VERTEX_POINT('',#4244);
#955=VERTEX_POINT('',#4248);
#956=VERTEX_POINT('',#4252);
#957=VERTEX_POINT('',#4256);
#958=VERTEX_POINT('',#4257);
#959=VERTEX_POINT('',#4262);
#960=VERTEX_POINT('',#4263);
#961=VERTEX_POINT('',#4268);
#962=VERTEX_POINT('',#4273);
#963=VERTEX_POINT('',#4277);
#964=VERTEX_POINT('',#4281);
#965=VERTEX_POINT('',#4285);
#966=VERTEX_POINT('',#4289);
#967=VERTEX_POINT('',#4294);
#968=VERTEX_POINT('',#4304);
#969=VERTEX_POINT('',#4305);
#970=VERTEX_POINT('',#4307);
#971=VERTEX_POINT('',#4309);
#972=VERTEX_POINT('',#4332);
#973=VERTEX_POINT('',#4333);
#974=VERTEX_POINT('',#4335);
#975=VERTEX_POINT('',#4340);
#976=VERTEX_POINT('',#4370);
#977=VERTEX_POINT('',#4371);
#978=VERTEX_POINT('',#4405);
#979=VERTEX_POINT('',#4406);
#980=VERTEX_POINT('',#4408);
#981=VERTEX_POINT('',#4413);
#982=VERTEX_POINT('',#4449);
#983=VERTEX_POINT('',#4450);
#984=VERTEX_POINT('',#4484);
#985=VERTEX_POINT('',#4485);
#986=VERTEX_POINT('',#4524);
#987=VERTEX_POINT('',#4525);
#988=VERTEX_POINT('',#4560);
#989=VERTEX_POINT('',#4561);
#990=VERTEX_POINT('',#4595);
#991=VERTEX_POINT('',#4596);
#992=VERTEX_POINT('',#4629);
#993=VERTEX_POINT('',#4630);
#994=VERTEX_POINT('',#4664);
#995=VERTEX_POINT('',#4665);
#996=VERTEX_POINT('',#4699);
#997=VERTEX_POINT('',#4700);
#998=VERTEX_POINT('',#4730);
#999=VERTEX_POINT('',#4731);
#1000=VERTEX_POINT('',#4774);
#1001=VERTEX_POINT('',#4775);
#1002=VERTEX_POINT('',#4777);
#1003=VERTEX_POINT('',#4779);
#1004=VERTEX_POINT('',#4963);
#1005=VERTEX_POINT('',#4965);
#1006=VERTEX_POINT('',#4988);
#1007=VERTEX_POINT('',#4989);
#1008=VERTEX_POINT('',#4995);
#1009=VERTEX_POINT('',#5025);
#1010=VERTEX_POINT('',#5026);
#1011=VERTEX_POINT('',#5060);
#1012=VERTEX_POINT('',#5061);
#1013=VERTEX_POINT('',#5095);
#1014=VERTEX_POINT('',#5096);
#1015=VERTEX_POINT('',#5107);
#1016=VERTEX_POINT('',#5108);
#1017=VERTEX_POINT('',#5121);
#1018=VERTEX_POINT('',#5122);
#1019=VERTEX_POINT('',#5127);
#1020=VERTEX_POINT('',#5128);
#1021=VERTEX_POINT('',#5130);
#1022=VERTEX_POINT('',#5143);
#1023=VERTEX_POINT('',#5144);
#1024=VERTEX_POINT('',#5172);
#1025=VERTEX_POINT('',#5173);
#1026=VERTEX_POINT('',#5175);
#1027=VERTEX_POINT('',#5180);
#1028=VERTEX_POINT('',#5210);
#1029=VERTEX_POINT('',#5244);
#1030=VERTEX_POINT('',#5270);
#1031=VERTEX_POINT('',#5280);
#1032=VERTEX_POINT('',#5282);
#1033=VERTEX_POINT('',#5380);
#1034=VERTEX_POINT('',#5384);
#1035=VERTEX_POINT('',#5388);
#1036=VERTEX_POINT('',#5392);
#1037=VERTEX_POINT('',#5396);
#1038=VERTEX_POINT('',#5400);
#1039=VERTEX_POINT('',#5404);
#1040=VERTEX_POINT('',#5408);
#1041=VERTEX_POINT('',#5412);
#1042=VERTEX_POINT('',#5432);
#1043=EDGE_CURVE('',#838,#839,#658,.T.);
#1044=EDGE_CURVE('',#839,#840,#567,.T.);
#1045=EDGE_CURVE('',#840,#841,#659,.T.);
#1046=EDGE_CURVE('',#841,#838,#568,.T.);
#1047=EDGE_CURVE('',#838,#842,#569,.T.);
#1048=EDGE_CURVE('',#842,#843,#660,.T.);
#1049=EDGE_CURVE('',#843,#839,#570,.T.);
#1050=EDGE_CURVE('',#842,#844,#571,.T.);
#1051=EDGE_CURVE('',#844,#845,#661,.T.);
#1052=EDGE_CURVE('',#845,#843,#572,.T.);
#1053=EDGE_CURVE('',#846,#847,#662,.F.);
#1054=EDGE_CURVE('',#847,#845,#61,.T.);
#1055=EDGE_CURVE('',#844,#846,#62,.T.);
#1056=EDGE_CURVE('',#848,#849,#63,.T.);
#1057=EDGE_CURVE('',#849,#850,#663,.T.);
#1058=EDGE_CURVE('',#850,#851,#64,.T.);
#1059=EDGE_CURVE('',#851,#848,#573,.T.);
#1060=EDGE_CURVE('',#852,#853,#664,.T.);
#1061=EDGE_CURVE('',#853,#854,#665,.T.);
#1062=EDGE_CURVE('',#854,#855,#666,.T.);
#1063=EDGE_CURVE('',#855,#852,#667,.T.);
#1064=EDGE_CURVE('',#856,#855,#65,.T.);
#1065=EDGE_CURVE('',#854,#857,#66,.T.);
#1066=EDGE_CURVE('',#856,#857,#574,.T.);
#1067=EDGE_CURVE('',#858,#859,#668,.T.);
#1068=EDGE_CURVE('',#859,#850,#669,.T.);
#1069=EDGE_CURVE('',#849,#858,#670,.T.);
#1070=EDGE_CURVE('',#858,#860,#575,.T.);
#1071=EDGE_CURVE('',#860,#861,#671,.T.);
#1072=EDGE_CURVE('',#861,#859,#576,.T.);
#1073=EDGE_CURVE('',#862,#863,#672,.T.);
#1074=EDGE_CURVE('',#863,#853,#577,.T.);
#1075=EDGE_CURVE('',#852,#862,#578,.T.);
#1076=EDGE_CURVE('',#864,#865,#673,.T.);
#1077=EDGE_CURVE('',#865,#866,#579,.T.);
#1078=EDGE_CURVE('',#866,#867,#674,.T.);
#1079=EDGE_CURVE('',#867,#864,#580,.T.);
#1080=EDGE_CURVE('',#868,#869,#675,.T.);
#1081=EDGE_CURVE('',#869,#867,#581,.T.);
#1082=EDGE_CURVE('',#866,#868,#582,.T.);
#1083=EDGE_CURVE('',#868,#870,#583,.T.);
#1084=EDGE_CURVE('',#870,#871,#676,.T.);
#1085=EDGE_CURVE('',#871,#869,#584,.T.);
#1086=EDGE_CURVE('',#872,#873,#677,.F.);
#1087=EDGE_CURVE('',#873,#871,#67,.T.);
#1088=EDGE_CURVE('',#870,#872,#68,.T.);
#1089=EDGE_CURVE('',#864,#861,#585,.T.);
#1090=EDGE_CURVE('',#860,#865,#586,.T.);
#1091=EDGE_CURVE('',#862,#841,#587,.T.);
#1092=EDGE_CURVE('',#840,#863,#588,.T.);
#1093=EDGE_CURVE('',#845,#874,#589,.T.);
#1094=EDGE_CURVE('',#875,#874,#590,.T.);
#1095=EDGE_CURVE('',#875,#843,#678,.T.);
#1096=EDGE_CURVE('',#847,#876,#69,.T.);
#1097=EDGE_CURVE('',#874,#876,#70,.T.);
#1098=EDGE_CURVE('',#877,#846,#679,.T.);
#1099=EDGE_CURVE('',#855,#878,#71,.T.);
#1100=EDGE_CURVE('',#879,#878,#680,.T.);
#1101=EDGE_CURVE('',#879,#877,#72,.T.);
#1102=EDGE_CURVE('',#851,#880,#681,.T.);
#1103=EDGE_CURVE('',#881,#850,#73,.T.);
#1104=EDGE_CURVE('',#882,#881,#74,.T.);
#1105=EDGE_CURVE('',#883,#882,#682,.T.);
#1106=EDGE_CURVE('',#884,#883,#75,.T.);
#1107=EDGE_CURVE('',#880,#884,#683,.T.);
#1108=EDGE_CURVE('',#885,#856,#684,.T.);
#1109=EDGE_CURVE('',#886,#885,#685,.T.);
#1110=EDGE_CURVE('',#887,#886,#76,.T.);
#1111=EDGE_CURVE('',#888,#887,#686,.T.);
#1112=EDGE_CURVE('',#878,#888,#77,.T.);
#1113=EDGE_CURVE('',#889,#890,#687,.T.);
#1114=EDGE_CURVE('',#890,#891,#591,.T.);
#1115=EDGE_CURVE('',#891,#892,#688,.T.);
#1116=EDGE_CURVE('',#892,#889,#592,.T.);
#1117=EDGE_CURVE('',#889,#893,#593,.T.);
#1118=EDGE_CURVE('',#893,#894,#689,.T.);
#1119=EDGE_CURVE('',#894,#890,#594,.T.);
#1120=EDGE_CURVE('',#893,#895,#595,.T.);
#1121=EDGE_CURVE('',#895,#896,#690,.T.);
#1122=EDGE_CURVE('',#896,#894,#596,.T.);
#1123=EDGE_CURVE('',#897,#898,#691,.F.);
#1124=EDGE_CURVE('',#898,#896,#78,.T.);
#1125=EDGE_CURVE('',#895,#897,#79,.T.);
#1126=EDGE_CURVE('',#899,#900,#80,.T.);
#1127=EDGE_CURVE('',#900,#901,#692,.T.);
#1128=EDGE_CURVE('',#901,#902,#81,.T.);
#1129=EDGE_CURVE('',#902,#899,#597,.T.);
#1130=EDGE_CURVE('',#903,#904,#693,.T.);
#1131=EDGE_CURVE('',#904,#901,#694,.T.);
#1132=EDGE_CURVE('',#900,#903,#695,.T.);
#1133=EDGE_CURVE('',#903,#905,#598,.T.);
#1134=EDGE_CURVE('',#905,#906,#696,.T.);
#1135=EDGE_CURVE('',#906,#904,#599,.T.);
#1136=EDGE_CURVE('',#907,#908,#697,.T.);
#1137=EDGE_CURVE('',#908,#909,#698,.T.);
#1138=EDGE_CURVE('',#909,#910,#699,.T.);
#1139=EDGE_CURVE('',#910,#907,#700,.T.);
#1140=EDGE_CURVE('',#911,#910,#82,.T.);
#1141=EDGE_CURVE('',#909,#912,#83,.T.);
#1142=EDGE_CURVE('',#911,#912,#600,.T.);
#1143=EDGE_CURVE('',#913,#914,#701,.T.);
#1144=EDGE_CURVE('',#914,#908,#601,.T.);
#1145=EDGE_CURVE('',#907,#913,#602,.T.);
#1146=EDGE_CURVE('',#915,#916,#702,.T.);
#1147=EDGE_CURVE('',#916,#917,#603,.T.);
#1148=EDGE_CURVE('',#917,#918,#703,.T.);
#1149=EDGE_CURVE('',#918,#915,#604,.T.);
#1150=EDGE_CURVE('',#919,#920,#704,.T.);
#1151=EDGE_CURVE('',#920,#918,#605,.T.);
#1152=EDGE_CURVE('',#917,#919,#606,.T.);
#1153=EDGE_CURVE('',#919,#921,#607,.T.);
#1154=EDGE_CURVE('',#921,#922,#705,.T.);
#1155=EDGE_CURVE('',#922,#920,#608,.T.);
#1156=EDGE_CURVE('',#923,#924,#706,.F.);
#1157=EDGE_CURVE('',#924,#922,#84,.T.);
#1158=EDGE_CURVE('',#921,#923,#85,.T.);
#1159=EDGE_CURVE('',#915,#906,#609,.T.);
#1160=EDGE_CURVE('',#905,#916,#610,.T.);
#1161=EDGE_CURVE('',#913,#892,#611,.T.);
#1162=EDGE_CURVE('',#891,#914,#612,.T.);
#1163=EDGE_CURVE('',#902,#925,#707,.T.);
#1164=EDGE_CURVE('',#926,#901,#86,.T.);
#1165=EDGE_CURVE('',#927,#926,#87,.T.);
#1166=EDGE_CURVE('',#928,#927,#708,.T.);
#1167=EDGE_CURVE('',#929,#928,#88,.T.);
#1168=EDGE_CURVE('',#925,#929,#709,.T.);
#1169=EDGE_CURVE('',#930,#911,#710,.T.);
#1170=EDGE_CURVE('',#931,#930,#711,.T.);
#1171=EDGE_CURVE('',#932,#931,#89,.T.);
#1172=EDGE_CURVE('',#933,#932,#712,.T.);
#1173=EDGE_CURVE('',#934,#933,#90,.T.);
#1174=EDGE_CURVE('',#910,#934,#91,.T.);
#1175=EDGE_CURVE('',#924,#935,#713,.T.);
#1176=EDGE_CURVE('',#935,#936,#92,.T.);
#1177=EDGE_CURVE('',#926,#936,#714,.T.);
#1178=EDGE_CURVE('',#937,#921,#613,.T.);
#1179=EDGE_CURVE('',#938,#937,#93,.T.);
#1180=EDGE_CURVE('',#938,#923,#94,.T.);
#1181=EDGE_CURVE('',#919,#939,#715,.T.);
#1182=EDGE_CURVE('',#937,#939,#614,.T.);
#1183=EDGE_CURVE('',#917,#940,#716,.T.);
#1184=EDGE_CURVE('',#939,#940,#615,.T.);
#1185=EDGE_CURVE('',#916,#941,#717,.T.);
#1186=EDGE_CURVE('',#940,#941,#616,.T.);
#1187=EDGE_CURVE('',#942,#928,#718,.T.);
#1188=EDGE_CURVE('',#927,#943,#719,.T.);
#1189=EDGE_CURVE('',#943,#942,#720,.T.);
#1190=EDGE_CURVE('',#926,#944,#721,.T.);
#1191=EDGE_CURVE('',#944,#943,#95,.T.);
#1192=EDGE_CURVE('',#936,#945,#722,.T.);
#1193=EDGE_CURVE('',#945,#944,#723,.T.);
#1194=EDGE_CURVE('',#879,#946,#724,.T.);
#1195=EDGE_CURVE('',#946,#945,#96,.T.);
#1196=EDGE_CURVE('',#936,#879,#97,.T.);
#1197=EDGE_CURVE('',#878,#947,#725,.T.);
#1198=EDGE_CURVE('',#947,#946,#726,.T.);
#1199=EDGE_CURVE('',#888,#948,#727,.T.);
#1200=EDGE_CURVE('',#948,#947,#98,.T.);
#1201=EDGE_CURVE('',#887,#949,#728,.T.);
#1202=EDGE_CURVE('',#949,#948,#729,.T.);
#1203=EDGE_CURVE('',#886,#950,#730,.T.);
#1204=EDGE_CURVE('',#950,#949,#99,.T.);
#1205=EDGE_CURVE('',#885,#951,#731,.T.);
#1206=EDGE_CURVE('',#951,#950,#732,.T.);
#1207=EDGE_CURVE('',#880,#952,#733,.T.);
#1208=EDGE_CURVE('',#952,#951,#734,.T.);
#1209=EDGE_CURVE('',#857,#848,#735,.T.);
#1210=EDGE_CURVE('',#884,#953,#736,.T.);
#1211=EDGE_CURVE('',#953,#952,#737,.T.);
#1212=EDGE_CURVE('',#883,#954,#738,.T.);
#1213=EDGE_CURVE('',#954,#953,#100,.T.);
#1214=EDGE_CURVE('',#882,#955,#739,.T.);
#1215=EDGE_CURVE('',#955,#954,#740,.T.);
#1216=EDGE_CURVE('',#881,#956,#741,.T.);
#1217=EDGE_CURVE('',#956,#955,#101,.T.);
#1218=EDGE_CURVE('',#957,#958,#742,.T.);
#1219=EDGE_CURVE('',#958,#956,#743,.T.);
#1220=EDGE_CURVE('',#881,#957,#744,.T.);
#1221=EDGE_CURVE('',#959,#960,#745,.T.);
#1222=EDGE_CURVE('',#960,#958,#102,.T.);
#1223=EDGE_CURVE('',#957,#959,#103,.T.);
#1224=EDGE_CURVE('',#934,#961,#746,.T.);
#1225=EDGE_CURVE('',#961,#960,#747,.T.);
#1226=EDGE_CURVE('',#959,#934,#748,.T.);
#1227=EDGE_CURVE('',#933,#962,#749,.T.);
#1228=EDGE_CURVE('',#962,#961,#104,.T.);
#1229=EDGE_CURVE('',#932,#963,#750,.T.);
#1230=EDGE_CURVE('',#963,#962,#751,.T.);
#1231=EDGE_CURVE('',#931,#964,#752,.T.);
#1232=EDGE_CURVE('',#964,#963,#105,.T.);
#1233=EDGE_CURVE('',#930,#965,#753,.T.);
#1234=EDGE_CURVE('',#965,#964,#754,.T.);
#1235=EDGE_CURVE('',#925,#966,#755,.T.);
#1236=EDGE_CURVE('',#966,#965,#756,.T.);
#1237=EDGE_CURVE('',#912,#899,#757,.T.);
#1238=EDGE_CURVE('',#929,#967,#758,.T.);
#1239=EDGE_CURVE('',#967,#966,#759,.T.);
#1240=EDGE_CURVE('',#942,#967,#106,.T.);
#1241=EDGE_CURVE('',#935,#877,#107,.T.);
#1242=EDGE_CURVE('',#955,#962,#108,.T.);
#1243=EDGE_CURVE('',#968,#969,#760,.T.);
#1244=EDGE_CURVE('',#969,#970,#109,.T.);
#1245=EDGE_CURVE('',#970,#971,#761,.F.);
#1246=EDGE_CURVE('',#971,#968,#110,.T.);
#1247=EDGE_CURVE('',#972,#973,#762,.T.);
#1248=EDGE_CURVE('',#973,#974,#617,.T.);
#1249=EDGE_CURVE('',#974,#975,#763,.T.);
#1250=EDGE_CURVE('',#975,#972,#618,.T.);
#1251=EDGE_CURVE('',#976,#977,#764,.T.);
#1252=EDGE_CURVE('',#977,#973,#619,.T.);
#1253=EDGE_CURVE('',#972,#976,#620,.T.);
#1254=EDGE_CURVE('',#978,#979,#765,.T.);
#1255=EDGE_CURVE('',#979,#980,#621,.T.);
#1256=EDGE_CURVE('',#980,#981,#766,.T.);
#1257=EDGE_CURVE('',#981,#978,#622,.T.);
#1258=EDGE_CURVE('',#982,#983,#767,.T.);
#1259=EDGE_CURVE('',#983,#979,#768,.T.);
#1260=EDGE_CURVE('',#978,#982,#623,.T.);
#1261=EDGE_CURVE('',#984,#985,#769,.T.);
#1262=EDGE_CURVE('',#985,#983,#770,.T.);
#1263=EDGE_CURVE('',#982,#984,#771,.T.);
#1264=EDGE_CURVE('',#986,#987,#772,.T.);
#1265=EDGE_CURVE('',#987,#985,#773,.T.);
#1266=EDGE_CURVE('',#984,#986,#624,.T.);
#1267=EDGE_CURVE('',#988,#989,#774,.T.);
#1268=EDGE_CURVE('',#989,#987,#775,.T.);
#1269=EDGE_CURVE('',#986,#988,#776,.T.);
#1270=EDGE_CURVE('',#990,#991,#777,.T.);
#1271=EDGE_CURVE('',#991,#989,#778,.T.);
#1272=EDGE_CURVE('',#988,#990,#625,.T.);
#1273=EDGE_CURVE('',#992,#993,#779,.T.);
#1274=EDGE_CURVE('',#993,#991,#626,.T.);
#1275=EDGE_CURVE('',#990,#992,#627,.T.);
#1276=EDGE_CURVE('',#994,#995,#780,.T.);
#1277=EDGE_CURVE('',#995,#993,#628,.T.);
#1278=EDGE_CURVE('',#992,#994,#629,.T.);
#1279=EDGE_CURVE('',#996,#997,#781,.T.);
#1280=EDGE_CURVE('',#997,#995,#630,.T.);
#1281=EDGE_CURVE('',#994,#996,#631,.T.);
#1282=EDGE_CURVE('',#998,#999,#782,.T.);
#1283=EDGE_CURVE('',#999,#997,#632,.T.);
#1284=EDGE_CURVE('',#996,#998,#633,.T.);
#1285=EDGE_CURVE('',#980,#977,#634,.T.);
#1286=EDGE_CURVE('',#976,#981,#635,.T.);
#1287=EDGE_CURVE('',#1000,#1001,#783,.T.);
#1288=EDGE_CURVE('',#1001,#1002,#111,.T.);
#1289=EDGE_CURVE('',#1002,#1003,#784,.F.);
#1290=EDGE_CURVE('',#1003,#1000,#112,.T.);
#1291=EDGE_CURVE('',#1000,#999,#636,.T.);
#1292=EDGE_CURVE('',#998,#1001,#637,.T.);
#1293=EDGE_CURVE('',#974,#969,#638,.T.);
#1294=EDGE_CURVE('',#968,#975,#639,.T.);
#1295=EDGE_CURVE('',#970,#898,#113,.T.);
#1296=EDGE_CURVE('',#896,#969,#640,.T.);
#1297=EDGE_CURVE('',#974,#894,#785,.T.);
#1298=EDGE_CURVE('',#973,#890,#786,.T.);
#1299=EDGE_CURVE('',#977,#891,#787,.T.);
#1300=EDGE_CURVE('',#980,#914,#788,.T.);
#1301=EDGE_CURVE('',#979,#908,#114,.T.);
#1302=EDGE_CURVE('',#912,#848,#115,.T.);
#1303=EDGE_CURVE('',#858,#991,#116,.T.);
#1304=EDGE_CURVE('',#860,#993,#789,.T.);
#1305=EDGE_CURVE('',#865,#995,#790,.T.);
#1306=EDGE_CURVE('',#866,#997,#791,.T.);
#1307=EDGE_CURVE('',#868,#999,#792,.T.);
#1308=EDGE_CURVE('',#1000,#870,#641,.T.);
#1309=EDGE_CURVE('',#872,#1003,#117,.T.);
#1310=EDGE_CURVE('',#1004,#874,#793,.T.);
#1311=EDGE_CURVE('',#876,#1005,#794,.F.);
#1312=EDGE_CURVE('',#1005,#1004,#118,.T.);
#1313=EDGE_CURVE('',#1006,#1007,#795,.T.);
#1314=EDGE_CURVE('',#1007,#875,#642,.T.);
#1315=EDGE_CURVE('',#875,#1008,#796,.T.);
#1316=EDGE_CURVE('',#1008,#1006,#643,.T.);
#1317=EDGE_CURVE('',#1009,#1010,#797,.T.);
#1318=EDGE_CURVE('',#1010,#1007,#644,.T.);
#1319=EDGE_CURVE('',#1006,#1009,#645,.T.);
#1320=EDGE_CURVE('',#1011,#1012,#798,.T.);
#1321=EDGE_CURVE('',#1012,#1010,#646,.T.);
#1322=EDGE_CURVE('',#1009,#1011,#647,.T.);
#1323=EDGE_CURVE('',#1013,#1014,#799,.T.);
#1324=EDGE_CURVE('',#1014,#1012,#648,.T.);
#1325=EDGE_CURVE('',#1011,#1013,#649,.T.);
#1326=EDGE_CURVE('',#1015,#1016,#800,.T.);
#1327=EDGE_CURVE('',#1016,#1014,#801,.T.);
#1328=EDGE_CURVE('',#1013,#1015,#802,.T.);
#1329=EDGE_CURVE('',#1017,#1018,#803,.T.);
#1330=EDGE_CURVE('',#1018,#1016,#804,.T.);
#1331=EDGE_CURVE('',#1015,#1017,#805,.T.);
#1332=EDGE_CURVE('',#1019,#1020,#806,.T.);
#1333=EDGE_CURVE('',#1020,#1021,#807,.T.);
#1334=EDGE_CURVE('',#1021,#1018,#808,.T.);
#1335=EDGE_CURVE('',#1017,#1019,#809,.T.);
#1336=EDGE_CURVE('',#1022,#1023,#810,.T.);
#1337=EDGE_CURVE('',#1023,#1020,#811,.T.);
#1338=EDGE_CURVE('',#1019,#1022,#812,.T.);
#1339=EDGE_CURVE('',#1024,#1025,#813,.T.);
#1340=EDGE_CURVE('',#1025,#1026,#650,.T.);
#1341=EDGE_CURVE('',#1026,#1027,#814,.T.);
#1342=EDGE_CURVE('',#1027,#1024,#651,.T.);
#1343=EDGE_CURVE('',#1028,#941,#815,.T.);
#1344=EDGE_CURVE('',#941,#1025,#652,.T.);
#1345=EDGE_CURVE('',#1024,#1028,#653,.T.);
#1346=EDGE_CURVE('',#1029,#940,#816,.T.);
#1347=EDGE_CURVE('',#1028,#1029,#654,.T.);
#1348=EDGE_CURVE('',#1030,#939,#817,.T.);
#1349=EDGE_CURVE('',#1029,#1030,#655,.T.);
#1350=EDGE_CURVE('',#1026,#1023,#818,.T.);
#1351=EDGE_CURVE('',#1022,#1027,#819,.T.);
#1352=EDGE_CURVE('',#937,#1031,#820,.T.);
#1353=EDGE_CURVE('',#1031,#1032,#119,.T.);
#1354=EDGE_CURVE('',#1032,#938,#821,.F.);
#1355=EDGE_CURVE('',#1030,#1031,#656,.T.);
#1356=EDGE_CURVE('',#1004,#1008,#657,.T.);
#1357=EDGE_CURVE('',#1007,#839,#822,.T.);
#1358=EDGE_CURVE('',#1010,#840,#823,.T.);
#1359=EDGE_CURVE('',#1012,#863,#824,.T.);
#1360=EDGE_CURVE('',#1014,#853,#120,.T.);
#1361=EDGE_CURVE('',#899,#1021,#121,.T.);
#1362=EDGE_CURVE('',#903,#1026,#122,.T.);
#1363=EDGE_CURVE('',#1021,#857,#123,.T.);
#1364=EDGE_CURVE('',#905,#1025,#825,.T.);
#1365=EDGE_CURVE('',#1005,#1033,#826,.T.);
#1366=EDGE_CURVE('',#1015,#1033,#124,.T.);
#1367=EDGE_CURVE('',#873,#1034,#827,.T.);
#1368=EDGE_CURVE('',#1034,#957,#125,.T.);
#1369=EDGE_CURVE('',#1035,#971,#828,.T.);
#1370=EDGE_CURVE('',#982,#1035,#126,.T.);
#1371=EDGE_CURVE('',#1033,#1036,#829,.F.);
#1372=EDGE_CURVE('',#1036,#1017,#127,.T.);
#1373=EDGE_CURVE('',#1036,#1037,#830,.T.);
#1374=EDGE_CURVE('',#1019,#1037,#128,.T.);
#1375=EDGE_CURVE('',#1037,#1038,#831,.F.);
#1376=EDGE_CURVE('',#1038,#1022,#129,.T.);
#1377=EDGE_CURVE('',#1035,#1039,#832,.F.);
#1378=EDGE_CURVE('',#1039,#984,#130,.T.);
#1379=EDGE_CURVE('',#1040,#1039,#833,.T.);
#1380=EDGE_CURVE('',#986,#1040,#131,.T.);
#1381=EDGE_CURVE('',#1040,#1041,#834,.F.);
#1382=EDGE_CURVE('',#1041,#988,#132,.T.);
#1383=EDGE_CURVE('',#963,#954,#133,.T.);
#1384=EDGE_CURVE('',#953,#964,#134,.T.);
#1385=EDGE_CURVE('',#949,#942,#135,.T.);
#1386=EDGE_CURVE('',#943,#948,#136,.T.);
#1387=EDGE_CURVE('',#967,#950,#137,.T.);
#1388=EDGE_CURVE('',#951,#966,#138,.T.);
#1389=EDGE_CURVE('',#965,#952,#139,.T.);
#1390=EDGE_CURVE('',#1002,#1041,#835,.T.);
#1391=EDGE_CURVE('',#959,#1042,#140,.T.);
#1392=EDGE_CURVE('',#1042,#897,#836,.T.);
#1393=EDGE_CURVE('',#1034,#1042,#141,.T.);
#1394=EDGE_CURVE('',#1038,#1032,#837,.T.);
#1395=ORIENTED_EDGE('',*,*,#1043,.T.);
#1396=ORIENTED_EDGE('',*,*,#1044,.T.);
#1397=ORIENTED_EDGE('',*,*,#1045,.T.);
#1398=ORIENTED_EDGE('',*,*,#1046,.T.);
#1399=ORIENTED_EDGE('',*,*,#1043,.F.);
#1400=ORIENTED_EDGE('',*,*,#1047,.T.);
#1401=ORIENTED_EDGE('',*,*,#1048,.T.);
#1402=ORIENTED_EDGE('',*,*,#1049,.T.);
#1403=ORIENTED_EDGE('',*,*,#1048,.F.);
#1404=ORIENTED_EDGE('',*,*,#1050,.T.);
#1405=ORIENTED_EDGE('',*,*,#1051,.T.);
#1406=ORIENTED_EDGE('',*,*,#1052,.T.);
#1407=ORIENTED_EDGE('',*,*,#1053,.T.);
#1408=ORIENTED_EDGE('',*,*,#1054,.T.);
#1409=ORIENTED_EDGE('',*,*,#1051,.F.);
#1410=ORIENTED_EDGE('',*,*,#1055,.T.);
#1411=ORIENTED_EDGE('',*,*,#1056,.T.);
#1412=ORIENTED_EDGE('',*,*,#1057,.T.);
#1413=ORIENTED_EDGE('',*,*,#1058,.T.);
#1414=ORIENTED_EDGE('',*,*,#1059,.T.);
#1415=ORIENTED_EDGE('',*,*,#1060,.T.);
#1416=ORIENTED_EDGE('',*,*,#1061,.T.);
#1417=ORIENTED_EDGE('',*,*,#1062,.T.);
#1418=ORIENTED_EDGE('',*,*,#1063,.T.);
#1419=ORIENTED_EDGE('',*,*,#1064,.T.);
#1420=ORIENTED_EDGE('',*,*,#1062,.F.);
#1421=ORIENTED_EDGE('',*,*,#1065,.T.);
#1422=ORIENTED_EDGE('',*,*,#1066,.F.);
#1423=ORIENTED_EDGE('',*,*,#1067,.T.);
#1424=ORIENTED_EDGE('',*,*,#1068,.T.);
#1425=ORIENTED_EDGE('',*,*,#1057,.F.);
#1426=ORIENTED_EDGE('',*,*,#1069,.T.);
#1427=ORIENTED_EDGE('',*,*,#1067,.F.);
#1428=ORIENTED_EDGE('',*,*,#1070,.T.);
#1429=ORIENTED_EDGE('',*,*,#1071,.T.);
#1430=ORIENTED_EDGE('',*,*,#1072,.T.);
#1431=ORIENTED_EDGE('',*,*,#1073,.T.);
#1432=ORIENTED_EDGE('',*,*,#1074,.T.);
#1433=ORIENTED_EDGE('',*,*,#1060,.F.);
#1434=ORIENTED_EDGE('',*,*,#1075,.T.);
#1435=ORIENTED_EDGE('',*,*,#1076,.T.);
#1436=ORIENTED_EDGE('',*,*,#1077,.T.);
#1437=ORIENTED_EDGE('',*,*,#1078,.T.);
#1438=ORIENTED_EDGE('',*,*,#1079,.T.);
#1439=ORIENTED_EDGE('',*,*,#1080,.T.);
#1440=ORIENTED_EDGE('',*,*,#1081,.T.);
#1441=ORIENTED_EDGE('',*,*,#1078,.F.);
#1442=ORIENTED_EDGE('',*,*,#1082,.T.);
#1443=ORIENTED_EDGE('',*,*,#1080,.F.);
#1444=ORIENTED_EDGE('',*,*,#1083,.T.);
#1445=ORIENTED_EDGE('',*,*,#1084,.T.);
#1446=ORIENTED_EDGE('',*,*,#1085,.T.);
#1447=ORIENTED_EDGE('',*,*,#1086,.T.);
#1448=ORIENTED_EDGE('',*,*,#1087,.T.);
#1449=ORIENTED_EDGE('',*,*,#1084,.F.);
#1450=ORIENTED_EDGE('',*,*,#1088,.T.);
#1451=ORIENTED_EDGE('',*,*,#1076,.F.);
#1452=ORIENTED_EDGE('',*,*,#1089,.T.);
#1453=ORIENTED_EDGE('',*,*,#1071,.F.);
#1454=ORIENTED_EDGE('',*,*,#1090,.T.);
#1455=ORIENTED_EDGE('',*,*,#1073,.F.);
#1456=ORIENTED_EDGE('',*,*,#1091,.T.);
#1457=ORIENTED_EDGE('',*,*,#1045,.F.);
#1458=ORIENTED_EDGE('',*,*,#1092,.T.);
#1459=ORIENTED_EDGE('',*,*,#1052,.F.);
#1460=ORIENTED_EDGE('',*,*,#1093,.T.);
#1461=ORIENTED_EDGE('',*,*,#1094,.F.);
#1462=ORIENTED_EDGE('',*,*,#1095,.T.);
#1463=ORIENTED_EDGE('',*,*,#1054,.F.);
#1464=ORIENTED_EDGE('',*,*,#1096,.T.);
#1465=ORIENTED_EDGE('',*,*,#1097,.F.);
#1466=ORIENTED_EDGE('',*,*,#1093,.F.);
#1467=ORIENTED_EDGE('',*,*,#1098,.T.);
#1468=ORIENTED_EDGE('',*,*,#1055,.F.);
#1469=ORIENTED_EDGE('',*,*,#1050,.F.);
#1470=ORIENTED_EDGE('',*,*,#1047,.F.);
#1471=ORIENTED_EDGE('',*,*,#1046,.F.);
#1472=ORIENTED_EDGE('',*,*,#1091,.F.);
#1473=ORIENTED_EDGE('',*,*,#1075,.F.);
#1474=ORIENTED_EDGE('',*,*,#1063,.F.);
#1475=ORIENTED_EDGE('',*,*,#1099,.T.);
#1476=ORIENTED_EDGE('',*,*,#1100,.F.);
#1477=ORIENTED_EDGE('',*,*,#1101,.T.);
#1478=ORIENTED_EDGE('',*,*,#1102,.F.);
#1479=ORIENTED_EDGE('',*,*,#1058,.F.);
#1480=ORIENTED_EDGE('',*,*,#1103,.F.);
#1481=ORIENTED_EDGE('',*,*,#1104,.F.);
#1482=ORIENTED_EDGE('',*,*,#1105,.F.);
#1483=ORIENTED_EDGE('',*,*,#1106,.F.);
#1484=ORIENTED_EDGE('',*,*,#1107,.F.);
#1485=ORIENTED_EDGE('',*,*,#1064,.F.);
#1486=ORIENTED_EDGE('',*,*,#1108,.F.);
#1487=ORIENTED_EDGE('',*,*,#1109,.F.);
#1488=ORIENTED_EDGE('',*,*,#1110,.F.);
#1489=ORIENTED_EDGE('',*,*,#1111,.F.);
#1490=ORIENTED_EDGE('',*,*,#1112,.F.);
#1491=ORIENTED_EDGE('',*,*,#1099,.F.);
#1492=ORIENTED_EDGE('',*,*,#1113,.T.);
#1493=ORIENTED_EDGE('',*,*,#1114,.T.);
#1494=ORIENTED_EDGE('',*,*,#1115,.T.);
#1495=ORIENTED_EDGE('',*,*,#1116,.T.);
#1496=ORIENTED_EDGE('',*,*,#1113,.F.);
#1497=ORIENTED_EDGE('',*,*,#1117,.T.);
#1498=ORIENTED_EDGE('',*,*,#1118,.T.);
#1499=ORIENTED_EDGE('',*,*,#1119,.T.);
#1500=ORIENTED_EDGE('',*,*,#1118,.F.);
#1501=ORIENTED_EDGE('',*,*,#1120,.T.);
#1502=ORIENTED_EDGE('',*,*,#1121,.T.);
#1503=ORIENTED_EDGE('',*,*,#1122,.T.);
#1504=ORIENTED_EDGE('',*,*,#1123,.T.);
#1505=ORIENTED_EDGE('',*,*,#1124,.T.);
#1506=ORIENTED_EDGE('',*,*,#1121,.F.);
#1507=ORIENTED_EDGE('',*,*,#1125,.T.);
#1508=ORIENTED_EDGE('',*,*,#1126,.T.);
#1509=ORIENTED_EDGE('',*,*,#1127,.T.);
#1510=ORIENTED_EDGE('',*,*,#1128,.T.);
#1511=ORIENTED_EDGE('',*,*,#1129,.T.);
#1512=ORIENTED_EDGE('',*,*,#1130,.T.);
#1513=ORIENTED_EDGE('',*,*,#1131,.T.);
#1514=ORIENTED_EDGE('',*,*,#1127,.F.);
#1515=ORIENTED_EDGE('',*,*,#1132,.T.);
#1516=ORIENTED_EDGE('',*,*,#1130,.F.);
#1517=ORIENTED_EDGE('',*,*,#1133,.T.);
#1518=ORIENTED_EDGE('',*,*,#1134,.T.);
#1519=ORIENTED_EDGE('',*,*,#1135,.T.);
#1520=ORIENTED_EDGE('',*,*,#1136,.T.);
#1521=ORIENTED_EDGE('',*,*,#1137,.T.);
#1522=ORIENTED_EDGE('',*,*,#1138,.T.);
#1523=ORIENTED_EDGE('',*,*,#1139,.T.);
#1524=ORIENTED_EDGE('',*,*,#1140,.T.);
#1525=ORIENTED_EDGE('',*,*,#1138,.F.);
#1526=ORIENTED_EDGE('',*,*,#1141,.T.);
#1527=ORIENTED_EDGE('',*,*,#1142,.F.);
#1528=ORIENTED_EDGE('',*,*,#1143,.T.);
#1529=ORIENTED_EDGE('',*,*,#1144,.T.);
#1530=ORIENTED_EDGE('',*,*,#1136,.F.);
#1531=ORIENTED_EDGE('',*,*,#1145,.T.);
#1532=ORIENTED_EDGE('',*,*,#1146,.T.);
#1533=ORIENTED_EDGE('',*,*,#1147,.T.);
#1534=ORIENTED_EDGE('',*,*,#1148,.T.);
#1535=ORIENTED_EDGE('',*,*,#1149,.T.);
#1536=ORIENTED_EDGE('',*,*,#1150,.T.);
#1537=ORIENTED_EDGE('',*,*,#1151,.T.);
#1538=ORIENTED_EDGE('',*,*,#1148,.F.);
#1539=ORIENTED_EDGE('',*,*,#1152,.T.);
#1540=ORIENTED_EDGE('',*,*,#1150,.F.);
#1541=ORIENTED_EDGE('',*,*,#1153,.T.);
#1542=ORIENTED_EDGE('',*,*,#1154,.T.);
#1543=ORIENTED_EDGE('',*,*,#1155,.T.);
#1544=ORIENTED_EDGE('',*,*,#1156,.T.);
#1545=ORIENTED_EDGE('',*,*,#1157,.T.);
#1546=ORIENTED_EDGE('',*,*,#1154,.F.);
#1547=ORIENTED_EDGE('',*,*,#1158,.T.);
#1548=ORIENTED_EDGE('',*,*,#1146,.F.);
#1549=ORIENTED_EDGE('',*,*,#1159,.T.);
#1550=ORIENTED_EDGE('',*,*,#1134,.F.);
#1551=ORIENTED_EDGE('',*,*,#1160,.T.);
#1552=ORIENTED_EDGE('',*,*,#1143,.F.);
#1553=ORIENTED_EDGE('',*,*,#1161,.T.);
#1554=ORIENTED_EDGE('',*,*,#1115,.F.);
#1555=ORIENTED_EDGE('',*,*,#1162,.T.);
#1556=ORIENTED_EDGE('',*,*,#1163,.F.);
#1557=ORIENTED_EDGE('',*,*,#1128,.F.);
#1558=ORIENTED_EDGE('',*,*,#1164,.F.);
#1559=ORIENTED_EDGE('',*,*,#1165,.F.);
#1560=ORIENTED_EDGE('',*,*,#1166,.F.);
#1561=ORIENTED_EDGE('',*,*,#1167,.F.);
#1562=ORIENTED_EDGE('',*,*,#1168,.F.);
#1563=ORIENTED_EDGE('',*,*,#1140,.F.);
#1564=ORIENTED_EDGE('',*,*,#1169,.F.);
#1565=ORIENTED_EDGE('',*,*,#1170,.F.);
#1566=ORIENTED_EDGE('',*,*,#1171,.F.);
#1567=ORIENTED_EDGE('',*,*,#1172,.F.);
#1568=ORIENTED_EDGE('',*,*,#1173,.F.);
#1569=ORIENTED_EDGE('',*,*,#1174,.F.);
#1570=ORIENTED_EDGE('',*,*,#1131,.F.);
#1571=ORIENTED_EDGE('',*,*,#1135,.F.);
#1572=ORIENTED_EDGE('',*,*,#1159,.F.);
#1573=ORIENTED_EDGE('',*,*,#1149,.F.);
#1574=ORIENTED_EDGE('',*,*,#1151,.F.);
#1575=ORIENTED_EDGE('',*,*,#1155,.F.);
#1576=ORIENTED_EDGE('',*,*,#1157,.F.);
#1577=ORIENTED_EDGE('',*,*,#1175,.T.);
#1578=ORIENTED_EDGE('',*,*,#1176,.T.);
#1579=ORIENTED_EDGE('',*,*,#1177,.F.);
#1580=ORIENTED_EDGE('',*,*,#1164,.T.);
#1581=ORIENTED_EDGE('',*,*,#1158,.F.);
#1582=ORIENTED_EDGE('',*,*,#1178,.F.);
#1583=ORIENTED_EDGE('',*,*,#1179,.F.);
#1584=ORIENTED_EDGE('',*,*,#1180,.T.);
#1585=ORIENTED_EDGE('',*,*,#1153,.F.);
#1586=ORIENTED_EDGE('',*,*,#1181,.T.);
#1587=ORIENTED_EDGE('',*,*,#1182,.F.);
#1588=ORIENTED_EDGE('',*,*,#1178,.T.);
#1589=ORIENTED_EDGE('',*,*,#1152,.F.);
#1590=ORIENTED_EDGE('',*,*,#1183,.T.);
#1591=ORIENTED_EDGE('',*,*,#1184,.F.);
#1592=ORIENTED_EDGE('',*,*,#1181,.F.);
#1593=ORIENTED_EDGE('',*,*,#1147,.F.);
#1594=ORIENTED_EDGE('',*,*,#1185,.T.);
#1595=ORIENTED_EDGE('',*,*,#1186,.F.);
#1596=ORIENTED_EDGE('',*,*,#1183,.F.);
#1597=ORIENTED_EDGE('',*,*,#1187,.T.);
#1598=ORIENTED_EDGE('',*,*,#1166,.T.);
#1599=ORIENTED_EDGE('',*,*,#1188,.T.);
#1600=ORIENTED_EDGE('',*,*,#1189,.T.);
#1601=ORIENTED_EDGE('',*,*,#1190,.T.);
#1602=ORIENTED_EDGE('',*,*,#1191,.T.);
#1603=ORIENTED_EDGE('',*,*,#1188,.F.);
#1604=ORIENTED_EDGE('',*,*,#1165,.T.);
#1605=ORIENTED_EDGE('',*,*,#1192,.T.);
#1606=ORIENTED_EDGE('',*,*,#1193,.T.);
#1607=ORIENTED_EDGE('',*,*,#1190,.F.);
#1608=ORIENTED_EDGE('',*,*,#1177,.T.);
#1609=ORIENTED_EDGE('',*,*,#1194,.T.);
#1610=ORIENTED_EDGE('',*,*,#1195,.T.);
#1611=ORIENTED_EDGE('',*,*,#1192,.F.);
#1612=ORIENTED_EDGE('',*,*,#1196,.T.);
#1613=ORIENTED_EDGE('',*,*,#1197,.T.);
#1614=ORIENTED_EDGE('',*,*,#1198,.T.);
#1615=ORIENTED_EDGE('',*,*,#1194,.F.);
#1616=ORIENTED_EDGE('',*,*,#1100,.T.);
#1617=ORIENTED_EDGE('',*,*,#1199,.T.);
#1618=ORIENTED_EDGE('',*,*,#1200,.T.);
#1619=ORIENTED_EDGE('',*,*,#1197,.F.);
#1620=ORIENTED_EDGE('',*,*,#1112,.T.);
#1621=ORIENTED_EDGE('',*,*,#1201,.T.);
#1622=ORIENTED_EDGE('',*,*,#1202,.T.);
#1623=ORIENTED_EDGE('',*,*,#1199,.F.);
#1624=ORIENTED_EDGE('',*,*,#1111,.T.);
#1625=ORIENTED_EDGE('',*,*,#1203,.T.);
#1626=ORIENTED_EDGE('',*,*,#1204,.T.);
#1627=ORIENTED_EDGE('',*,*,#1201,.F.);
#1628=ORIENTED_EDGE('',*,*,#1110,.T.);
#1629=ORIENTED_EDGE('',*,*,#1205,.T.);
#1630=ORIENTED_EDGE('',*,*,#1206,.T.);
#1631=ORIENTED_EDGE('',*,*,#1203,.F.);
#1632=ORIENTED_EDGE('',*,*,#1109,.T.);
#1633=ORIENTED_EDGE('',*,*,#1207,.T.);
#1634=ORIENTED_EDGE('',*,*,#1208,.T.);
#1635=ORIENTED_EDGE('',*,*,#1205,.F.);
#1636=ORIENTED_EDGE('',*,*,#1108,.T.);
#1637=ORIENTED_EDGE('',*,*,#1066,.T.);
#1638=ORIENTED_EDGE('',*,*,#1209,.T.);
#1639=ORIENTED_EDGE('',*,*,#1059,.F.);
#1640=ORIENTED_EDGE('',*,*,#1102,.T.);
#1641=ORIENTED_EDGE('',*,*,#1210,.T.);
#1642=ORIENTED_EDGE('',*,*,#1211,.T.);
#1643=ORIENTED_EDGE('',*,*,#1207,.F.);
#1644=ORIENTED_EDGE('',*,*,#1107,.T.);
#1645=ORIENTED_EDGE('',*,*,#1212,.T.);
#1646=ORIENTED_EDGE('',*,*,#1213,.T.);
#1647=ORIENTED_EDGE('',*,*,#1210,.F.);
#1648=ORIENTED_EDGE('',*,*,#1106,.T.);
#1649=ORIENTED_EDGE('',*,*,#1214,.T.);
#1650=ORIENTED_EDGE('',*,*,#1215,.T.);
#1651=ORIENTED_EDGE('',*,*,#1212,.F.);
#1652=ORIENTED_EDGE('',*,*,#1105,.T.);
#1653=ORIENTED_EDGE('',*,*,#1216,.T.);
#1654=ORIENTED_EDGE('',*,*,#1217,.T.);
#1655=ORIENTED_EDGE('',*,*,#1214,.F.);
#1656=ORIENTED_EDGE('',*,*,#1104,.T.);
#1657=ORIENTED_EDGE('',*,*,#1218,.T.);
#1658=ORIENTED_EDGE('',*,*,#1219,.T.);
#1659=ORIENTED_EDGE('',*,*,#1216,.F.);
#1660=ORIENTED_EDGE('',*,*,#1220,.T.);
#1661=ORIENTED_EDGE('',*,*,#1221,.T.);
#1662=ORIENTED_EDGE('',*,*,#1222,.T.);
#1663=ORIENTED_EDGE('',*,*,#1218,.F.);
#1664=ORIENTED_EDGE('',*,*,#1223,.T.);
#1665=ORIENTED_EDGE('',*,*,#1224,.T.);
#1666=ORIENTED_EDGE('',*,*,#1225,.T.);
#1667=ORIENTED_EDGE('',*,*,#1221,.F.);
#1668=ORIENTED_EDGE('',*,*,#1226,.T.);
#1669=ORIENTED_EDGE('',*,*,#1227,.T.);
#1670=ORIENTED_EDGE('',*,*,#1228,.T.);
#1671=ORIENTED_EDGE('',*,*,#1224,.F.);
#1672=ORIENTED_EDGE('',*,*,#1173,.T.);
#1673=ORIENTED_EDGE('',*,*,#1229,.T.);
#1674=ORIENTED_EDGE('',*,*,#1230,.T.);
#1675=ORIENTED_EDGE('',*,*,#1227,.F.);
#1676=ORIENTED_EDGE('',*,*,#1172,.T.);
#1677=ORIENTED_EDGE('',*,*,#1231,.T.);
#1678=ORIENTED_EDGE('',*,*,#1232,.T.);
#1679=ORIENTED_EDGE('',*,*,#1229,.F.);
#1680=ORIENTED_EDGE('',*,*,#1171,.T.);
#1681=ORIENTED_EDGE('',*,*,#1233,.T.);
#1682=ORIENTED_EDGE('',*,*,#1234,.T.);
#1683=ORIENTED_EDGE('',*,*,#1231,.F.);
#1684=ORIENTED_EDGE('',*,*,#1170,.T.);
#1685=ORIENTED_EDGE('',*,*,#1235,.T.);
#1686=ORIENTED_EDGE('',*,*,#1236,.T.);
#1687=ORIENTED_EDGE('',*,*,#1233,.F.);
#1688=ORIENTED_EDGE('',*,*,#1169,.T.);
#1689=ORIENTED_EDGE('',*,*,#1142,.T.);
#1690=ORIENTED_EDGE('',*,*,#1237,.T.);
#1691=ORIENTED_EDGE('',*,*,#1129,.F.);
#1692=ORIENTED_EDGE('',*,*,#1163,.T.);
#1693=ORIENTED_EDGE('',*,*,#1238,.T.);
#1694=ORIENTED_EDGE('',*,*,#1239,.T.);
#1695=ORIENTED_EDGE('',*,*,#1235,.F.);
#1696=ORIENTED_EDGE('',*,*,#1168,.T.);
#1697=ORIENTED_EDGE('',*,*,#1187,.F.);
#1698=ORIENTED_EDGE('',*,*,#1240,.T.);
#1699=ORIENTED_EDGE('',*,*,#1238,.F.);
#1700=ORIENTED_EDGE('',*,*,#1167,.T.);
#1701=ORIENTED_EDGE('',*,*,#1196,.F.);
#1702=ORIENTED_EDGE('',*,*,#1176,.F.);
#1703=ORIENTED_EDGE('',*,*,#1241,.T.);
#1704=ORIENTED_EDGE('',*,*,#1101,.F.);
#1705=ORIENTED_EDGE('',*,*,#1217,.F.);
#1706=ORIENTED_EDGE('',*,*,#1219,.F.);
#1707=ORIENTED_EDGE('',*,*,#1222,.F.);
#1708=ORIENTED_EDGE('',*,*,#1225,.F.);
#1709=ORIENTED_EDGE('',*,*,#1228,.F.);
#1710=ORIENTED_EDGE('',*,*,#1242,.F.);
#1711=ORIENTED_EDGE('',*,*,#1243,.T.);
#1712=ORIENTED_EDGE('',*,*,#1244,.T.);
#1713=ORIENTED_EDGE('',*,*,#1245,.T.);
#1714=ORIENTED_EDGE('',*,*,#1246,.T.);
#1715=ORIENTED_EDGE('',*,*,#1247,.T.);
#1716=ORIENTED_EDGE('',*,*,#1248,.T.);
#1717=ORIENTED_EDGE('',*,*,#1249,.T.);
#1718=ORIENTED_EDGE('',*,*,#1250,.T.);
#1719=ORIENTED_EDGE('',*,*,#1251,.T.);
#1720=ORIENTED_EDGE('',*,*,#1252,.T.);
#1721=ORIENTED_EDGE('',*,*,#1247,.F.);
#1722=ORIENTED_EDGE('',*,*,#1253,.T.);
#1723=ORIENTED_EDGE('',*,*,#1254,.T.);
#1724=ORIENTED_EDGE('',*,*,#1255,.T.);
#1725=ORIENTED_EDGE('',*,*,#1256,.T.);
#1726=ORIENTED_EDGE('',*,*,#1257,.T.);
#1727=ORIENTED_EDGE('',*,*,#1258,.T.);
#1728=ORIENTED_EDGE('',*,*,#1259,.T.);
#1729=ORIENTED_EDGE('',*,*,#1254,.F.);
#1730=ORIENTED_EDGE('',*,*,#1260,.T.);
#1731=ORIENTED_EDGE('',*,*,#1261,.T.);
#1732=ORIENTED_EDGE('',*,*,#1262,.T.);
#1733=ORIENTED_EDGE('',*,*,#1258,.F.);
#1734=ORIENTED_EDGE('',*,*,#1263,.T.);
#1735=ORIENTED_EDGE('',*,*,#1264,.T.);
#1736=ORIENTED_EDGE('',*,*,#1265,.T.);
#1737=ORIENTED_EDGE('',*,*,#1261,.F.);
#1738=ORIENTED_EDGE('',*,*,#1266,.T.);
#1739=ORIENTED_EDGE('',*,*,#1267,.T.);
#1740=ORIENTED_EDGE('',*,*,#1268,.T.);
#1741=ORIENTED_EDGE('',*,*,#1264,.F.);
#1742=ORIENTED_EDGE('',*,*,#1269,.T.);
#1743=ORIENTED_EDGE('',*,*,#1270,.T.);
#1744=ORIENTED_EDGE('',*,*,#1271,.T.);
#1745=ORIENTED_EDGE('',*,*,#1267,.F.);
#1746=ORIENTED_EDGE('',*,*,#1272,.T.);
#1747=ORIENTED_EDGE('',*,*,#1273,.T.);
#1748=ORIENTED_EDGE('',*,*,#1274,.T.);
#1749=ORIENTED_EDGE('',*,*,#1270,.F.);
#1750=ORIENTED_EDGE('',*,*,#1275,.T.);
#1751=ORIENTED_EDGE('',*,*,#1276,.T.);
#1752=ORIENTED_EDGE('',*,*,#1277,.T.);
#1753=ORIENTED_EDGE('',*,*,#1273,.F.);
#1754=ORIENTED_EDGE('',*,*,#1278,.T.);
#1755=ORIENTED_EDGE('',*,*,#1279,.T.);
#1756=ORIENTED_EDGE('',*,*,#1280,.T.);
#1757=ORIENTED_EDGE('',*,*,#1276,.F.);
#1758=ORIENTED_EDGE('',*,*,#1281,.T.);
#1759=ORIENTED_EDGE('',*,*,#1282,.T.);
#1760=ORIENTED_EDGE('',*,*,#1283,.T.);
#1761=ORIENTED_EDGE('',*,*,#1279,.F.);
#1762=ORIENTED_EDGE('',*,*,#1284,.T.);
#1763=ORIENTED_EDGE('',*,*,#1256,.F.);
#1764=ORIENTED_EDGE('',*,*,#1285,.T.);
#1765=ORIENTED_EDGE('',*,*,#1251,.F.);
#1766=ORIENTED_EDGE('',*,*,#1286,.T.);
#1767=ORIENTED_EDGE('',*,*,#1287,.T.);
#1768=ORIENTED_EDGE('',*,*,#1288,.T.);
#1769=ORIENTED_EDGE('',*,*,#1289,.T.);
#1770=ORIENTED_EDGE('',*,*,#1290,.T.);
#1771=ORIENTED_EDGE('',*,*,#1287,.F.);
#1772=ORIENTED_EDGE('',*,*,#1291,.T.);
#1773=ORIENTED_EDGE('',*,*,#1282,.F.);
#1774=ORIENTED_EDGE('',*,*,#1292,.T.);
#1775=ORIENTED_EDGE('',*,*,#1249,.F.);
#1776=ORIENTED_EDGE('',*,*,#1293,.T.);
#1777=ORIENTED_EDGE('',*,*,#1243,.F.);
#1778=ORIENTED_EDGE('',*,*,#1294,.T.);
#1779=ORIENTED_EDGE('',*,*,#1124,.F.);
#1780=ORIENTED_EDGE('',*,*,#1295,.F.);
#1781=ORIENTED_EDGE('',*,*,#1244,.F.);
#1782=ORIENTED_EDGE('',*,*,#1296,.F.);
#1783=ORIENTED_EDGE('',*,*,#1122,.F.);
#1784=ORIENTED_EDGE('',*,*,#1296,.T.);
#1785=ORIENTED_EDGE('',*,*,#1293,.F.);
#1786=ORIENTED_EDGE('',*,*,#1297,.T.);
#1787=ORIENTED_EDGE('',*,*,#1119,.F.);
#1788=ORIENTED_EDGE('',*,*,#1297,.F.);
#1789=ORIENTED_EDGE('',*,*,#1248,.F.);
#1790=ORIENTED_EDGE('',*,*,#1298,.T.);
#1791=ORIENTED_EDGE('',*,*,#1114,.F.);
#1792=ORIENTED_EDGE('',*,*,#1298,.F.);
#1793=ORIENTED_EDGE('',*,*,#1252,.F.);
#1794=ORIENTED_EDGE('',*,*,#1299,.T.);
#1795=ORIENTED_EDGE('',*,*,#1162,.F.);
#1796=ORIENTED_EDGE('',*,*,#1299,.F.);
#1797=ORIENTED_EDGE('',*,*,#1285,.F.);
#1798=ORIENTED_EDGE('',*,*,#1300,.T.);
#1799=ORIENTED_EDGE('',*,*,#1144,.F.);
#1800=ORIENTED_EDGE('',*,*,#1300,.F.);
#1801=ORIENTED_EDGE('',*,*,#1255,.F.);
#1802=ORIENTED_EDGE('',*,*,#1301,.T.);
#1803=ORIENTED_EDGE('',*,*,#1056,.F.);
#1804=ORIENTED_EDGE('',*,*,#1302,.F.);
#1805=ORIENTED_EDGE('',*,*,#1141,.F.);
#1806=ORIENTED_EDGE('',*,*,#1137,.F.);
#1807=ORIENTED_EDGE('',*,*,#1301,.F.);
#1808=ORIENTED_EDGE('',*,*,#1259,.F.);
#1809=ORIENTED_EDGE('',*,*,#1262,.F.);
#1810=ORIENTED_EDGE('',*,*,#1265,.F.);
#1811=ORIENTED_EDGE('',*,*,#1268,.F.);
#1812=ORIENTED_EDGE('',*,*,#1271,.F.);
#1813=ORIENTED_EDGE('',*,*,#1303,.F.);
#1814=ORIENTED_EDGE('',*,*,#1069,.F.);
#1815=ORIENTED_EDGE('',*,*,#1070,.F.);
#1816=ORIENTED_EDGE('',*,*,#1303,.T.);
#1817=ORIENTED_EDGE('',*,*,#1274,.F.);
#1818=ORIENTED_EDGE('',*,*,#1304,.F.);
#1819=ORIENTED_EDGE('',*,*,#1090,.F.);
#1820=ORIENTED_EDGE('',*,*,#1304,.T.);
#1821=ORIENTED_EDGE('',*,*,#1277,.F.);
#1822=ORIENTED_EDGE('',*,*,#1305,.F.);
#1823=ORIENTED_EDGE('',*,*,#1077,.F.);
#1824=ORIENTED_EDGE('',*,*,#1305,.T.);
#1825=ORIENTED_EDGE('',*,*,#1280,.F.);
#1826=ORIENTED_EDGE('',*,*,#1306,.F.);
#1827=ORIENTED_EDGE('',*,*,#1082,.F.);
#1828=ORIENTED_EDGE('',*,*,#1306,.T.);
#1829=ORIENTED_EDGE('',*,*,#1283,.F.);
#1830=ORIENTED_EDGE('',*,*,#1307,.F.);
#1831=ORIENTED_EDGE('',*,*,#1083,.F.);
#1832=ORIENTED_EDGE('',*,*,#1307,.T.);
#1833=ORIENTED_EDGE('',*,*,#1291,.F.);
#1834=ORIENTED_EDGE('',*,*,#1308,.T.);
#1835=ORIENTED_EDGE('',*,*,#1088,.F.);
#1836=ORIENTED_EDGE('',*,*,#1308,.F.);
#1837=ORIENTED_EDGE('',*,*,#1290,.F.);
#1838=ORIENTED_EDGE('',*,*,#1309,.F.);
#1839=ORIENTED_EDGE('',*,*,#1310,.T.);
#1840=ORIENTED_EDGE('',*,*,#1097,.T.);
#1841=ORIENTED_EDGE('',*,*,#1311,.T.);
#1842=ORIENTED_EDGE('',*,*,#1312,.T.);
#1843=ORIENTED_EDGE('',*,*,#1313,.T.);
#1844=ORIENTED_EDGE('',*,*,#1314,.T.);
#1845=ORIENTED_EDGE('',*,*,#1315,.T.);
#1846=ORIENTED_EDGE('',*,*,#1316,.T.);
#1847=ORIENTED_EDGE('',*,*,#1317,.T.);
#1848=ORIENTED_EDGE('',*,*,#1318,.T.);
#1849=ORIENTED_EDGE('',*,*,#1313,.F.);
#1850=ORIENTED_EDGE('',*,*,#1319,.T.);
#1851=ORIENTED_EDGE('',*,*,#1320,.T.);
#1852=ORIENTED_EDGE('',*,*,#1321,.T.);
#1853=ORIENTED_EDGE('',*,*,#1317,.F.);
#1854=ORIENTED_EDGE('',*,*,#1322,.T.);
#1855=ORIENTED_EDGE('',*,*,#1323,.T.);
#1856=ORIENTED_EDGE('',*,*,#1324,.T.);
#1857=ORIENTED_EDGE('',*,*,#1320,.F.);
#1858=ORIENTED_EDGE('',*,*,#1325,.T.);
#1859=ORIENTED_EDGE('',*,*,#1326,.T.);
#1860=ORIENTED_EDGE('',*,*,#1327,.T.);
#1861=ORIENTED_EDGE('',*,*,#1323,.F.);
#1862=ORIENTED_EDGE('',*,*,#1328,.T.);
#1863=ORIENTED_EDGE('',*,*,#1329,.T.);
#1864=ORIENTED_EDGE('',*,*,#1330,.T.);
#1865=ORIENTED_EDGE('',*,*,#1326,.F.);
#1866=ORIENTED_EDGE('',*,*,#1331,.T.);
#1867=ORIENTED_EDGE('',*,*,#1332,.T.);
#1868=ORIENTED_EDGE('',*,*,#1333,.T.);
#1869=ORIENTED_EDGE('',*,*,#1334,.T.);
#1870=ORIENTED_EDGE('',*,*,#1329,.F.);
#1871=ORIENTED_EDGE('',*,*,#1335,.T.);
#1872=ORIENTED_EDGE('',*,*,#1336,.T.);
#1873=ORIENTED_EDGE('',*,*,#1337,.T.);
#1874=ORIENTED_EDGE('',*,*,#1332,.F.);
#1875=ORIENTED_EDGE('',*,*,#1338,.T.);
#1876=ORIENTED_EDGE('',*,*,#1339,.T.);
#1877=ORIENTED_EDGE('',*,*,#1340,.T.);
#1878=ORIENTED_EDGE('',*,*,#1341,.T.);
#1879=ORIENTED_EDGE('',*,*,#1342,.T.);
#1880=ORIENTED_EDGE('',*,*,#1343,.T.);
#1881=ORIENTED_EDGE('',*,*,#1344,.T.);
#1882=ORIENTED_EDGE('',*,*,#1339,.F.);
#1883=ORIENTED_EDGE('',*,*,#1345,.T.);
#1884=ORIENTED_EDGE('',*,*,#1346,.T.);
#1885=ORIENTED_EDGE('',*,*,#1186,.T.);
#1886=ORIENTED_EDGE('',*,*,#1343,.F.);
#1887=ORIENTED_EDGE('',*,*,#1347,.T.);
#1888=ORIENTED_EDGE('',*,*,#1348,.T.);
#1889=ORIENTED_EDGE('',*,*,#1184,.T.);
#1890=ORIENTED_EDGE('',*,*,#1346,.F.);
#1891=ORIENTED_EDGE('',*,*,#1349,.T.);
#1892=ORIENTED_EDGE('',*,*,#1341,.F.);
#1893=ORIENTED_EDGE('',*,*,#1350,.T.);
#1894=ORIENTED_EDGE('',*,*,#1336,.F.);
#1895=ORIENTED_EDGE('',*,*,#1351,.T.);
#1896=ORIENTED_EDGE('',*,*,#1352,.T.);
#1897=ORIENTED_EDGE('',*,*,#1353,.T.);
#1898=ORIENTED_EDGE('',*,*,#1354,.T.);
#1899=ORIENTED_EDGE('',*,*,#1179,.T.);
#1900=ORIENTED_EDGE('',*,*,#1352,.F.);
#1901=ORIENTED_EDGE('',*,*,#1182,.T.);
#1902=ORIENTED_EDGE('',*,*,#1348,.F.);
#1903=ORIENTED_EDGE('',*,*,#1355,.T.);
#1904=ORIENTED_EDGE('',*,*,#1315,.F.);
#1905=ORIENTED_EDGE('',*,*,#1094,.T.);
#1906=ORIENTED_EDGE('',*,*,#1310,.F.);
#1907=ORIENTED_EDGE('',*,*,#1356,.T.);
#1908=ORIENTED_EDGE('',*,*,#1049,.F.);
#1909=ORIENTED_EDGE('',*,*,#1095,.F.);
#1910=ORIENTED_EDGE('',*,*,#1314,.F.);
#1911=ORIENTED_EDGE('',*,*,#1357,.T.);
#1912=ORIENTED_EDGE('',*,*,#1044,.F.);
#1913=ORIENTED_EDGE('',*,*,#1357,.F.);
#1914=ORIENTED_EDGE('',*,*,#1318,.F.);
#1915=ORIENTED_EDGE('',*,*,#1358,.T.);
#1916=ORIENTED_EDGE('',*,*,#1092,.F.);
#1917=ORIENTED_EDGE('',*,*,#1358,.F.);
#1918=ORIENTED_EDGE('',*,*,#1321,.F.);
#1919=ORIENTED_EDGE('',*,*,#1359,.T.);
#1920=ORIENTED_EDGE('',*,*,#1074,.F.);
#1921=ORIENTED_EDGE('',*,*,#1359,.F.);
#1922=ORIENTED_EDGE('',*,*,#1324,.F.);
#1923=ORIENTED_EDGE('',*,*,#1360,.T.);
#1924=ORIENTED_EDGE('',*,*,#1126,.F.);
#1925=ORIENTED_EDGE('',*,*,#1361,.T.);
#1926=ORIENTED_EDGE('',*,*,#1333,.F.);
#1927=ORIENTED_EDGE('',*,*,#1337,.F.);
#1928=ORIENTED_EDGE('',*,*,#1350,.F.);
#1929=ORIENTED_EDGE('',*,*,#1362,.F.);
#1930=ORIENTED_EDGE('',*,*,#1132,.F.);
#1931=ORIENTED_EDGE('',*,*,#1061,.F.);
#1932=ORIENTED_EDGE('',*,*,#1360,.F.);
#1933=ORIENTED_EDGE('',*,*,#1327,.F.);
#1934=ORIENTED_EDGE('',*,*,#1330,.F.);
#1935=ORIENTED_EDGE('',*,*,#1334,.F.);
#1936=ORIENTED_EDGE('',*,*,#1363,.T.);
#1937=ORIENTED_EDGE('',*,*,#1065,.F.);
#1938=ORIENTED_EDGE('',*,*,#1133,.F.);
#1939=ORIENTED_EDGE('',*,*,#1362,.T.);
#1940=ORIENTED_EDGE('',*,*,#1340,.F.);
#1941=ORIENTED_EDGE('',*,*,#1364,.F.);
#1942=ORIENTED_EDGE('',*,*,#1160,.F.);
#1943=ORIENTED_EDGE('',*,*,#1364,.T.);
#1944=ORIENTED_EDGE('',*,*,#1344,.F.);
#1945=ORIENTED_EDGE('',*,*,#1185,.F.);
#1946=ORIENTED_EDGE('',*,*,#1312,.F.);
#1947=ORIENTED_EDGE('',*,*,#1365,.T.);
#1948=ORIENTED_EDGE('',*,*,#1366,.F.);
#1949=ORIENTED_EDGE('',*,*,#1328,.F.);
#1950=ORIENTED_EDGE('',*,*,#1325,.F.);
#1951=ORIENTED_EDGE('',*,*,#1322,.F.);
#1952=ORIENTED_EDGE('',*,*,#1319,.F.);
#1953=ORIENTED_EDGE('',*,*,#1316,.F.);
#1954=ORIENTED_EDGE('',*,*,#1356,.F.);
#1955=ORIENTED_EDGE('',*,*,#1367,.T.);
#1956=ORIENTED_EDGE('',*,*,#1368,.T.);
#1957=ORIENTED_EDGE('',*,*,#1220,.F.);
#1958=ORIENTED_EDGE('',*,*,#1103,.T.);
#1959=ORIENTED_EDGE('',*,*,#1068,.F.);
#1960=ORIENTED_EDGE('',*,*,#1072,.F.);
#1961=ORIENTED_EDGE('',*,*,#1089,.F.);
#1962=ORIENTED_EDGE('',*,*,#1079,.F.);
#1963=ORIENTED_EDGE('',*,*,#1081,.F.);
#1964=ORIENTED_EDGE('',*,*,#1085,.F.);
#1965=ORIENTED_EDGE('',*,*,#1087,.F.);
#1966=ORIENTED_EDGE('',*,*,#1246,.F.);
#1967=ORIENTED_EDGE('',*,*,#1369,.F.);
#1968=ORIENTED_EDGE('',*,*,#1370,.F.);
#1969=ORIENTED_EDGE('',*,*,#1260,.F.);
#1970=ORIENTED_EDGE('',*,*,#1257,.F.);
#1971=ORIENTED_EDGE('',*,*,#1286,.F.);
#1972=ORIENTED_EDGE('',*,*,#1253,.F.);
#1973=ORIENTED_EDGE('',*,*,#1250,.F.);
#1974=ORIENTED_EDGE('',*,*,#1294,.F.);
#1975=ORIENTED_EDGE('',*,*,#1331,.F.);
#1976=ORIENTED_EDGE('',*,*,#1366,.T.);
#1977=ORIENTED_EDGE('',*,*,#1371,.T.);
#1978=ORIENTED_EDGE('',*,*,#1372,.T.);
#1979=ORIENTED_EDGE('',*,*,#1335,.F.);
#1980=ORIENTED_EDGE('',*,*,#1372,.F.);
#1981=ORIENTED_EDGE('',*,*,#1373,.T.);
#1982=ORIENTED_EDGE('',*,*,#1374,.F.);
#1983=ORIENTED_EDGE('',*,*,#1338,.F.);
#1984=ORIENTED_EDGE('',*,*,#1374,.T.);
#1985=ORIENTED_EDGE('',*,*,#1375,.T.);
#1986=ORIENTED_EDGE('',*,*,#1376,.T.);
#1987=ORIENTED_EDGE('',*,*,#1263,.F.);
#1988=ORIENTED_EDGE('',*,*,#1370,.T.);
#1989=ORIENTED_EDGE('',*,*,#1377,.T.);
#1990=ORIENTED_EDGE('',*,*,#1378,.T.);
#1991=ORIENTED_EDGE('',*,*,#1266,.F.);
#1992=ORIENTED_EDGE('',*,*,#1378,.F.);
#1993=ORIENTED_EDGE('',*,*,#1379,.F.);
#1994=ORIENTED_EDGE('',*,*,#1380,.F.);
#1995=ORIENTED_EDGE('',*,*,#1269,.F.);
#1996=ORIENTED_EDGE('',*,*,#1380,.T.);
#1997=ORIENTED_EDGE('',*,*,#1381,.T.);
#1998=ORIENTED_EDGE('',*,*,#1382,.T.);
#1999=ORIENTED_EDGE('',*,*,#1215,.F.);
#2000=ORIENTED_EDGE('',*,*,#1242,.T.);
#2001=ORIENTED_EDGE('',*,*,#1230,.F.);
#2002=ORIENTED_EDGE('',*,*,#1383,.T.);
#2003=ORIENTED_EDGE('',*,*,#1213,.F.);
#2004=ORIENTED_EDGE('',*,*,#1383,.F.);
#2005=ORIENTED_EDGE('',*,*,#1232,.F.);
#2006=ORIENTED_EDGE('',*,*,#1384,.F.);
#2007=ORIENTED_EDGE('',*,*,#1202,.F.);
#2008=ORIENTED_EDGE('',*,*,#1385,.T.);
#2009=ORIENTED_EDGE('',*,*,#1189,.F.);
#2010=ORIENTED_EDGE('',*,*,#1386,.T.);
#2011=ORIENTED_EDGE('',*,*,#1204,.F.);
#2012=ORIENTED_EDGE('',*,*,#1387,.F.);
#2013=ORIENTED_EDGE('',*,*,#1240,.F.);
#2014=ORIENTED_EDGE('',*,*,#1385,.F.);
#2015=ORIENTED_EDGE('',*,*,#1206,.F.);
#2016=ORIENTED_EDGE('',*,*,#1388,.T.);
#2017=ORIENTED_EDGE('',*,*,#1239,.F.);
#2018=ORIENTED_EDGE('',*,*,#1387,.T.);
#2019=ORIENTED_EDGE('',*,*,#1208,.F.);
#2020=ORIENTED_EDGE('',*,*,#1389,.F.);
#2021=ORIENTED_EDGE('',*,*,#1236,.F.);
#2022=ORIENTED_EDGE('',*,*,#1388,.F.);
#2023=ORIENTED_EDGE('',*,*,#1211,.F.);
#2024=ORIENTED_EDGE('',*,*,#1384,.T.);
#2025=ORIENTED_EDGE('',*,*,#1234,.F.);
#2026=ORIENTED_EDGE('',*,*,#1389,.T.);
#2027=ORIENTED_EDGE('',*,*,#1272,.F.);
#2028=ORIENTED_EDGE('',*,*,#1382,.F.);
#2029=ORIENTED_EDGE('',*,*,#1390,.F.);
#2030=ORIENTED_EDGE('',*,*,#1288,.F.);
#2031=ORIENTED_EDGE('',*,*,#1292,.F.);
#2032=ORIENTED_EDGE('',*,*,#1284,.F.);
#2033=ORIENTED_EDGE('',*,*,#1281,.F.);
#2034=ORIENTED_EDGE('',*,*,#1278,.F.);
#2035=ORIENTED_EDGE('',*,*,#1275,.F.);
#2036=ORIENTED_EDGE('',*,*,#1139,.F.);
#2037=ORIENTED_EDGE('',*,*,#1174,.T.);
#2038=ORIENTED_EDGE('',*,*,#1226,.F.);
#2039=ORIENTED_EDGE('',*,*,#1391,.T.);
#2040=ORIENTED_EDGE('',*,*,#1392,.T.);
#2041=ORIENTED_EDGE('',*,*,#1125,.F.);
#2042=ORIENTED_EDGE('',*,*,#1120,.F.);
#2043=ORIENTED_EDGE('',*,*,#1117,.F.);
#2044=ORIENTED_EDGE('',*,*,#1116,.F.);
#2045=ORIENTED_EDGE('',*,*,#1161,.F.);
#2046=ORIENTED_EDGE('',*,*,#1145,.F.);
#2047=ORIENTED_EDGE('',*,*,#1392,.F.);
#2048=ORIENTED_EDGE('',*,*,#1393,.F.);
#2049=ORIENTED_EDGE('',*,*,#1367,.F.);
#2050=ORIENTED_EDGE('',*,*,#1086,.F.);
#2051=ORIENTED_EDGE('',*,*,#1309,.T.);
#2052=ORIENTED_EDGE('',*,*,#1289,.F.);
#2053=ORIENTED_EDGE('',*,*,#1390,.T.);
#2054=ORIENTED_EDGE('',*,*,#1381,.F.);
#2055=ORIENTED_EDGE('',*,*,#1379,.T.);
#2056=ORIENTED_EDGE('',*,*,#1377,.F.);
#2057=ORIENTED_EDGE('',*,*,#1369,.T.);
#2058=ORIENTED_EDGE('',*,*,#1245,.F.);
#2059=ORIENTED_EDGE('',*,*,#1295,.T.);
#2060=ORIENTED_EDGE('',*,*,#1123,.F.);
#2061=ORIENTED_EDGE('',*,*,#1223,.F.);
#2062=ORIENTED_EDGE('',*,*,#1368,.F.);
#2063=ORIENTED_EDGE('',*,*,#1393,.T.);
#2064=ORIENTED_EDGE('',*,*,#1391,.F.);
#2065=ORIENTED_EDGE('',*,*,#1175,.F.);
#2066=ORIENTED_EDGE('',*,*,#1156,.F.);
#2067=ORIENTED_EDGE('',*,*,#1180,.F.);
#2068=ORIENTED_EDGE('',*,*,#1354,.F.);
#2069=ORIENTED_EDGE('',*,*,#1394,.F.);
#2070=ORIENTED_EDGE('',*,*,#1375,.F.);
#2071=ORIENTED_EDGE('',*,*,#1373,.F.);
#2072=ORIENTED_EDGE('',*,*,#1371,.F.);
#2073=ORIENTED_EDGE('',*,*,#1365,.F.);
#2074=ORIENTED_EDGE('',*,*,#1311,.F.);
#2075=ORIENTED_EDGE('',*,*,#1096,.F.);
#2076=ORIENTED_EDGE('',*,*,#1053,.F.);
#2077=ORIENTED_EDGE('',*,*,#1098,.F.);
#2078=ORIENTED_EDGE('',*,*,#1241,.F.);
#2079=ORIENTED_EDGE('',*,*,#1200,.F.);
#2080=ORIENTED_EDGE('',*,*,#1386,.F.);
#2081=ORIENTED_EDGE('',*,*,#1191,.F.);
#2082=ORIENTED_EDGE('',*,*,#1193,.F.);
#2083=ORIENTED_EDGE('',*,*,#1195,.F.);
#2084=ORIENTED_EDGE('',*,*,#1198,.F.);
#2085=ORIENTED_EDGE('',*,*,#1351,.F.);
#2086=ORIENTED_EDGE('',*,*,#1376,.F.);
#2087=ORIENTED_EDGE('',*,*,#1394,.T.);
#2088=ORIENTED_EDGE('',*,*,#1353,.F.);
#2089=ORIENTED_EDGE('',*,*,#1355,.F.);
#2090=ORIENTED_EDGE('',*,*,#1349,.F.);
#2091=ORIENTED_EDGE('',*,*,#1347,.F.);
#2092=ORIENTED_EDGE('',*,*,#1345,.F.);
#2093=ORIENTED_EDGE('',*,*,#1342,.F.);
#2094=ORIENTED_EDGE('',*,*,#1209,.F.);
#2095=ORIENTED_EDGE('',*,*,#1363,.F.);
#2096=ORIENTED_EDGE('',*,*,#1361,.F.);
#2097=ORIENTED_EDGE('',*,*,#1237,.F.);
#2098=ORIENTED_EDGE('',*,*,#1302,.T.);
#2099=B_SPLINE_SURFACE_WITH_KNOTS('',3,3,((#3201,#3202,#3203,#3204),(#3205,
#3206,#3207,#3208),(#3209,#3210,#3211,#3212),(#3213,#3214,#3215,#3216),
(#3217,#3218,#3219,#3220)),.UNSPECIFIED.,.F.,.F.,.F.,(4,1,4),(4,4),(0.,
0.5,1.),(0.,0.0582797980961589),.UNSPECIFIED.);
#2100=B_SPLINE_SURFACE_WITH_KNOTS('',3,3,((#3235,#3236,#3237,#3238,#3239),
(#3240,#3241,#3242,#3243,#3244),(#3245,#3246,#3247,#3248,#3249),(#3250,
#3251,#3252,#3253,#3254),(#3255,#3256,#3257,#3258,#3259)),.UNSPECIFIED.,
 .F.,.F.,.F.,(4,1,4),(4,1,4),(0.,0.571428571428571,1.),(0.,0.115783632411012,
0.270161808959029),.UNSPECIFIED.);
#2101=B_SPLINE_SURFACE_WITH_KNOTS('',3,3,((#3273,#3274,#3275,#3276),(#3277,
#3278,#3279,#3280),(#3281,#3282,#3283,#3284),(#3285,#3286,#3287,#3288),
(#3289,#3290,#3291,#3292),(#3293,#3294,#3295,#3296)),.UNSPECIFIED.,.F.,
 .F.,.F.,(4,1,1,4),(4,4),(0.,0.285714285714286,0.571428571428571,1.),(0.,
0.212647648115234),.UNSPECIFIED.);
#2102=B_SPLINE_SURFACE_WITH_KNOTS('',3,3,((#3370,#3371,#3372,#3373,#3374),
(#3375,#3376,#3377,#3378,#3379),(#3380,#3381,#3382,#3383,#3384),(#3385,
#3386,#3387,#3388,#3389),(#3390,#3391,#3392,#3393,#3394)),.UNSPECIFIED.,
 .F.,.F.,.F.,(4,1,4),(4,1,4),(0.,0.571428571428571,1.),(0.,0.2687680058782,
0.627125347049134),.UNSPECIFIED.);
#2103=B_SPLINE_SURFACE_WITH_KNOTS('',3,3,((#3408,#3409,#3410,#3411,#3412),
(#3413,#3414,#3415,#3416,#3417),(#3418,#3419,#3420,#3421,#3422),(#3423,
#3424,#3425,#3426,#3427),(#3428,#3429,#3430,#3431,#3432)),.UNSPECIFIED.,
 .F.,.F.,.F.,(4,1,4),(4,1,4),(0.,0.571428571428571,1.),(0.,0.268768023679842,
0.627125388586299),.UNSPECIFIED.);
#2104=B_SPLINE_SURFACE_WITH_KNOTS('',3,3,((#3446,#3447,#3448,#3449),(#3450,
#3451,#3452,#3453),(#3454,#3455,#3456,#3457),(#3458,#3459,#3460,#3461),
(#3462,#3463,#3464,#3465)),.UNSPECIFIED.,.F.,.F.,.F.,(4,1,4),(4,4),(0.,
0.5,1.),(0.,0.0582786363622663),.UNSPECIFIED.);
#2105=B_SPLINE_SURFACE_WITH_KNOTS('',3,3,((#3480,#3481,#3482,#3483,#3484),
(#3485,#3486,#3487,#3488,#3489),(#3490,#3491,#3492,#3493,#3494),(#3495,
#3496,#3497,#3498,#3499),(#3500,#3501,#3502,#3503,#3504)),.UNSPECIFIED.,
 .F.,.F.,.F.,(4,1,4),(4,1,4),(0.,0.571428571428571,1.),(1.29758644592171E-16,
0.115785550276715,0.270166283979001),.UNSPECIFIED.);
#2106=B_SPLINE_SURFACE_WITH_KNOTS('',3,3,((#3518,#3519,#3520,#3521),(#3522,
#3523,#3524,#3525),(#3526,#3527,#3528,#3529),(#3530,#3531,#3532,#3533),
(#3534,#3535,#3536,#3537),(#3538,#3539,#3540,#3541)),.UNSPECIFIED.,.F.,
 .F.,.F.,(4,1,1,4),(4,4),(0.,0.285714285714286,0.571428571428571,1.),(0.,
0.212644298762709),.UNSPECIFIED.);
#2107=B_SPLINE_SURFACE_WITH_KNOTS('',3,3,((#3559,#3560,#3561,#3562),(#3563,
#3564,#3565,#3566),(#3567,#3568,#3569,#3570),(#3571,#3572,#3573,#3574),
(#3575,#3576,#3577,#3578)),.UNSPECIFIED.,.F.,.F.,.F.,(4,1,4),(4,4),(0.,
0.5,1.),(1.87564963370468E-17,0.111585675328367),.UNSPECIFIED.);
#2108=B_SPLINE_SURFACE_WITH_KNOTS('',3,3,((#3587,#3588,#3589,#3590),(#3591,
#3592,#3593,#3594),(#3595,#3596,#3597,#3598),(#3599,#3600,#3601,#3602),
(#3603,#3604,#3605,#3606)),.UNSPECIFIED.,.F.,.F.,.F.,(4,1,4),(4,4),(0.,
0.5,1.),(2.49924381343009E-16,0.111585669711717),.UNSPECIFIED.);
#2109=B_SPLINE_SURFACE_WITH_KNOTS('',3,3,((#3615,#3616,#3617,#3618),(#3619,
#3620,#3621,#3622),(#3623,#3624,#3625,#3626),(#3627,#3628,#3629,#3630)),
 .UNSPECIFIED.,.F.,.F.,.F.,(4,4),(4,4),(0.566109322134516,1.),(-1.82750693549679,
-1.78265974772655),.UNSPECIFIED.);
#2110=B_SPLINE_SURFACE_WITH_KNOTS('',3,3,((#3676,#3677,#3678,#3679),(#3680,
#3681,#3682,#3683),(#3684,#3685,#3686,#3687),(#3688,#3689,#3690,#3691),
(#3692,#3693,#3694,#3695)),.UNSPECIFIED.,.F.,.F.,.F.,(4,1,4),(4,4),(0.,
0.5,1.),(0.,0.0582786363622669),.UNSPECIFIED.);
#2111=B_SPLINE_SURFACE_WITH_KNOTS('',3,3,((#3710,#3711,#3712,#3713,#3714),
(#3715,#3716,#3717,#3718,#3719),(#3720,#3721,#3722,#3723,#3724),(#3725,
#3726,#3727,#3728,#3729),(#3730,#3731,#3732,#3733,#3734)),.UNSPECIFIED.,
 .F.,.F.,.F.,(4,1,4),(4,1,4),(0.,0.571428571428571,1.),(0.,0.115785550276714,
0.270166283978999),.UNSPECIFIED.);
#2112=B_SPLINE_SURFACE_WITH_KNOTS('',3,3,((#3748,#3749,#3750,#3751),(#3752,
#3753,#3754,#3755),(#3756,#3757,#3758,#3759),(#3760,#3761,#3762,#3763),
(#3764,#3765,#3766,#3767),(#3768,#3769,#3770,#3771)),.UNSPECIFIED.,.F.,
 .F.,.F.,(4,1,1,4),(4,4),(0.,0.285714285714286,0.571428571428571,1.),(0.,
0.21264429876271),.UNSPECIFIED.);
#2113=B_SPLINE_SURFACE_WITH_KNOTS('',3,3,((#3817,#3818,#3819,#3820,#3821),
(#3822,#3823,#3824,#3825,#3826),(#3827,#3828,#3829,#3830,#3831),(#3832,
#3833,#3834,#3835,#3836),(#3837,#3838,#3839,#3840,#3841)),.UNSPECIFIED.,
 .F.,.F.,.F.,(4,1,4),(4,1,4),(0.,0.571428571428571,1.),(0.,0.268768023679842,
0.627125388586298),.UNSPECIFIED.);
#2114=B_SPLINE_SURFACE_WITH_KNOTS('',3,3,((#3883,#3884,#3885,#3886,#3887),
(#3888,#3889,#3890,#3891,#3892),(#3893,#3894,#3895,#3896,#3897),(#3898,
#3899,#3900,#3901,#3902),(#3903,#3904,#3905,#3906,#3907)),.UNSPECIFIED.,
 .F.,.F.,.F.,(4,1,4),(4,1,4),(0.,0.571428571428571,1.),(7.49149494251438E-16,
0.358357341170934,0.627125347049133),.UNSPECIFIED.);
#2115=B_SPLINE_SURFACE_WITH_KNOTS('',3,3,((#3921,#3922,#3923,#3924),(#3925,
#3926,#3927,#3928),(#3929,#3930,#3931,#3932),(#3933,#3934,#3935,#3936),
(#3937,#3938,#3939,#3940)),.UNSPECIFIED.,.F.,.F.,.F.,(4,1,4),(4,4),(0.,
0.5,1.),(0.,0.0582797980961572),.UNSPECIFIED.);
#2116=B_SPLINE_SURFACE_WITH_KNOTS('',3,3,((#3955,#3956,#3957,#3958,#3959),
(#3960,#3961,#3962,#3963,#3964),(#3965,#3966,#3967,#3968,#3969),(#3970,
#3971,#3972,#3973,#3974),(#3975,#3976,#3977,#3978,#3979)),.UNSPECIFIED.,
 .F.,.F.,.F.,(4,1,4),(4,1,4),(0.,0.571428571428571,1.),(2.35739062671359E-16,
0.115783632411012,0.270161808959028),.UNSPECIFIED.);
#2117=B_SPLINE_SURFACE_WITH_KNOTS('',3,3,((#3993,#3994,#3995,#3996),(#3997,
#3998,#3999,#4000),(#4001,#4002,#4003,#4004),(#4005,#4006,#4007,#4008),
(#4009,#4010,#4011,#4012),(#4013,#4014,#4015,#4016)),.UNSPECIFIED.,.F.,
 .F.,.F.,(4,1,1,4),(4,4),(0.,0.285714285714286,0.571428571428571,1.),(0.,
0.212647648115237),.UNSPECIFIED.);
#2118=B_SPLINE_SURFACE_WITH_KNOTS('',3,3,((#4034,#4035,#4036,#4037),(#4038,
#4039,#4040,#4041),(#4042,#4043,#4044,#4045),(#4046,#4047,#4048,#4049),
(#4050,#4051,#4052,#4053)),.UNSPECIFIED.,.F.,.F.,.F.,(4,1,4),(4,4),(0.,
0.5,1.),(0.,0.111585669711718),.UNSPECIFIED.);
#2119=B_SPLINE_SURFACE_WITH_KNOTS('',3,3,((#4062,#4063,#4064,#4065),(#4066,
#4067,#4068,#4069),(#4070,#4071,#4072,#4073),(#4074,#4075,#4076,#4077),
(#4078,#4079,#4080,#4081)),.UNSPECIFIED.,.F.,.F.,.F.,(4,1,4),(4,4),(0.,
0.5,1.),(0.,0.111585675328366),.UNSPECIFIED.);
#2120=B_SPLINE_SURFACE_WITH_KNOTS('',3,3,((#4129,#4130,#4131,#4132),(#4133,
#4134,#4135,#4136),(#4137,#4138,#4139,#4140),(#4141,#4142,#4143,#4144)),
 .UNSPECIFIED.,.F.,.F.,.F.,(4,4),(4,4),(0.566109322134512,1.),(-0.905355760005513,
-0.860508572235265),.UNSPECIFIED.);
#2121=B_SPLINE_SURFACE_WITH_KNOTS('',3,3,((#4151,#4152,#4153,#4154),(#4155,
#4156,#4157,#4158),(#4159,#4160,#4161,#4162),(#4163,#4164,#4165,#4166)),
 .UNSPECIFIED.,.F.,.F.,.F.,(4,4),(4,4),(0.184612048034422,0.721137425950042),
(-0.860522859238711,-0.624576187800208),.UNSPECIFIED.);
#2122=B_SPLINE_SURFACE_WITH_KNOTS('',3,3,((#4173,#4174,#4175,#4176),(#4177,
#4178,#4179,#4180),(#4181,#4182,#4183,#4184),(#4185,#4186,#4187,#4188)),
 .UNSPECIFIED.,.F.,.F.,.F.,(4,4),(4,4),(0.146944227160663,0.387674774939816),
(-0.729067003380368,-0.663056713763034),.UNSPECIFIED.);
#2123=B_SPLINE_SURFACE_WITH_KNOTS('',3,3,((#4312,#4313,#4314,#4315),(#4316,
#4317,#4318,#4319),(#4320,#4321,#4322,#4323),(#4324,#4325,#4326,#4327),
(#4328,#4329,#4330,#4331)),.UNSPECIFIED.,.F.,.F.,.F.,(4,1,4),(4,4),(0.,
0.5,1.),(0.,0.267762612501684),.UNSPECIFIED.);
#2124=B_SPLINE_SURFACE_WITH_KNOTS('',3,3,((#4346,#4347,#4348,#4349),(#4350,
#4351,#4352,#4353),(#4354,#4355,#4356,#4357),(#4358,#4359,#4360,#4361),
(#4362,#4363,#4364,#4365),(#4366,#4367,#4368,#4369)),.UNSPECIFIED.,.F.,
 .F.,.F.,(4,1,1,4),(4,4),(0.,0.285714285714286,0.571428571428571,1.),(2.02623457077313E-15,
0.0533711178709054),.UNSPECIFIED.);
#2125=B_SPLINE_SURFACE_WITH_KNOTS('',3,3,((#4381,#4382,#4383,#4384),(#4385,
#4386,#4387,#4388),(#4389,#4390,#4391,#4392),(#4393,#4394,#4395,#4396),
(#4397,#4398,#4399,#4400),(#4401,#4402,#4403,#4404)),.UNSPECIFIED.,.F.,
 .F.,.F.,(4,1,1,4),(4,4),(0.,0.285714285714286,0.571428571428571,1.),(0.,
0.439447683925484),.UNSPECIFIED.);
#2126=B_SPLINE_SURFACE_WITH_KNOTS('',3,3,((#4419,#4420,#4421,#4422,#4423,
#4424),(#4425,#4426,#4427,#4428,#4429,#4430),(#4431,#4432,#4433,#4434,#4435,
#4436),(#4437,#4438,#4439,#4440,#4441,#4442),(#4443,#4444,#4445,#4446,#4447,
#4448)),.UNSPECIFIED.,.F.,.F.,.F.,(4,1,4),(4,1,1,4),(0.,0.5,1.),(-1.97178181670923,
-1.29136808473334,-0.837758930082752,-0.384149775432161),.UNSPECIFIED.);
#2127=B_SPLINE_SURFACE_WITH_KNOTS('',3,3,((#4459,#4460,#4461,#4462,#4463),
(#4464,#4465,#4466,#4467,#4468),(#4469,#4470,#4471,#4472,#4473),(#4474,
#4475,#4476,#4477,#4478),(#4479,#4480,#4481,#4482,#4483)),.UNSPECIFIED.,
 .F.,.F.,.F.,(4,1,4),(4,1,4),(0.,0.5,1.),(0.991409181291001,1.57079632679525,
2.15018347229949),.UNSPECIFIED.);
#2128=B_SPLINE_SURFACE_WITH_KNOTS('',3,3,((#4489,#4490,#4491,#4492,#4493,
#4494,#4495),(#4496,#4497,#4498,#4499,#4500,#4501,#4502),(#4503,#4504,#4505,
#4506,#4507,#4508,#4509),(#4510,#4511,#4512,#4513,#4514,#4515,#4516),(#4517,
#4518,#4519,#4520,#4521,#4522,#4523)),.UNSPECIFIED.,.F.,.F.,.F.,(4,1,4),
(4,1,1,1,4),(0.,0.5,1.),(-1.54292406644007,-0.661201223279437,-0.220339801699121,
0.66138304146151,1.54310588462214),.UNSPECIFIED.);
#2129=B_SPLINE_SURFACE_WITH_KNOTS('',3,3,((#4535,#4536,#4537,#4538,#4539),
(#4540,#4541,#4542,#4543,#4544),(#4545,#4546,#4547,#4548,#4549),(#4550,
#4551,#4552,#4553,#4554),(#4555,#4556,#4557,#4558,#4559)),.UNSPECIFIED.,
 .F.,.F.,.F.,(4,1,4),(4,1,4),(0.,0.5,1.),(-2.15018347229897,-1.570796326795,
-0.991409181291038),.UNSPECIFIED.);
#2130=B_SPLINE_SURFACE_WITH_KNOTS('',3,3,((#4565,#4566,#4567,#4568,#4569,
#4570),(#4571,#4572,#4573,#4574,#4575,#4576),(#4577,#4578,#4579,#4580,#4581,
#4582),(#4583,#4584,#4585,#4586,#4587,#4588),(#4589,#4590,#4591,#4592,#4593,
#4594)),.UNSPECIFIED.,.F.,.F.,.F.,(4,1,4),(4,1,1,4),(0.,0.5,1.),(0.384331593614232,
0.837888800212802,1.29144600681137,1.97178181670923),.UNSPECIFIED.);
#2131=B_SPLINE_SURFACE_WITH_KNOTS('',3,3,((#4605,#4606,#4607,#4608),(#4609,
#4610,#4611,#4612),(#4613,#4614,#4615,#4616),(#4617,#4618,#4619,#4620),
(#4621,#4622,#4623,#4624),(#4625,#4626,#4627,#4628)),.UNSPECIFIED.,.F.,
 .F.,.F.,(4,1,1,4),(4,4),(0.,0.285714285714286,0.571428571428571,1.),(1.07823192909858E-13,
0.439447683925624),.UNSPECIFIED.);
#2132=B_SPLINE_SURFACE_WITH_KNOTS('',3,3,((#4640,#4641,#4642,#4643),(#4644,
#4645,#4646,#4647),(#4648,#4649,#4650,#4651),(#4652,#4653,#4654,#4655),
(#4656,#4657,#4658,#4659),(#4660,#4661,#4662,#4663)),.UNSPECIFIED.,.F.,
 .F.,.F.,(4,1,1,4),(4,4),(0.,0.285714285714286,0.571428571428571,1.),(0.,
0.34160250254558),.UNSPECIFIED.);
#2133=B_SPLINE_SURFACE_WITH_KNOTS('',3,3,((#4675,#4676,#4677,#4678),(#4679,
#4680,#4681,#4682),(#4683,#4684,#4685,#4686),(#4687,#4688,#4689,#4690),
(#4691,#4692,#4693,#4694),(#4695,#4696,#4697,#4698)),.UNSPECIFIED.,.F.,
 .F.,.F.,(4,1,1,4),(4,4),(0.,0.285714285714286,0.571428571428571,1.),(7.27641731516121E-14,
0.05337111787218),.UNSPECIFIED.);
#2134=B_SPLINE_SURFACE_WITH_KNOTS('',3,3,((#4710,#4711,#4712,#4713),(#4714,
#4715,#4716,#4717),(#4718,#4719,#4720,#4721),(#4722,#4723,#4724,#4725),
(#4726,#4727,#4728,#4729)),.UNSPECIFIED.,.F.,.F.,.F.,(4,1,4),(4,4),(0.,
0.5,1.),(2.51130982629911E-16,0.267762612501679),.UNSPECIFIED.);
#2135=B_SPLINE_SURFACE_WITH_KNOTS('',3,3,((#4741,#4742,#4743,#4744),(#4745,
#4746,#4747,#4748),(#4749,#4750,#4751,#4752),(#4753,#4754,#4755,#4756),
(#4757,#4758,#4759,#4760),(#4761,#4762,#4763,#4764)),.UNSPECIFIED.,.F.,
 .F.,.F.,(4,1,1,4),(4,4),(0.,0.285714285714286,0.571428571428571,1.),(2.93602304814474E-16,
0.341602502798236),.UNSPECIFIED.);
#2136=B_SPLINE_SURFACE_WITH_KNOTS('',3,3,((#4782,#4783,#4784,#4785),(#4786,
#4787,#4788,#4789),(#4790,#4791,#4792,#4793),(#4794,#4795,#4796,#4797),
(#4798,#4799,#4800,#4801)),.UNSPECIFIED.,.F.,.F.,.F.,(4,1,4),(4,4),(0.,
0.5,1.),(0.,0.15597014782851),.UNSPECIFIED.);
#2137=B_SPLINE_SURFACE_WITH_KNOTS('',3,3,((#4810,#4811,#4812,#4813),(#4814,
#4815,#4816,#4817),(#4818,#4819,#4820,#4821),(#4822,#4823,#4824,#4825),
(#4826,#4827,#4828,#4829)),.UNSPECIFIED.,.F.,.F.,.F.,(4,1,4),(4,4),(0.,
0.5,1.),(8.41687875843146E-12,0.155970147836927),.UNSPECIFIED.);
#2138=B_SPLINE_SURFACE_WITH_KNOTS('',3,3,((#4844,#4845,#4846,#4847),(#4848,
#4849,#4850,#4851),(#4852,#4853,#4854,#4855),(#4856,#4857,#4858,#4859)),
 .UNSPECIFIED.,.F.,.F.,.F.,(4,4),(4,4),(0.566115776170435,1.),(-1.8275074085225,
-1.78266164739855),.UNSPECIFIED.);
#2139=B_SPLINE_SURFACE_WITH_KNOTS('',3,3,((#4861,#4862,#4863,#4864),(#4865,
#4866,#4867,#4868),(#4869,#4870,#4871,#4872),(#4873,#4874,#4875,#4876)),
 .UNSPECIFIED.,.F.,.F.,.F.,(4,4),(4,4),(0.184611189414874,0.721135198161361),
(-2.06316005443179,-1.82721067230254),.UNSPECIFIED.);
#2140=B_SPLINE_SURFACE_WITH_KNOTS('',3,3,((#4878,#4879,#4880,#4881),(#4882,
#4883,#4884,#4885),(#4886,#4887,#4888,#4889),(#4890,#4891,#4892,#4893)),
 .UNSPECIFIED.,.F.,.F.,.F.,(4,4),(4,4),(0.146944236949492,0.387671604593099),
(-0.0660089410995408,0.),.UNSPECIFIED.);
#2141=B_SPLINE_SURFACE_WITH_KNOTS('',3,3,((#4906,#4907,#4908,#4909),(#4910,
#4911,#4912,#4913),(#4914,#4915,#4916,#4917),(#4918,#4919,#4920,#4921)),
 .UNSPECIFIED.,.F.,.F.,.F.,(4,4),(4,4),(0.146944236949492,0.387671604593102),
(-0.729065635830415,-0.663056661384982),.UNSPECIFIED.);
#2142=B_SPLINE_SURFACE_WITH_KNOTS('',3,3,((#4923,#4924,#4925,#4926),(#4927,
#4928,#4929,#4930),(#4931,#4932,#4933,#4934),(#4935,#4936,#4937,#4938)),
 .UNSPECIFIED.,.F.,.F.,.F.,(4,4),(4,4),(0.184611189414876,0.721135198161361),
(-0.860525746051963,-0.624576363922713),.UNSPECIFIED.);
#2143=B_SPLINE_SURFACE_WITH_KNOTS('',3,3,((#4940,#4941,#4942,#4943),(#4944,
#4945,#4946,#4947),(#4948,#4949,#4950,#4951),(#4952,#4953,#4954,#4955)),
 .UNSPECIFIED.,.F.,.F.,.F.,(4,4),(4,4),(0.566115776170439,1.),(-0.905357214457782,
-0.860511453333837),.UNSPECIFIED.);
#2144=B_SPLINE_SURFACE_WITH_KNOTS('',3,3,((#4968,#4969,#4970,#4971),(#4972,
#4973,#4974,#4975),(#4976,#4977,#4978,#4979),(#4980,#4981,#4982,#4983),
(#4984,#4985,#4986,#4987)),.UNSPECIFIED.,.F.,.F.,.F.,(4,1,4),(4,4),(0.,
0.5,1.),(0.,0.267761037479484),.UNSPECIFIED.);
#2145=B_SPLINE_SURFACE_WITH_KNOTS('',3,3,((#5001,#5002,#5003,#5004),(#5005,
#5006,#5007,#5008),(#5009,#5010,#5011,#5012),(#5013,#5014,#5015,#5016),
(#5017,#5018,#5019,#5020),(#5021,#5022,#5023,#5024)),.UNSPECIFIED.,.F.,
 .F.,.F.,(4,1,1,4),(4,4),(0.,0.285714285714286,0.571428571428571,1.),(6.93545687821329E-16,
0.0533723464497382),.UNSPECIFIED.);
#2146=B_SPLINE_SURFACE_WITH_KNOTS('',3,3,((#5036,#5037,#5038,#5039),(#5040,
#5041,#5042,#5043),(#5044,#5045,#5046,#5047),(#5048,#5049,#5050,#5051),
(#5052,#5053,#5054,#5055),(#5056,#5057,#5058,#5059)),.UNSPECIFIED.,.F.,
 .F.,.F.,(4,1,1,4),(4,4),(0.,0.285714285714286,0.571428571428571,1.),(9.71793004663509E-16,
0.341604289364156),.UNSPECIFIED.);
#2147=B_SPLINE_SURFACE_WITH_KNOTS('',3,3,((#5071,#5072,#5073,#5074),(#5075,
#5076,#5077,#5078),(#5079,#5080,#5081,#5082),(#5083,#5084,#5085,#5086),
(#5087,#5088,#5089,#5090),(#5091,#5092,#5093,#5094)),.UNSPECIFIED.,.F.,
 .F.,.F.,(4,1,1,4),(4,4),(0.,0.285714285714286,0.571428571428571,1.),(1.49079788936185E-12,
0.439446386592965),.UNSPECIFIED.);
#2148=B_SPLINE_SURFACE_WITH_KNOTS('',3,3,((#5148,#5149,#5150,#5151),(#5152,
#5153,#5154,#5155),(#5156,#5157,#5158,#5159),(#5160,#5161,#5162,#5163),
(#5164,#5165,#5166,#5167),(#5168,#5169,#5170,#5171)),.UNSPECIFIED.,.F.,
 .F.,.F.,(4,1,1,4),(4,4),(0.,0.285714285714286,0.571428571428571,1.),(0.,
0.439446463337943),.UNSPECIFIED.);
#2149=B_SPLINE_SURFACE_WITH_KNOTS('',3,3,((#5186,#5187,#5188,#5189),(#5190,
#5191,#5192,#5193),(#5194,#5195,#5196,#5197),(#5198,#5199,#5200,#5201),
(#5202,#5203,#5204,#5205),(#5206,#5207,#5208,#5209)),.UNSPECIFIED.,.F.,
 .F.,.F.,(4,1,1,4),(4,4),(0.,0.285714285714286,0.571428571428571,1.),(0.,
0.341604289108533),.UNSPECIFIED.);
#2150=B_SPLINE_SURFACE_WITH_KNOTS('',3,3,((#5220,#5221,#5222,#5223),(#5224,
#5225,#5226,#5227),(#5228,#5229,#5230,#5231),(#5232,#5233,#5234,#5235),
(#5236,#5237,#5238,#5239),(#5240,#5241,#5242,#5243)),.UNSPECIFIED.,.F.,
 .F.,.F.,(4,1,1,4),(4,4),(0.,0.285714285714286,0.571428571428571,1.),(7.32838964888822E-14,
0.0533723464510134),.UNSPECIFIED.);
#2151=B_SPLINE_SURFACE_WITH_KNOTS('',3,3,((#5250,#5251,#5252,#5253),(#5254,
#5255,#5256,#5257),(#5258,#5259,#5260,#5261),(#5262,#5263,#5264,#5265),
(#5266,#5267,#5268,#5269)),.UNSPECIFIED.,.F.,.F.,.F.,(4,1,4),(4,4),(0.,
0.5,1.),(0.,0.267761037479479),.UNSPECIFIED.);
#2152=B_SPLINE_SURFACE_WITH_KNOTS('',3,3,((#5285,#5286,#5287,#5288),(#5289,
#5290,#5291,#5292),(#5293,#5294,#5295,#5296),(#5297,#5298,#5299,#5300),
(#5301,#5302,#5303,#5304)),.UNSPECIFIED.,.F.,.F.,.F.,(4,1,4),(4,4),(0.,
0.5,1.),(0.,0.155969037568494),.UNSPECIFIED.);
#2153=B_SPLINE_SURFACE_WITH_KNOTS('',3,3,((#5309,#5310,#5311,#5312),(#5313,
#5314,#5315,#5316),(#5317,#5318,#5319,#5320),(#5321,#5322,#5323,#5324),
(#5325,#5326,#5327,#5328)),.UNSPECIFIED.,.F.,.F.,.F.,(4,1,4),(4,4),(0.,
0.5,1.),(8.4462312519669E-12,0.155969037576939),.UNSPECIFIED.);
#2154=B_SPLINE_SURFACE_WITH_KNOTS('',3,3,((#5333,#5334,#5335,#5336),(#5337,
#5338,#5339,#5340),(#5341,#5342,#5343,#5344),(#5345,#5346,#5347,#5348)),
 .UNSPECIFIED.,.F.,.F.,.F.,(4,4),(4,4),(0.184612048034423,0.721137425950043),
(-2.06315685607026,-1.82721018463176),.UNSPECIFIED.);
#2155=B_SPLINE_SURFACE_WITH_KNOTS('',3,3,((#5350,#5351,#5352,#5353),(#5354,
#5355,#5356,#5357),(#5358,#5359,#5360,#5361),(#5362,#5363,#5364,#5365)),
 .UNSPECIFIED.,.F.,.F.,.F.,(4,4),(4,4),(0.146944227160662,0.387674774939815),
(-0.0660102563013593,0.),.UNSPECIFIED.);
#2156=ADVANCED_FACE('',(#269),#2099,.F.);
#2157=ADVANCED_FACE('',(#270),#2100,.F.);
#2158=ADVANCED_FACE('',(#271),#2101,.F.);
#2159=ADVANCED_FACE('',(#272),#223,.T.);
#2160=ADVANCED_FACE('',(#273),#224,.T.);
#2161=ADVANCED_FACE('',(#274),#36,.T.);
#2162=ADVANCED_FACE('',(#275),#225,.T.);
#2163=ADVANCED_FACE('',(#276),#37,.T.);
#2164=ADVANCED_FACE('',(#277),#2102,.F.);
#2165=ADVANCED_FACE('',(#278),#2103,.F.);
#2166=ADVANCED_FACE('',(#279),#2104,.F.);
#2167=ADVANCED_FACE('',(#280),#2105,.F.);
#2168=ADVANCED_FACE('',(#281),#2106,.F.);
#2169=ADVANCED_FACE('',(#282),#226,.T.);
#2170=ADVANCED_FACE('',(#283),#2107,.F.);
#2171=ADVANCED_FACE('',(#284),#2108,.F.);
#2172=ADVANCED_FACE('',(#285),#2109,.F.);
#2173=ADVANCED_FACE('',(#286),#17,.F.);
#2174=ADVANCED_FACE('',(#287),#227,.T.);
#2175=ADVANCED_FACE('',(#288),#18,.T.);
#2176=ADVANCED_FACE('',(#289),#19,.T.);
#2177=ADVANCED_FACE('',(#290),#2110,.F.);
#2178=ADVANCED_FACE('',(#291),#2111,.F.);
#2179=ADVANCED_FACE('',(#292),#2112,.F.);
#2180=ADVANCED_FACE('',(#293),#228,.T.);
#2181=ADVANCED_FACE('',(#294),#229,.T.);
#2182=ADVANCED_FACE('',(#295),#38,.T.);
#2183=ADVANCED_FACE('',(#296),#2113,.F.);
#2184=ADVANCED_FACE('',(#297),#39,.T.);
#2185=ADVANCED_FACE('',(#298),#230,.T.);
#2186=ADVANCED_FACE('',(#299),#2114,.F.);
#2187=ADVANCED_FACE('',(#300),#2115,.F.);
#2188=ADVANCED_FACE('',(#301),#2116,.F.);
#2189=ADVANCED_FACE('',(#302),#2117,.F.);
#2190=ADVANCED_FACE('',(#303),#231,.T.);
#2191=ADVANCED_FACE('',(#304),#2118,.F.);
#2192=ADVANCED_FACE('',(#305),#2119,.F.);
#2193=ADVANCED_FACE('',(#306),#20,.F.);
#2194=ADVANCED_FACE('',(#307),#21,.F.);
#2195=ADVANCED_FACE('',(#308),#232,.T.);
#2196=ADVANCED_FACE('',(#309),#22,.F.);
#2197=ADVANCED_FACE('',(#310),#2120,.F.);
#2198=ADVANCED_FACE('',(#311),#2121,.F.);
#2199=ADVANCED_FACE('',(#312),#2122,.F.);
#2200=ADVANCED_FACE('',(#313),#40,.T.);
#2201=ADVANCED_FACE('',(#314),#233,.T.);
#2202=ADVANCED_FACE('',(#315),#41,.T.);
#2203=ADVANCED_FACE('',(#316),#234,.T.);
#2204=ADVANCED_FACE('',(#317),#42,.T.);
#2205=ADVANCED_FACE('',(#318),#235,.T.);
#2206=ADVANCED_FACE('',(#319),#43,.T.);
#2207=ADVANCED_FACE('',(#320),#236,.T.);
#2208=ADVANCED_FACE('',(#321),#44,.T.);
#2209=ADVANCED_FACE('',(#322),#45,.T.);
#2210=ADVANCED_FACE('',(#323),#46,.T.);
#2211=ADVANCED_FACE('',(#324),#237,.T.);
#2212=ADVANCED_FACE('',(#325),#47,.T.);
#2213=ADVANCED_FACE('',(#326),#238,.T.);
#2214=ADVANCED_FACE('',(#327),#48,.T.);
#2215=ADVANCED_FACE('',(#328),#239,.T.);
#2216=ADVANCED_FACE('',(#329),#49,.T.);
#2217=ADVANCED_FACE('',(#330),#240,.T.);
#2218=ADVANCED_FACE('',(#331),#50,.T.);
#2219=ADVANCED_FACE('',(#332),#241,.T.);
#2220=ADVANCED_FACE('',(#333),#51,.T.);
#2221=ADVANCED_FACE('',(#334),#52,.T.);
#2222=ADVANCED_FACE('',(#335),#53,.T.);
#2223=ADVANCED_FACE('',(#336),#242,.T.);
#2224=ADVANCED_FACE('',(#337),#23,.T.);
#2225=ADVANCED_FACE('',(#338),#24,.T.);
#2226=ADVANCED_FACE('',(#339),#243,.T.);
#2227=ADVANCED_FACE('',(#340),#2123,.F.);
#2228=ADVANCED_FACE('',(#341),#2124,.F.);
#2229=ADVANCED_FACE('',(#342),#2125,.F.);
#2230=ADVANCED_FACE('',(#343),#2126,.F.);
#2231=ADVANCED_FACE('',(#344),#2127,.F.);
#2232=ADVANCED_FACE('',(#345),#2128,.F.);
#2233=ADVANCED_FACE('',(#346),#2129,.F.);
#2234=ADVANCED_FACE('',(#347),#2130,.F.);
#2235=ADVANCED_FACE('',(#348),#2131,.F.);
#2236=ADVANCED_FACE('',(#349),#2132,.F.);
#2237=ADVANCED_FACE('',(#350),#2133,.F.);
#2238=ADVANCED_FACE('',(#351),#2134,.F.);
#2239=ADVANCED_FACE('',(#352),#2135,.F.);
#2240=ADVANCED_FACE('',(#353),#244,.T.);
#2241=ADVANCED_FACE('',(#354),#2136,.F.);
#2242=ADVANCED_FACE('',(#355),#2137,.F.);
#2243=ADVANCED_FACE('',(#356),#25,.T.);
#2244=ADVANCED_FACE('',(#357),#2138,.F.);
#2245=ADVANCED_FACE('',(#358),#2139,.F.);
#2246=ADVANCED_FACE('',(#359),#2140,.F.);
#2247=ADVANCED_FACE('',(#360),#54,.T.);
#2248=ADVANCED_FACE('',(#361),#245,.T.);
#2249=ADVANCED_FACE('',(#362),#26,.T.);
#2250=ADVANCED_FACE('',(#363),#246,.T.);
#2251=ADVANCED_FACE('',(#364),#55,.T.);
#2252=ADVANCED_FACE('',(#365),#2141,.F.);
#2253=ADVANCED_FACE('',(#366),#2142,.F.);
#2254=ADVANCED_FACE('',(#367),#2143,.F.);
#2255=ADVANCED_FACE('',(#368),#27,.T.);
#2256=ADVANCED_FACE('',(#369),#247,.T.);
#2257=ADVANCED_FACE('',(#370),#2144,.F.);
#2258=ADVANCED_FACE('',(#371),#2145,.F.);
#2259=ADVANCED_FACE('',(#372),#2146,.F.);
#2260=ADVANCED_FACE('',(#373),#2147,.F.);
#2261=ADVANCED_FACE('',(#374),#56,.T.);
#2262=ADVANCED_FACE('',(#375),#15,.F.);
#2263=ADVANCED_FACE('',(#376),#57,.T.);
#2264=ADVANCED_FACE('',(#377),#16,.F.);
#2265=ADVANCED_FACE('',(#378),#2148,.F.);
#2266=ADVANCED_FACE('',(#379),#2149,.F.);
#2267=ADVANCED_FACE('',(#380),#2150,.F.);
#2268=ADVANCED_FACE('',(#381),#2151,.F.);
#2269=ADVANCED_FACE('',(#382),#58,.T.);
#2270=ADVANCED_FACE('',(#383),#248,.T.);
#2271=ADVANCED_FACE('',(#384),#2152,.F.);
#2272=ADVANCED_FACE('',(#385),#2153,.F.);
#2273=ADVANCED_FACE('',(#386),#2154,.F.);
#2274=ADVANCED_FACE('',(#387),#2155,.F.);
#2275=ADVANCED_FACE('',(#388),#59,.T.);
#2276=ADVANCED_FACE('',(#389),#249,.T.);
#2277=ADVANCED_FACE('',(#390),#28,.T.);
#2278=ADVANCED_FACE('',(#391),#29,.T.);
#2279=ADVANCED_FACE('',(#392),#250,.T.);
#2280=ADVANCED_FACE('',(#393),#60,.T.);
#2281=ADVANCED_FACE('',(#394),#251,.F.);
#2282=ADVANCED_FACE('',(#395),#252,.T.);
#2283=ADVANCED_FACE('',(#396),#253,.F.);
#2284=ADVANCED_FACE('',(#397),#254,.T.);
#2285=ADVANCED_FACE('',(#398),#255,.F.);
#2286=ADVANCED_FACE('',(#399),#256,.T.);
#2287=ADVANCED_FACE('',(#400),#257,.T.);
#2288=ADVANCED_FACE('',(#401),#258,.F.);
#2289=ADVANCED_FACE('',(#402),#259,.T.);
#2290=ADVANCED_FACE('',(#403),#260,.T.);
#2291=ADVANCED_FACE('',(#404),#30,.T.);
#2292=ADVANCED_FACE('',(#405),#261,.T.);
#2293=ADVANCED_FACE('',(#406),#31,.T.);
#2294=ADVANCED_FACE('',(#407),#262,.F.);
#2295=ADVANCED_FACE('',(#408),#263,.T.);
#2296=ADVANCED_FACE('',(#409),#264,.F.);
#2297=ADVANCED_FACE('',(#410),#265,.F.);
#2298=ADVANCED_FACE('',(#411),#266,.T.);
#2299=ADVANCED_FACE('',(#412),#32,.F.);
#2300=ADVANCED_FACE('',(#413),#33,.T.);
#2301=ADVANCED_FACE('',(#414),#34,.T.);
#2302=ADVANCED_FACE('',(#415),#35,.T.);
#2303=ADVANCED_FACE('',(#416),#267,.F.);
#2304=ADVANCED_FACE('',(#417),#268,.F.);
#2305=CLOSED_SHELL('',(#2156,#2157,#2158,#2159,#2160,#2161,#2162,#2163,
#2164,#2165,#2166,#2167,#2168,#2169,#2170,#2171,#2172,#2173,#2174,#2175,
#2176,#2177,#2178,#2179,#2180,#2181,#2182,#2183,#2184,#2185,#2186,#2187,
#2188,#2189,#2190,#2191,#2192,#2193,#2194,#2195,#2196,#2197,#2198,#2199,
#2200,#2201,#2202,#2203,#2204,#2205,#2206,#2207,#2208,#2209,#2210,#2211,
#2212,#2213,#2214,#2215,#2216,#2217,#2218,#2219,#2220,#2221,#2222,#2223,
#2224,#2225,#2226,#2227,#2228,#2229,#2230,#2231,#2232,#2233,#2234,#2235,
#2236,#2237,#2238,#2239,#2240,#2241,#2242,#2243,#2244,#2245,#2246,#2247,
#2248,#2249,#2250,#2251,#2252,#2253,#2254,#2255,#2256,#2257,#2258,#2259,
#2260,#2261,#2262,#2263,#2264,#2265,#2266,#2267,#2268,#2269,#2270,#2271,
#2272,#2273,#2274,#2275,#2276,#2277,#2278,#2279,#2280,#2281,#2282,#2283,
#2284,#2285,#2286,#2287,#2288,#2289,#2290,#2291,#2292,#2293,#2294,#2295,
#2296,#2297,#2298,#2299,#2300,#2301,#2302,#2303,#2304));
#2306=AXIS2_PLACEMENT_3D('',#3200,#2577,#2578);
#2307=AXIS2_PLACEMENT_3D('',#3223,#2579,#2580);
#2308=AXIS2_PLACEMENT_3D('',#3230,#2581,#2582);
#2309=AXIS2_PLACEMENT_3D('',#3267,#2583,#2584);
#2310=AXIS2_PLACEMENT_3D('',#3303,#2585,#2586);
#2311=AXIS2_PLACEMENT_3D('',#3308,#2587,#2588);
#2312=AXIS2_PLACEMENT_3D('',#3311,#2589,#2590);
#2313=AXIS2_PLACEMENT_3D('',#3314,#2593,#2594);
#2314=AXIS2_PLACEMENT_3D('',#3319,#2596,#2597);
#2315=AXIS2_PLACEMENT_3D('',#3336,#2599,#2600);
#2316=AXIS2_PLACEMENT_3D('',#3339,#2601,#2602);
#2317=AXIS2_PLACEMENT_3D('',#3341,#2603,#2604);
#2318=AXIS2_PLACEMENT_3D('',#3343,#2605,#2606);
#2319=AXIS2_PLACEMENT_3D('',#3344,#2607,#2608);
#2320=AXIS2_PLACEMENT_3D('',#3345,#2609,#2610);
#2321=AXIS2_PLACEMENT_3D('',#3364,#2613,#2614);
#2322=AXIS2_PLACEMENT_3D('',#3367,#2615,#2616);
#2323=AXIS2_PLACEMENT_3D('',#3368,#2617,#2618);
#2324=AXIS2_PLACEMENT_3D('',#3369,#2619,#2620);
#2325=AXIS2_PLACEMENT_3D('',#3402,#2621,#2622);
#2326=AXIS2_PLACEMENT_3D('',#3435,#2623,#2624);
#2327=AXIS2_PLACEMENT_3D('',#3468,#2625,#2626);
#2328=AXIS2_PLACEMENT_3D('',#3475,#2627,#2628);
#2329=AXIS2_PLACEMENT_3D('',#3507,#2629,#2630);
#2330=AXIS2_PLACEMENT_3D('',#3548,#2631,#2632);
#2331=AXIS2_PLACEMENT_3D('',#3553,#2633,#2634);
#2332=AXIS2_PLACEMENT_3D('',#3556,#2635,#2636);
#2333=AXIS2_PLACEMENT_3D('',#3641,#2639,#2640);
#2334=AXIS2_PLACEMENT_3D('',#3642,#2641,#2642);
#2335=AXIS2_PLACEMENT_3D('',#3646,#2645,#2646);
#2336=AXIS2_PLACEMENT_3D('',#3648,#2647,#2648);
#2337=AXIS2_PLACEMENT_3D('',#3652,#2650,#2651);
#2338=AXIS2_PLACEMENT_3D('',#3654,#2653,#2654);
#2339=AXIS2_PLACEMENT_3D('',#3656,#2655,#2656);
#2340=AXIS2_PLACEMENT_3D('',#3662,#2659,#2660);
#2341=AXIS2_PLACEMENT_3D('',#3665,#2662,#2663);
#2342=AXIS2_PLACEMENT_3D('',#3666,#2664,#2665);
#2343=AXIS2_PLACEMENT_3D('',#3668,#2666,#2667);
#2344=AXIS2_PLACEMENT_3D('',#3670,#2668,#2669);
#2345=AXIS2_PLACEMENT_3D('',#3674,#2671,#2672);
#2346=AXIS2_PLACEMENT_3D('',#3698,#2674,#2675);
#2347=AXIS2_PLACEMENT_3D('',#3705,#2676,#2677);
#2348=AXIS2_PLACEMENT_3D('',#3742,#2678,#2679);
#2349=AXIS2_PLACEMENT_3D('',#3778,#2680,#2681);
#2350=AXIS2_PLACEMENT_3D('',#3783,#2682,#2683);
#2351=AXIS2_PLACEMENT_3D('',#3786,#2684,#2685);
#2352=AXIS2_PLACEMENT_3D('',#3789,#2688,#2689);
#2353=AXIS2_PLACEMENT_3D('',#3794,#2691,#2692);
#2354=AXIS2_PLACEMENT_3D('',#3811,#2694,#2695);
#2355=AXIS2_PLACEMENT_3D('',#3814,#2696,#2697);
#2356=AXIS2_PLACEMENT_3D('',#3815,#2698,#2699);
#2357=AXIS2_PLACEMENT_3D('',#3816,#2700,#2701);
#2358=AXIS2_PLACEMENT_3D('',#3849,#2702,#2703);
#2359=AXIS2_PLACEMENT_3D('',#3855,#2704,#2705);
#2360=AXIS2_PLACEMENT_3D('',#3858,#2706,#2707);
#2361=AXIS2_PLACEMENT_3D('',#3860,#2708,#2709);
#2362=AXIS2_PLACEMENT_3D('',#3862,#2710,#2711);
#2363=AXIS2_PLACEMENT_3D('',#3863,#2712,#2713);
#2364=AXIS2_PLACEMENT_3D('',#3864,#2714,#2715);
#2365=AXIS2_PLACEMENT_3D('',#3910,#2718,#2719);
#2366=AXIS2_PLACEMENT_3D('',#3943,#2720,#2721);
#2367=AXIS2_PLACEMENT_3D('',#3950,#2722,#2723);
#2368=AXIS2_PLACEMENT_3D('',#3982,#2724,#2725);
#2369=AXIS2_PLACEMENT_3D('',#4023,#2726,#2727);
#2370=AXIS2_PLACEMENT_3D('',#4028,#2728,#2729);
#2371=AXIS2_PLACEMENT_3D('',#4031,#2730,#2731);
#2372=AXIS2_PLACEMENT_3D('',#4090,#2734,#2735);
#2373=AXIS2_PLACEMENT_3D('',#4092,#2736,#2737);
#2374=AXIS2_PLACEMENT_3D('',#4098,#2740,#2741);
#2375=AXIS2_PLACEMENT_3D('',#4101,#2743,#2744);
#2376=AXIS2_PLACEMENT_3D('',#4102,#2745,#2746);
#2377=AXIS2_PLACEMENT_3D('',#4104,#2747,#2748);
#2378=AXIS2_PLACEMENT_3D('',#4106,#2749,#2750);
#2379=AXIS2_PLACEMENT_3D('',#4110,#2752,#2753);
#2380=AXIS2_PLACEMENT_3D('',#4114,#2756,#2757);
#2381=AXIS2_PLACEMENT_3D('',#4116,#2758,#2759);
#2382=AXIS2_PLACEMENT_3D('',#4119,#2761,#2762);
#2383=AXIS2_PLACEMENT_3D('',#4120,#2763,#2764);
#2384=AXIS2_PLACEMENT_3D('',#4146,#2767,#2768);
#2385=AXIS2_PLACEMENT_3D('',#4168,#2769,#2770);
#2386=AXIS2_PLACEMENT_3D('',#4190,#2771,#2772);
#2387=AXIS2_PLACEMENT_3D('',#4195,#2773,#2774);
#2388=AXIS2_PLACEMENT_3D('',#4197,#2775,#2776);
#2389=AXIS2_PLACEMENT_3D('',#4199,#2777,#2778);
#2390=AXIS2_PLACEMENT_3D('',#4200,#2779,#2780);
#2391=AXIS2_PLACEMENT_3D('',#4201,#2781,#2782);
#2392=AXIS2_PLACEMENT_3D('',#4203,#2783,#2784);
#2393=AXIS2_PLACEMENT_3D('',#4205,#2786,#2787);
#2394=AXIS2_PLACEMENT_3D('',#4207,#2788,#2789);
#2395=AXIS2_PLACEMENT_3D('',#4208,#2790,#2791);
#2396=AXIS2_PLACEMENT_3D('',#4209,#2792,#2793);
#2397=AXIS2_PLACEMENT_3D('',#4211,#2794,#2795);
#2398=AXIS2_PLACEMENT_3D('',#4214,#2798,#2799);
#2399=AXIS2_PLACEMENT_3D('',#4216,#2800,#2801);
#2400=AXIS2_PLACEMENT_3D('',#4217,#2802,#2803);
#2401=AXIS2_PLACEMENT_3D('',#4218,#2804,#2805);
#2402=AXIS2_PLACEMENT_3D('',#4220,#2806,#2807);
#2403=AXIS2_PLACEMENT_3D('',#4222,#2809,#2810);
#2404=AXIS2_PLACEMENT_3D('',#4224,#2811,#2812);
#2405=AXIS2_PLACEMENT_3D('',#4225,#2813,#2814);
#2406=AXIS2_PLACEMENT_3D('',#4226,#2815,#2816);
#2407=AXIS2_PLACEMENT_3D('',#4228,#2817,#2818);
#2408=AXIS2_PLACEMENT_3D('',#4230,#2820,#2821);
#2409=AXIS2_PLACEMENT_3D('',#4232,#2822,#2823);
#2410=AXIS2_PLACEMENT_3D('',#4233,#2824,#2825);
#2411=AXIS2_PLACEMENT_3D('',#4234,#2826,#2827);
#2412=AXIS2_PLACEMENT_3D('',#4236,#2828,#2829);
#2413=AXIS2_PLACEMENT_3D('',#4237,#2830,#2831);
#2414=AXIS2_PLACEMENT_3D('',#4238,#2832,#2833);
#2415=AXIS2_PLACEMENT_3D('',#4239,#2834,#2835);
#2416=AXIS2_PLACEMENT_3D('',#4241,#2836,#2837);
#2417=AXIS2_PLACEMENT_3D('',#4242,#2838,#2839);
#2418=AXIS2_PLACEMENT_3D('',#4243,#2840,#2841);
#2419=AXIS2_PLACEMENT_3D('',#4245,#2842,#2843);
#2420=AXIS2_PLACEMENT_3D('',#4247,#2845,#2846);
#2421=AXIS2_PLACEMENT_3D('',#4249,#2847,#2848);
#2422=AXIS2_PLACEMENT_3D('',#4250,#2849,#2850);
#2423=AXIS2_PLACEMENT_3D('',#4251,#2851,#2852);
#2424=AXIS2_PLACEMENT_3D('',#4253,#2853,#2854);
#2425=AXIS2_PLACEMENT_3D('',#4255,#2856,#2857);
#2426=AXIS2_PLACEMENT_3D('',#4258,#2858,#2859);
#2427=AXIS2_PLACEMENT_3D('',#4259,#2860,#2861);
#2428=AXIS2_PLACEMENT_3D('',#4260,#2862,#2863);
#2429=AXIS2_PLACEMENT_3D('',#4261,#2864,#2865);
#2430=AXIS2_PLACEMENT_3D('',#4264,#2866,#2867);
#2431=AXIS2_PLACEMENT_3D('',#4267,#2870,#2871);
#2432=AXIS2_PLACEMENT_3D('',#4269,#2872,#2873);
#2433=AXIS2_PLACEMENT_3D('',#4270,#2874,#2875);
#2434=AXIS2_PLACEMENT_3D('',#4271,#2876,#2877);
#2435=AXIS2_PLACEMENT_3D('',#4272,#2878,#2879);
#2436=AXIS2_PLACEMENT_3D('',#4274,#2880,#2881);
#2437=AXIS2_PLACEMENT_3D('',#4276,#2883,#2884);
#2438=AXIS2_PLACEMENT_3D('',#4278,#2885,#2886);
#2439=AXIS2_PLACEMENT_3D('',#4279,#2887,#2888);
#2440=AXIS2_PLACEMENT_3D('',#4280,#2889,#2890);
#2441=AXIS2_PLACEMENT_3D('',#4282,#2891,#2892);
#2442=AXIS2_PLACEMENT_3D('',#4284,#2894,#2895);
#2443=AXIS2_PLACEMENT_3D('',#4286,#2896,#2897);
#2444=AXIS2_PLACEMENT_3D('',#4287,#2898,#2899);
#2445=AXIS2_PLACEMENT_3D('',#4288,#2900,#2901);
#2446=AXIS2_PLACEMENT_3D('',#4290,#2902,#2903);
#2447=AXIS2_PLACEMENT_3D('',#4291,#2904,#2905);
#2448=AXIS2_PLACEMENT_3D('',#4292,#2906,#2907);
#2449=AXIS2_PLACEMENT_3D('',#4293,#2908,#2909);
#2450=AXIS2_PLACEMENT_3D('',#4295,#2910,#2911);
#2451=AXIS2_PLACEMENT_3D('',#4296,#2912,#2913);
#2452=AXIS2_PLACEMENT_3D('',#4297,#2914,#2915);
#2453=AXIS2_PLACEMENT_3D('',#4299,#2917,#2918);
#2454=AXIS2_PLACEMENT_3D('',#4301,#2920,#2921);
#2455=AXIS2_PLACEMENT_3D('',#4303,#2923,#2924);
#2456=AXIS2_PLACEMENT_3D('',#4306,#2925,#2926);
#2457=AXIS2_PLACEMENT_3D('',#4310,#2928,#2929);
#2458=AXIS2_PLACEMENT_3D('',#4334,#2931,#2932);
#2459=AXIS2_PLACEMENT_3D('',#4341,#2933,#2934);
#2460=AXIS2_PLACEMENT_3D('',#4372,#2935,#2936);
#2461=AXIS2_PLACEMENT_3D('',#4407,#2937,#2938);
#2462=AXIS2_PLACEMENT_3D('',#4414,#2939,#2940);
#2463=AXIS2_PLACEMENT_3D('',#4451,#2941,#2942);
#2464=AXIS2_PLACEMENT_3D('',#4452,#2943,#2944);
#2465=AXIS2_PLACEMENT_3D('',#4486,#2945,#2946);
#2466=AXIS2_PLACEMENT_3D('',#4487,#2947,#2948);
#2467=AXIS2_PLACEMENT_3D('',#4488,#2949,#2950);
#2468=AXIS2_PLACEMENT_3D('',#4526,#2951,#2952);
#2469=AXIS2_PLACEMENT_3D('',#4527,#2953,#2954);
#2470=AXIS2_PLACEMENT_3D('',#4562,#2955,#2956);
#2471=AXIS2_PLACEMENT_3D('',#4563,#2957,#2958);
#2472=AXIS2_PLACEMENT_3D('',#4564,#2959,#2960);
#2473=AXIS2_PLACEMENT_3D('',#4597,#2961,#2962);
#2474=AXIS2_PLACEMENT_3D('',#4598,#2963,#2964);
#2475=AXIS2_PLACEMENT_3D('',#4631,#2965,#2966);
#2476=AXIS2_PLACEMENT_3D('',#4666,#2967,#2968);
#2477=AXIS2_PLACEMENT_3D('',#4701,#2969,#2970);
#2478=AXIS2_PLACEMENT_3D('',#4732,#2971,#2972);
#2479=AXIS2_PLACEMENT_3D('',#4773,#2973,#2974);
#2480=AXIS2_PLACEMENT_3D('',#4776,#2975,#2976);
#2481=AXIS2_PLACEMENT_3D('',#4780,#2978,#2979);
#2482=AXIS2_PLACEMENT_3D('',#4838,#2981,#2982);
#2483=AXIS2_PLACEMENT_3D('',#4860,#2984,#2985);
#2484=AXIS2_PLACEMENT_3D('',#4877,#2986,#2987);
#2485=AXIS2_PLACEMENT_3D('',#4894,#2988,#2989);
#2486=AXIS2_PLACEMENT_3D('',#4895,#2990,#2991);
#2487=AXIS2_PLACEMENT_3D('',#4896,#2992,#2993);
#2488=AXIS2_PLACEMENT_3D('',#4897,#2994,#2995);
#2489=AXIS2_PLACEMENT_3D('',#4899,#2997,#2998);
#2490=AXIS2_PLACEMENT_3D('',#4902,#3001,#3002);
#2491=AXIS2_PLACEMENT_3D('',#4903,#3003,#3004);
#2492=AXIS2_PLACEMENT_3D('',#4904,#3005,#3006);
#2493=AXIS2_PLACEMENT_3D('',#4905,#3007,#3008);
#2494=AXIS2_PLACEMENT_3D('',#4922,#3009,#3010);
#2495=AXIS2_PLACEMENT_3D('',#4939,#3011,#3012);
#2496=AXIS2_PLACEMENT_3D('',#4960,#3013,#3014);
#2497=AXIS2_PLACEMENT_3D('',#4962,#3016,#3017);
#2498=AXIS2_PLACEMENT_3D('',#4964,#3018,#3019);
#2499=AXIS2_PLACEMENT_3D('',#4966,#3020,#3021);
#2500=AXIS2_PLACEMENT_3D('',#4990,#3023,#3024);
#2501=AXIS2_PLACEMENT_3D('',#4996,#3025,#3026);
#2502=AXIS2_PLACEMENT_3D('',#5027,#3027,#3028);
#2503=AXIS2_PLACEMENT_3D('',#5062,#3029,#3030);
#2504=AXIS2_PLACEMENT_3D('',#5097,#3031,#3032);
#2505=AXIS2_PLACEMENT_3D('',#5106,#3033,#3034);
#2506=AXIS2_PLACEMENT_3D('',#5109,#3035,#3036);
#2507=AXIS2_PLACEMENT_3D('',#5110,#3037,#3038);
#2508=AXIS2_PLACEMENT_3D('',#5111,#3039,#3040);
#2509=AXIS2_PLACEMENT_3D('',#5123,#3041,#3042);
#2510=AXIS2_PLACEMENT_3D('',#5124,#3043,#3044);
#2511=AXIS2_PLACEMENT_3D('',#5125,#3045,#3046);
#2512=AXIS2_PLACEMENT_3D('',#5126,#3047,#3048);
#2513=AXIS2_PLACEMENT_3D('',#5129,#3049,#3050);
#2514=AXIS2_PLACEMENT_3D('',#5131,#3051,#3052);
#2515=AXIS2_PLACEMENT_3D('',#5132,#3053,#3054);
#2516=AXIS2_PLACEMENT_3D('',#5133,#3055,#3056);
#2517=AXIS2_PLACEMENT_3D('',#5145,#3057,#3058);
#2518=AXIS2_PLACEMENT_3D('',#5146,#3059,#3060);
#2519=AXIS2_PLACEMENT_3D('',#5147,#3061,#3062);
#2520=AXIS2_PLACEMENT_3D('',#5174,#3063,#3064);
#2521=AXIS2_PLACEMENT_3D('',#5181,#3065,#3066);
#2522=AXIS2_PLACEMENT_3D('',#5211,#3067,#3068);
#2523=AXIS2_PLACEMENT_3D('',#5245,#3069,#3070);
#2524=AXIS2_PLACEMENT_3D('',#5271,#3071,#3072);
#2525=AXIS2_PLACEMENT_3D('',#5276,#3073,#3074);
#2526=AXIS2_PLACEMENT_3D('',#5277,#3075,#3076);
#2527=AXIS2_PLACEMENT_3D('',#5278,#3077,#3078);
#2528=AXIS2_PLACEMENT_3D('',#5279,#3079,#3080);
#2529=AXIS2_PLACEMENT_3D('',#5281,#3081,#3082);
#2530=AXIS2_PLACEMENT_3D('',#5284,#3084,#3085);
#2531=AXIS2_PLACEMENT_3D('',#5349,#3086,#3087);
#2532=AXIS2_PLACEMENT_3D('',#5366,#3088,#3089);
#2533=AXIS2_PLACEMENT_3D('',#5367,#3090,#3091);
#2534=AXIS2_PLACEMENT_3D('',#5368,#3092,#3093);
#2535=AXIS2_PLACEMENT_3D('',#5369,#3094,#3095);
#2536=AXIS2_PLACEMENT_3D('',#5371,#3097,#3098);
#2537=AXIS2_PLACEMENT_3D('',#5374,#3101,#3102);
#2538=AXIS2_PLACEMENT_3D('',#5376,#3104,#3105);
#2539=AXIS2_PLACEMENT_3D('',#5377,#3106,#3107);
#2540=AXIS2_PLACEMENT_3D('',#5378,#3108,#3109);
#2541=AXIS2_PLACEMENT_3D('',#5379,#3110,#3111);
#2542=AXIS2_PLACEMENT_3D('',#5381,#3112,#3113);
#2543=AXIS2_PLACEMENT_3D('',#5383,#3115,#3116);
#2544=AXIS2_PLACEMENT_3D('',#5385,#3117,#3118);
#2545=AXIS2_PLACEMENT_3D('',#5387,#3120,#3121);
#2546=AXIS2_PLACEMENT_3D('',#5389,#3122,#3123);
#2547=AXIS2_PLACEMENT_3D('',#5391,#3125,#3126);
#2548=AXIS2_PLACEMENT_3D('',#5393,#3127,#3128);
#2549=AXIS2_PLACEMENT_3D('',#5395,#3130,#3131);
#2550=AXIS2_PLACEMENT_3D('',#5397,#3132,#3133);
#2551=AXIS2_PLACEMENT_3D('',#5399,#3135,#3136);
#2552=AXIS2_PLACEMENT_3D('',#5401,#3137,#3138);
#2553=AXIS2_PLACEMENT_3D('',#5403,#3140,#3141);
#2554=AXIS2_PLACEMENT_3D('',#5405,#3142,#3143);
#2555=AXIS2_PLACEMENT_3D('',#5407,#3145,#3146);
#2556=AXIS2_PLACEMENT_3D('',#5409,#3147,#3148);
#2557=AXIS2_PLACEMENT_3D('',#5411,#3150,#3151);
#2558=AXIS2_PLACEMENT_3D('',#5413,#3152,#3153);
#2559=AXIS2_PLACEMENT_3D('',#5415,#3155,#3156);
#2560=AXIS2_PLACEMENT_3D('',#5417,#3158,#3159);
#2561=AXIS2_PLACEMENT_3D('',#5419,#3161,#3162);
#2562=AXIS2_PLACEMENT_3D('',#5422,#3165,#3166);
#2563=AXIS2_PLACEMENT_3D('',#5424,#3168,#3169);
#2564=AXIS2_PLACEMENT_3D('',#5426,#3171,#3172);
#2565=AXIS2_PLACEMENT_3D('',#5428,#3174,#3175);
#2566=AXIS2_PLACEMENT_3D('',#5429,#3176,#3177);
#2567=AXIS2_PLACEMENT_3D('',#5430,#3178,#3179);
#2568=AXIS2_PLACEMENT_3D('',#5431,#3180,#3181);
#2569=AXIS2_PLACEMENT_3D('',#5434,#3183,#3184);
#2570=AXIS2_PLACEMENT_3D('',#5435,#3185,#3186);
#2571=AXIS2_PLACEMENT_3D('',#5437,#3188,#3189);
#2572=AXIS2_PLACEMENT_3D('',#5438,#3190,#3191);
#2573=AXIS2_PLACEMENT_3D('',#5439,#3192,#3193);
#2574=AXIS2_PLACEMENT_3D('',#5440,#3194,#3195);
#2575=AXIS2_PLACEMENT_3D('',#5441,#3196,#3197);
#2576=AXIS2_PLACEMENT_3D('',#5442,#3198,#3199);
#2577=DIRECTION('axis',(0.,0.,1.));
#2578=DIRECTION('refdir',(1.,0.,0.));
#2579=DIRECTION('center_axis',(-0.207625888070345,0.74759274536147,0.630869699451401));
#2580=DIRECTION('ref_axis',(-0.563996096688663,0.435450721948888,-0.701634571321956));
#2581=DIRECTION('center_axis',(0.156814438700266,-0.741776062385309,-0.652056366495464));
#2582=DIRECTION('ref_axis',(-0.97312595705204,-0.228775320037568,0.026224504823924));
#2583=DIRECTION('center_axis',(-0.58266968988212,0.518124668674358,0.626133260739087));
#2584=DIRECTION('ref_axis',(-0.609582798765467,0.230910517198061,-0.758346322267461));
#2585=DIRECTION('center_axis',(-0.779409881351356,0.,0.626514354864967));
#2586=DIRECTION('ref_axis',(-0.617751484773055,0.166666666666665,-0.768508506968471));
#2587=DIRECTION('center_axis',(-0.779409881351351,0.,0.626514354864973));
#2588=DIRECTION('ref_axis',(-0.478508242524196,-0.645497224367902,-0.595284129781519));
#2589=DIRECTION('center_axis',(0.779409881351352,0.,-0.626514354864972));
#2590=DIRECTION('ref_axis',(-0.478508242524196,-0.645497224367902,-0.595284129781519));
#2591=DIRECTION('',(-0.779409881351351,0.,0.626514354864973));
#2592=DIRECTION('',(0.779409881351351,0.,-0.626514354864973));
#2593=DIRECTION('center_axis',(0.626513938252739,0.,-0.77941021623728));
#2594=DIRECTION('ref_axis',(0.551126249227453,0.707106781186549,0.4430122542464));
#2595=DIRECTION('',(0.626513938252739,0.,-0.77941021623728));
#2596=DIRECTION('center_axis',(-0.626513938252738,-2.78228079798709E-15,
0.77941021623728));
#2597=DIRECTION('ref_axis',(0.77941021623728,0.,0.626513938252738));
#2598=DIRECTION('',(-0.626513938252739,0.,0.77941021623728));
#2599=DIRECTION('center_axis',(0.779409881351352,0.,-0.626514354864972));
#2600=DIRECTION('ref_axis',(-0.626514354864972,0.,-0.779409881351352));
#2601=DIRECTION('center_axis',(0.602083854963688,0.276528622219056,0.749017324689954));
#2602=DIRECTION('ref_axis',(-0.173249151351271,0.961005682133894,-0.215529140634008));
#2603=DIRECTION('center_axis',(0.779409881351352,0.,-0.626514354864972));
#2604=DIRECTION('ref_axis',(-0.0785827116660149,0.992102670615645,-0.0977601574493478));
#2605=DIRECTION('center_axis',(-0.626514354864971,0.,-0.779409881351352));
#2606=DIRECTION('ref_axis',(-0.779409881351352,0.,0.626514354864971));
#2607=DIRECTION('center_axis',(-0.779409881351352,0.,0.626514354864972));
#2608=DIRECTION('ref_axis',(-0.0785827116660149,0.992102670615645,-0.0977601574493477));
#2609=DIRECTION('center_axis',(0.626514354864972,0.,0.779409881351352));
#2610=DIRECTION('ref_axis',(-0.551126012427348,0.707106781186544,0.443012548835735));
#2611=DIRECTION('',(-0.626514354864972,0.,-0.779409881351352));
#2612=DIRECTION('',(0.626514354864972,0.,0.779409881351352));
#2613=DIRECTION('center_axis',(-0.77941021623728,0.,-0.626513938252739));
#2614=DIRECTION('ref_axis',(-0.626513938252739,0.,0.77941021623728));
#2615=DIRECTION('center_axis',(-0.602083447576345,0.276528661162164,0.749017637783279));
#2616=DIRECTION('ref_axis',(0.77941021623728,0.,0.626513938252739));
#2617=DIRECTION('center_axis',(0.77941021623728,0.,0.626513938252739));
#2618=DIRECTION('ref_axis',(0.0785826706574337,0.992102668346179,-0.0977602134446137));
#2619=DIRECTION('center_axis',(-0.77941021623728,0.,-0.626513938252739));
#2620=DIRECTION('ref_axis',(0.0785826706574337,0.992102668346179,-0.0977602134446137));
#2621=DIRECTION('center_axis',(-0.0687518865418801,0.765385181996342,0.639889600851083));
#2622=DIRECTION('ref_axis',(0.994277461237258,0.,0.106828507785113));
#2623=DIRECTION('center_axis',(0.0687522001719649,0.765385172596291,0.639889578397133));
#2624=DIRECTION('ref_axis',(-0.51135733176248,0.577777777777777,-0.636149761266112));
#2625=DIRECTION('center_axis',(-0.156814773926072,-0.741776074644232,-0.652056271930506));
#2626=DIRECTION('ref_axis',(0.548337315363327,0.483725695608629,-0.682155143635293));
#2627=DIRECTION('center_axis',(0.207625113965293,0.747592744982294,0.630869954666362));
#2628=DIRECTION('ref_axis',(0.932448517756543,-0.346198616058543,0.10337446480043));
#2629=DIRECTION('center_axis',(0.582675069219757,0.518118167184068,0.626133634732693));
#2630=DIRECTION('ref_axis',(0.468208419994656,-0.843735859103624,0.26247033262595));
#2631=DIRECTION('center_axis',(0.779410216237287,-4.85241706977237E-15,
0.62651393825273));
#2632=DIRECTION('ref_axis',(-4.44089209850063E-15,-1.,-2.22044604925032E-15));
#2633=DIRECTION('center_axis',(-0.77941021623728,0.,-0.626513938252739));
#2634=DIRECTION('ref_axis',(0.478507924331345,-0.645497224367902,-0.595284385554873));
#2635=DIRECTION('center_axis',(-0.779409881351352,0.,-0.626514354864972));
#2636=DIRECTION('ref_axis',(0.478508242524222,-0.645497224367848,-0.595284129781556));
#2637=DIRECTION('',(0.77941021623728,0.,0.626513938252739));
#2638=DIRECTION('',(-0.77941021623728,0.,-0.626513938252739));
#2639=DIRECTION('center_axis',(-0.488989378296546,-7.61619072811289E-16,
-0.872289738511899));
#2640=DIRECTION('ref_axis',(6.61409461478817E-15,-1.,-2.83461197776636E-15));
#2641=DIRECTION('center_axis',(0.,1.,0.));
#2642=DIRECTION('ref_axis',(0.626514354864972,0.,0.779409881351352));
#2643=DIRECTION('',(0.626514354864972,0.,0.779409881351352));
#2644=DIRECTION('',(0.779409881351352,0.,-0.626514354864972));
#2645=DIRECTION('center_axis',(-0.779409881351351,0.,0.626514354864973));
#2646=DIRECTION('ref_axis',(-0.443012548835737,0.707106781186547,-0.551126012427343));
#2647=DIRECTION('center_axis',(0.779409881351352,0.,-0.626514354864972));
#2648=DIRECTION('ref_axis',(-0.443012548835737,0.707106781186547,-0.551126012427343));
#2649=DIRECTION('',(0.779409881351351,0.,-0.626514354864973));
#2650=DIRECTION('center_axis',(0.779409881351352,0.,-0.626514354864972));
#2651=DIRECTION('ref_axis',(-0.443012548835736,0.707106781186548,-0.551126012427343));
#2652=DIRECTION('',(-0.779409881351351,0.,0.626514354864973));
#2653=DIRECTION('center_axis',(0.,1.,0.));
#2654=DIRECTION('ref_axis',(1.,0.,0.));
#2655=DIRECTION('center_axis',(0.,1.,0.));
#2656=DIRECTION('ref_axis',(2.67261265379279E-7,0.,0.999999999999964));
#2657=DIRECTION('',(0.77941021623728,0.,0.626513938252738));
#2658=DIRECTION('',(0.626513938252739,0.,-0.779410216237279));
#2659=DIRECTION('center_axis',(0.,-1.,0.));
#2660=DIRECTION('ref_axis',(-0.972450509880653,0.,-0.23310942888021));
#2661=DIRECTION('',(-0.205059471772905,0.,-0.97874951496091));
#2662=DIRECTION('center_axis',(0.,1.,0.));
#2663=DIRECTION('ref_axis',(0.993723622435429,0.,-0.111863140550449));
#2664=DIRECTION('center_axis',(0.,1.,0.));
#2665=DIRECTION('ref_axis',(1.,0.,0.));
#2666=DIRECTION('center_axis',(0.,1.,0.));
#2667=DIRECTION('ref_axis',(2.67261265379279E-7,0.,0.999999999999964));
#2668=DIRECTION('center_axis',(0.,1.,0.));
#2669=DIRECTION('ref_axis',(-0.993723682228656,0.,-0.111862609382769));
#2670=DIRECTION('',(-0.205058948609208,0.,0.978749624569679));
#2671=DIRECTION('center_axis',(0.,-1.,0.));
#2672=DIRECTION('ref_axis',(0.972450385278272,0.,-0.233109948676885));
#2673=DIRECTION('',(0.626514354864972,0.,0.779409881351352));
#2674=DIRECTION('center_axis',(0.207625113965293,-0.747592744982294,0.630869954666362));
#2675=DIRECTION('ref_axis',(0.563995431284711,-0.435451680064822,-0.701634511564744));
#2676=DIRECTION('center_axis',(-0.156814773926068,0.741776074644233,-0.652056271930506));
#2677=DIRECTION('ref_axis',(0.973125966398391,0.228775335006038,0.0262240274190173));
#2678=DIRECTION('center_axis',(0.582675069219752,-0.518118167184073,0.626133634732693));
#2679=DIRECTION('ref_axis',(0.609582679773108,-0.230908591257402,-0.758347004348378));
#2680=DIRECTION('center_axis',(0.779410216237287,0.,0.62651393825273));
#2681=DIRECTION('ref_axis',(0.617751073987849,-0.166666666666671,-0.768508837170452));
#2682=DIRECTION('center_axis',(0.77941021623728,0.,0.626513938252739));
#2683=DIRECTION('ref_axis',(0.478507924331345,0.645497224367902,-0.595284385554873));
#2684=DIRECTION('center_axis',(-0.779409881351352,0.,-0.626514354864972));
#2685=DIRECTION('ref_axis',(0.478508242524222,0.645497224367848,-0.595284129781556));
#2686=DIRECTION('',(0.77941021623728,0.,0.626513938252739));
#2687=DIRECTION('',(-0.77941021623728,0.,-0.626513938252739));
#2688=DIRECTION('center_axis',(-0.626514354864972,0.,-0.779409881351352));
#2689=DIRECTION('ref_axis',(-0.551126012427348,-0.707106781186544,0.443012548835735));
#2690=DIRECTION('',(-0.626514354864972,0.,-0.779409881351352));
#2691=DIRECTION('center_axis',(0.626514354864975,2.78228264811708E-15,0.779409881351349));
#2692=DIRECTION('ref_axis',(-0.779409881351349,0.,0.626514354864975));
#2693=DIRECTION('',(0.626514354864972,0.,0.779409881351352));
#2694=DIRECTION('center_axis',(0.779409881351352,0.,-0.626514354864972));
#2695=DIRECTION('ref_axis',(-0.626514354864972,0.,-0.779409881351352));
#2696=DIRECTION('center_axis',(0.602083854963689,-0.27652862221906,0.749017324689951));
#2697=DIRECTION('ref_axis',(-0.779409881351351,0.,0.626514354864973));
#2698=DIRECTION('center_axis',(-0.779409881351352,0.,0.626514354864972));
#2699=DIRECTION('ref_axis',(-0.0785827116660147,-0.992102670615645,-0.0977601574493474));
#2700=DIRECTION('center_axis',(0.779409881351352,0.,-0.626514354864972));
#2701=DIRECTION('ref_axis',(-0.0785827116660147,-0.992102670615645,-0.0977601574493475));
#2702=DIRECTION('center_axis',(0.0687522001719619,-0.765385172596288,0.639889578397136));
#2703=DIRECTION('ref_axis',(-0.994277409076497,1.11022302462515E-15,0.10682899325618));
#2704=DIRECTION('center_axis',(-0.77941021623728,0.,-0.626513938252739));
#2705=DIRECTION('ref_axis',(-0.626513938252739,0.,0.77941021623728));
#2706=DIRECTION('center_axis',(-0.602083447576347,-0.276528661162161,0.749017637783278));
#2707=DIRECTION('ref_axis',(0.173249060544461,-0.961005670928045,-0.215529263592207));
#2708=DIRECTION('center_axis',(-0.77941021623728,0.,-0.626513938252739));
#2709=DIRECTION('ref_axis',(0.0785826706574341,-0.992102668346179,-0.0977602134446142));
#2710=DIRECTION('center_axis',(0.626513938252739,0.,-0.77941021623728));
#2711=DIRECTION('ref_axis',(0.77941021623728,0.,0.626513938252739));
#2712=DIRECTION('center_axis',(0.77941021623728,0.,0.626513938252739));
#2713=DIRECTION('ref_axis',(0.0785826706574341,-0.992102668346179,-0.0977602134446142));
#2714=DIRECTION('center_axis',(-0.626513938252739,0.,0.77941021623728));
#2715=DIRECTION('ref_axis',(0.551126249227453,-0.707106781186549,0.4430122542464));
#2716=DIRECTION('',(0.626513938252739,0.,-0.77941021623728));
#2717=DIRECTION('',(-0.626513938252739,0.,0.77941021623728));
#2718=DIRECTION('center_axis',(-0.0687518865418796,-0.765385181996342,0.639889600851083));
#2719=DIRECTION('ref_axis',(0.511356991726023,-0.577777777777777,-0.636150034598039));
#2720=DIRECTION('center_axis',(0.156814438700264,0.741776062385309,-0.652056366495465));
#2721=DIRECTION('ref_axis',(-0.548337677859717,-0.483725701762333,-0.682154847885693));
#2722=DIRECTION('center_axis',(-0.207625888070345,-0.747592745361473,0.630869699451398));
#2723=DIRECTION('ref_axis',(-0.932447428739952,0.346200946610812,0.103376482828686));
#2724=DIRECTION('center_axis',(-0.582669689882118,-0.518124668674359,0.626133260739088));
#2725=DIRECTION('ref_axis',(-0.468215446657917,0.843731174383089,0.262472857425414));
#2726=DIRECTION('center_axis',(-0.77940988135135,-6.92255036717304E-15,
0.626514354864975));
#2727=DIRECTION('ref_axis',(-8.88178419700126E-15,1.,0.));
#2728=DIRECTION('center_axis',(0.779409881351351,0.,-0.626514354864973));
#2729=DIRECTION('ref_axis',(-0.478508242524196,0.645497224367902,-0.595284129781519));
#2730=DIRECTION('center_axis',(0.779409881351352,0.,-0.626514354864972));
#2731=DIRECTION('ref_axis',(-0.478508242524196,0.645497224367902,-0.595284129781519));
#2732=DIRECTION('',(-0.779409881351351,0.,0.626514354864973));
#2733=DIRECTION('',(0.779409881351351,0.,-0.626514354864973));
#2734=DIRECTION('center_axis',(0.,1.,0.));
#2735=DIRECTION('ref_axis',(1.,0.,0.));
#2736=DIRECTION('center_axis',(0.,-1.,0.));
#2737=DIRECTION('ref_axis',(2.67261265379279E-7,0.,0.999999999999964));
#2738=DIRECTION('',(-0.779409881351351,0.,0.626514354864973));
#2739=DIRECTION('',(-0.626514354864972,0.,-0.779409881351352));
#2740=DIRECTION('center_axis',(0.,1.,0.));
#2741=DIRECTION('ref_axis',(0.972450385278272,0.,-0.233109948676885));
#2742=DIRECTION('',(0.205058948609208,0.,-0.978749624569679));
#2743=DIRECTION('center_axis',(0.,-1.,0.));
#2744=DIRECTION('ref_axis',(-0.993723682228656,0.,-0.111862609382769));
#2745=DIRECTION('center_axis',(0.,1.,0.));
#2746=DIRECTION('ref_axis',(1.,0.,0.));
#2747=DIRECTION('center_axis',(0.,-1.,0.));
#2748=DIRECTION('ref_axis',(2.67261265379279E-7,0.,0.999999999999964));
#2749=DIRECTION('center_axis',(0.,-1.,0.));
#2750=DIRECTION('ref_axis',(0.993723622435429,0.,-0.111863140550449));
#2751=DIRECTION('',(0.205059471772905,0.,0.97874951496091));
#2752=DIRECTION('center_axis',(0.,1.,0.));
#2753=DIRECTION('ref_axis',(-0.972450509880653,0.,-0.23310942888021));
#2754=DIRECTION('',(-0.626513938252739,0.,0.779410216237279));
#2755=DIRECTION('',(-0.77941021623728,0.,-0.626513938252738));
#2756=DIRECTION('center_axis',(0.779409881351351,0.,-0.626514354864973));
#2757=DIRECTION('ref_axis',(-0.443012548835737,-0.707106781186547,-0.551126012427343));
#2758=DIRECTION('center_axis',(0.779409881351352,0.,-0.626514354864972));
#2759=DIRECTION('ref_axis',(-0.443012548835737,-0.707106781186547,-0.551126012427343));
#2760=DIRECTION('',(0.779409881351351,0.,-0.626514354864973));
#2761=DIRECTION('center_axis',(0.779409881351352,0.,-0.626514354864972));
#2762=DIRECTION('ref_axis',(-0.443012548835736,-0.707106781186548,-0.551126012427343));
#2763=DIRECTION('center_axis',(0.,-1.,0.));
#2764=DIRECTION('ref_axis',(-0.626514354864972,0.,-0.779409881351352));
#2765=DIRECTION('',(-0.779409881351352,0.,0.626514354864972));
#2766=DIRECTION('',(-0.626514354864972,0.,-0.779409881351352));
#2767=DIRECTION('center_axis',(-0.488989378296545,-5.24613623718199E-16,
-0.8722897385119));
#2768=DIRECTION('ref_axis',(-0.841854263556004,0.261850212026057,0.471927817991785));
#2769=DIRECTION('center_axis',(-0.110190629110168,0.,-0.993910471449167));
#2770=DIRECTION('ref_axis',(-0.990895135075881,0.0778358381074103,0.109856331583886));
#2771=DIRECTION('center_axis',(-0.0269389458334305,0.,-0.999637080743498));
#2772=DIRECTION('ref_axis',(-0.999637080743498,-4.72435329627726E-16,0.0269389458334305));
#2773=DIRECTION('center_axis',(0.,1.,0.));
#2774=DIRECTION('ref_axis',(0.,0.,1.));
#2775=DIRECTION('center_axis',(0.205058948609208,0.,-0.978749624569678));
#2776=DIRECTION('ref_axis',(0.978749624569678,0.,0.205058948609208));
#2777=DIRECTION('center_axis',(0.626514354864972,0.,0.779409881351352));
#2778=DIRECTION('ref_axis',(0.,-1.,0.));
#2779=DIRECTION('center_axis',(0.,-1.,0.));
#2780=DIRECTION('ref_axis',(0.972450385278272,0.,-0.233109948676885));
#2781=DIRECTION('center_axis',(0.626514354864972,0.,0.779409881351352));
#2782=DIRECTION('ref_axis',(0.551126012427347,-0.707106781186543,-0.44301254883574));
#2783=DIRECTION('center_axis',(0.62651435486497,0.,0.779409881351353));
#2784=DIRECTION('ref_axis',(0.,-1.,0.));
#2785=DIRECTION('',(0.626514354864972,0.,0.779409881351352));
#2786=DIRECTION('center_axis',(-0.779409881351352,0.,0.626514354864972));
#2787=DIRECTION('ref_axis',(0.626514354864972,0.,0.779409881351352));
#2788=DIRECTION('center_axis',(6.95570662029263E-16,-1.,8.65318795896633E-16));
#2789=DIRECTION('ref_axis',(-0.626514354864972,-1.11022302462515E-15,-0.779409881351352));
#2790=DIRECTION('center_axis',(-0.779409881351352,0.,0.626514354864972));
#2791=DIRECTION('ref_axis',(-0.443012548835736,-0.707106781186548,-0.551126012427343));
#2792=DIRECTION('center_axis',(0.,1.,0.));
#2793=DIRECTION('ref_axis',(0.108113463591613,0.,-0.994138561263079));
#2794=DIRECTION('center_axis',(0.,-1.,0.));
#2795=DIRECTION('ref_axis',(-0.626514354864974,0.,-0.77940988135135));
#2796=DIRECTION('',(0.,-1.,0.));
#2797=DIRECTION('',(0.,1.,0.));
#2798=DIRECTION('center_axis',(-0.779409881351352,0.,0.626514354864972));
#2799=DIRECTION('ref_axis',(0.626514354864972,0.,0.779409881351352));
#2800=DIRECTION('center_axis',(-0.626514354864969,0.,-0.779409881351354));
#2801=DIRECTION('ref_axis',(0.,1.,0.));
#2802=DIRECTION('center_axis',(-0.779409881351352,0.,0.626514354864972));
#2803=DIRECTION('ref_axis',(-0.443012548835736,0.707106781186548,-0.551126012427343));
#2804=DIRECTION('center_axis',(-0.626514354864972,0.,-0.779409881351352));
#2805=DIRECTION('ref_axis',(0.551126012427347,0.707106781186543,-0.44301254883574));
#2806=DIRECTION('center_axis',(-0.62651435486497,0.,-0.779409881351353));
#2807=DIRECTION('ref_axis',(0.,1.,0.));
#2808=DIRECTION('',(-0.626514354864972,0.,-0.779409881351352));
#2809=DIRECTION('center_axis',(0.,-1.,0.));
#2810=DIRECTION('ref_axis',(0.,0.,-1.));
#2811=DIRECTION('center_axis',(0.205058948609208,0.,-0.978749624569678));
#2812=DIRECTION('ref_axis',(0.,1.,0.));
#2813=DIRECTION('center_axis',(0.,1.,0.));
#2814=DIRECTION('ref_axis',(0.972450385278272,0.,-0.233109948676885));
#2815=DIRECTION('center_axis',(-0.205058948609208,0.,0.978749624569679));
#2816=DIRECTION('ref_axis',(0.692080496617002,0.707106781186552,0.144998573104559));
#2817=DIRECTION('center_axis',(0.205058948609209,0.,-0.978749624569678));
#2818=DIRECTION('ref_axis',(0.,1.,0.));
#2819=DIRECTION('',(0.205058948609208,0.,-0.978749624569679));
#2820=DIRECTION('center_axis',(0.,1.,0.));
#2821=DIRECTION('ref_axis',(0.,0.,1.));
#2822=DIRECTION('center_axis',(0.0176695989111407,0.,-0.999843880450503));
#2823=DIRECTION('ref_axis',(0.,1.,0.));
#2824=DIRECTION('center_axis',(0.,-1.,0.));
#2825=DIRECTION('ref_axis',(-0.993723682228656,0.,-0.111862609382769));
#2826=DIRECTION('center_axis',(0.,1.,0.));
#2827=DIRECTION('ref_axis',(0.,0.,1.));
#2828=DIRECTION('center_axis',(0.0176701333502116,0.,0.999843871005561));
#2829=DIRECTION('ref_axis',(0.,1.,0.));
#2830=DIRECTION('center_axis',(0.,1.,0.));
#2831=DIRECTION('ref_axis',(2.67261264491101E-7,0.,0.999999999999964));
#2832=DIRECTION('center_axis',(0.,-1.,0.));
#2833=DIRECTION('ref_axis',(2.67261265379279E-7,0.,0.999999999999964));
#2834=DIRECTION('center_axis',(0.,1.,0.));
#2835=DIRECTION('ref_axis',(0.,0.,1.));
#2836=DIRECTION('center_axis',(0.205059471772907,0.,0.97874951496091));
#2837=DIRECTION('ref_axis',(0.,1.,0.));
#2838=DIRECTION('center_axis',(0.,-1.,0.));
#2839=DIRECTION('ref_axis',(0.993723622435429,0.,-0.111863140550449));
#2840=DIRECTION('center_axis',(-0.205059471772905,0.,-0.97874951496091));
#2841=DIRECTION('ref_axis',(-0.692080419111907,0.707106781186543,0.144998943037158));
#2842=DIRECTION('center_axis',(0.205059471772908,0.,0.97874951496091));
#2843=DIRECTION('ref_axis',(0.,1.,0.));
#2844=DIRECTION('',(0.205059471772905,0.,0.97874951496091));
#2845=DIRECTION('center_axis',(0.,-1.,0.));
#2846=DIRECTION('ref_axis',(0.,0.,-1.));
#2847=DIRECTION('center_axis',(-0.626513938252741,0.,0.779410216237279));
#2848=DIRECTION('ref_axis',(0.,1.,0.));
#2849=DIRECTION('center_axis',(0.,1.,0.));
#2850=DIRECTION('ref_axis',(-0.972450509880653,0.,-0.23310942888021));
#2851=DIRECTION('center_axis',(-0.626513938252739,0.,0.779410216237279));
#2852=DIRECTION('ref_axis',(-0.551126249227453,0.707106781186549,-0.4430122542464));
#2853=DIRECTION('center_axis',(-0.626513938252741,0.,0.779410216237279));
#2854=DIRECTION('ref_axis',(0.,1.,0.));
#2855=DIRECTION('',(-0.626513938252739,0.,0.779410216237279));
#2856=DIRECTION('center_axis',(0.779410216237279,0.,0.626513938252739));
#2857=DIRECTION('ref_axis',(0.626513938252739,0.,-0.779410216237279));
#2858=DIRECTION('center_axis',(-2.62910615649426E-16,1.,1.21310426744308E-15));
#2859=DIRECTION('ref_axis',(0.626513938252744,1.11022302462515E-15,-0.779410216237276));
#2860=DIRECTION('center_axis',(0.779410216237279,0.,0.626513938252739));
#2861=DIRECTION('ref_axis',(0.443012254246402,0.707106781186548,-0.551126249227454));
#2862=DIRECTION('center_axis',(-0.779410216237279,0.,-0.626513938252739));
#2863=DIRECTION('ref_axis',(0.443012254246402,0.707106781186548,-0.551126249227454));
#2864=DIRECTION('center_axis',(0.,1.,0.));
#2865=DIRECTION('ref_axis',(-0.108113994981053,0.,-0.994138503473855));
#2866=DIRECTION('center_axis',(0.,1.,0.));
#2867=DIRECTION('ref_axis',(0.626513938252741,0.,-0.779410216237278));
#2868=DIRECTION('',(0.,1.,0.));
#2869=DIRECTION('',(0.,-1.,0.));
#2870=DIRECTION('center_axis',(0.779410216237279,0.,0.626513938252739));
#2871=DIRECTION('ref_axis',(0.626513938252739,0.,-0.779410216237279));
#2872=DIRECTION('center_axis',(0.626513938252741,0.,-0.779410216237278));
#2873=DIRECTION('ref_axis',(0.,-1.,0.));
#2874=DIRECTION('center_axis',(0.779410216237279,0.,0.626513938252739));
#2875=DIRECTION('ref_axis',(0.443012254246402,-0.707106781186548,-0.551126249227454));
#2876=DIRECTION('center_axis',(-0.779410216237279,0.,-0.626513938252739));
#2877=DIRECTION('ref_axis',(0.443012254246402,-0.707106781186548,-0.551126249227454));
#2878=DIRECTION('center_axis',(0.626513938252739,0.,-0.779410216237279));
#2879=DIRECTION('ref_axis',(-0.551126249227453,-0.707106781186549,-0.4430122542464));
#2880=DIRECTION('center_axis',(0.626513938252738,0.,-0.779410216237281));
#2881=DIRECTION('ref_axis',(0.,-1.,0.));
#2882=DIRECTION('',(0.626513938252739,0.,-0.779410216237279));
#2883=DIRECTION('center_axis',(0.,1.,0.));
#2884=DIRECTION('ref_axis',(0.,0.,1.));
#2885=DIRECTION('center_axis',(-0.205059471772904,0.,-0.97874951496091));
#2886=DIRECTION('ref_axis',(0.,-1.,0.));
#2887=DIRECTION('center_axis',(0.,-1.,0.));
#2888=DIRECTION('ref_axis',(-0.972450509880653,0.,-0.23310942888021));
#2889=DIRECTION('center_axis',(0.205059471772905,0.,0.97874951496091));
#2890=DIRECTION('ref_axis',(-0.692080419111907,-0.707106781186543,0.144998943037158));
#2891=DIRECTION('center_axis',(-0.205059471772902,0.,-0.978749514960911));
#2892=DIRECTION('ref_axis',(0.,-1.,0.));
#2893=DIRECTION('',(-0.205059471772905,0.,-0.97874951496091));
#2894=DIRECTION('center_axis',(0.,-1.,0.));
#2895=DIRECTION('ref_axis',(0.,0.,-1.));
#2896=DIRECTION('center_axis',(-0.0176701333502121,0.,-0.999843871005561));
#2897=DIRECTION('ref_axis',(0.,-1.,0.));
#2898=DIRECTION('center_axis',(0.,1.,0.));
#2899=DIRECTION('ref_axis',(0.993723622435429,0.,-0.111863140550449));
#2900=DIRECTION('center_axis',(0.,-1.,0.));
#2901=DIRECTION('ref_axis',(2.67261266573619E-7,0.,0.999999999999964));
#2902=DIRECTION('center_axis',(-0.0176695989111318,0.,0.999843880450503));
#2903=DIRECTION('ref_axis',(0.,-1.,0.));
#2904=DIRECTION('center_axis',(0.,-1.,0.));
#2905=DIRECTION('ref_axis',(2.67261264491101E-7,0.,0.999999999999964));
#2906=DIRECTION('center_axis',(0.,1.,0.));
#2907=DIRECTION('ref_axis',(2.67261265379279E-7,0.,0.999999999999964));
#2908=DIRECTION('center_axis',(0.,-1.,0.));
#2909=DIRECTION('ref_axis',(0.,0.,-1.));
#2910=DIRECTION('center_axis',(-0.205058948609207,0.,0.978749624569678));
#2911=DIRECTION('ref_axis',(0.,-1.,0.));
#2912=DIRECTION('center_axis',(0.,1.,0.));
#2913=DIRECTION('ref_axis',(-0.993723682228656,0.,-0.111862609382769));
#2914=DIRECTION('center_axis',(0.205058948609208,0.,-0.978749624569679));
#2915=DIRECTION('ref_axis',(0.692080496617002,-0.707106781186552,0.144998573104559));
#2916=DIRECTION('',(-0.205058948609208,0.,0.978749624569679));
#2917=DIRECTION('center_axis',(-0.626514354864973,0.,-0.779409881351351));
#2918=DIRECTION('ref_axis',(-0.779409881351351,0.,0.626514354864973));
#2919=DIRECTION('',(0.,1.,0.));
#2920=DIRECTION('center_axis',(-0.779410216237279,0.,-0.626513938252739));
#2921=DIRECTION('ref_axis',(-0.626513938252739,0.,0.779410216237279));
#2922=DIRECTION('',(0.,-1.,0.));
#2923=DIRECTION('center_axis',(-0.779409881351352,0.,-0.626514354864972));
#2924=DIRECTION('ref_axis',(-0.357764908016727,0.820922069065184,0.445074406266549));
#2925=DIRECTION('center_axis',(-0.779409881351355,-2.93428375226189E-15,
-0.626514354864968));
#2926=DIRECTION('ref_axis',(-0.587394217056014,0.347826086956523,0.730742804960587));
#2927=DIRECTION('',(-0.779409881351352,0.,-0.626514354864972));
#2928=DIRECTION('center_axis',(-0.779409881351352,0.,-0.626514354864972));
#2929=DIRECTION('ref_axis',(-0.357764908016727,0.820922069065184,0.445074406266549));
#2930=DIRECTION('',(0.779409881351352,0.,0.626514354864972));
#2931=DIRECTION('center_axis',(-0.372933203480023,0.583977440170636,-0.72103479466242));
#2932=DIRECTION('ref_axis',(-0.546115981090312,0.490086984236349,0.679390964820615));
#2933=DIRECTION('center_axis',(0.639352545836307,-0.341017626210541,0.689155498234152));
#2934=DIRECTION('ref_axis',(0.310676209167583,0.934424157425121,0.174160233915819));
#2935=DIRECTION('center_axis',(-0.350485196883207,0.58252466079455,-0.733365629363644));
#2936=DIRECTION('ref_axis',(-0.536216307252325,0.517187139026794,0.667075359357517));
#2937=DIRECTION('center_axis',(0.576816834640015,0.390325849382097,-0.717584887368748));
#2938=DIRECTION('ref_axis',(-0.244544747712779,0.920676778953454,0.304223823955301));
#2939=DIRECTION('center_axis',(-0.212342223028001,-0.673459175160956,0.708070278793745));
#2940=DIRECTION('ref_axis',(0.957855641733209,4.23638901736468E-11,0.287250012358334));
#2941=DIRECTION('center_axis',(0.234799264113159,-0.927117407256588,-0.292100357298208));
#2942=DIRECTION('ref_axis',(0.580852364291463,0.374771014303118,-0.722604468388641));
#2943=DIRECTION('center_axis',(0.77941021623728,0.,0.626513938252739));
#2944=DIRECTION('ref_axis',(-0.626513938252739,0.,0.77941021623728));
#2945=DIRECTION('center_axis',(0.626270596290316,-0.0278686516741987,-0.779107488396841));
#2946=DIRECTION('ref_axis',(0.0174600987142003,0.999611593697203,-0.0217211118276252));
#2947=DIRECTION('center_axis',(-0.77941021623728,0.,-0.626513938252739));
#2948=DIRECTION('ref_axis',(-0.514502603052337,0.570618988995603,0.640063310032691));
#2949=DIRECTION('center_axis',(0.77941021623728,0.,0.626513938252739));
#2950=DIRECTION('ref_axis',(-0.514502603052337,0.570618988995603,0.640063310032691));
#2951=DIRECTION('center_axis',(-0.626273760502116,-0.0276869036517937,0.779111424812084));
#2952=DIRECTION('ref_axis',(0.0173462425796255,-0.999616644202254,-0.0215794462902252));
#2953=DIRECTION('center_axis',(0.77941021623728,0.,0.626513938252739));
#2954=DIRECTION('ref_axis',(-0.626513938252739,0.,0.77941021623728));
#2955=DIRECTION('center_axis',(-0.234904869683155,-0.927049251748225,0.292231735155843));
#2956=DIRECTION('ref_axis',(0.580809277667032,-0.374939574909152,-0.722551657767696));
#2957=DIRECTION('center_axis',(-0.77941021623728,0.,-0.626513938252739));
#2958=DIRECTION('ref_axis',(-0.514567594684264,-0.570469667758144,0.640144162410909));
#2959=DIRECTION('center_axis',(0.77941021623728,0.,0.626513938252739));
#2960=DIRECTION('ref_axis',(-0.514567594684264,-0.570469667758144,0.640144162410909));
#2961=DIRECTION('center_axis',(-0.576816834640906,0.390325849382094,0.717584887368033));
#2962=DIRECTION('ref_axis',(-0.244544747712776,-0.920676778953455,0.304223823955299));
#2963=DIRECTION('center_axis',(0.77941021623728,0.,0.626513938252739));
#2964=DIRECTION('ref_axis',(-0.626513938252739,0.,0.77941021623728));
#2965=DIRECTION('center_axis',(-0.212342223027999,0.673459175160956,0.708070278793746));
#2966=DIRECTION('ref_axis',(-0.439261629971218,-0.713043478264557,0.546459713555731));
#2967=DIRECTION('center_axis',(0.350485196882573,0.582524660795145,0.733365629363475));
#2968=DIRECTION('ref_axis',(-0.536216307252363,-0.517187139026693,0.667075359357565));
#2969=DIRECTION('center_axis',(0.372933203480009,0.58397744017065,0.721034794662417));
#2970=DIRECTION('ref_axis',(-0.546115981090313,-0.490086984236348,0.679390964820616));
#2971=DIRECTION('center_axis',(0.639352545836301,0.341017626210558,0.689155498234148));
#2972=DIRECTION('ref_axis',(-0.581607471713122,-0.371775525114303,0.723543853386548));
#2973=DIRECTION('center_axis',(0.779409881351352,0.,0.626514354864972));
#2974=DIRECTION('ref_axis',(-0.357764908016727,-0.820922069065184,0.445074406266549));
#2975=DIRECTION('center_axis',(-0.779409881351355,2.93428375226189E-15,
-0.626514354864968));
#2976=DIRECTION('ref_axis',(-1.68137503919752E-9,-1.,2.09169570553059E-9));
#2977=DIRECTION('',(-0.779409881351352,0.,-0.626514354864972));
#2978=DIRECTION('center_axis',(-0.779409881351352,0.,-0.626514354864972));
#2979=DIRECTION('ref_axis',(-0.357764908016727,-0.820922069065184,0.445074406266549));
#2980=DIRECTION('',(0.779409881351352,0.,0.626514354864972));
#2981=DIRECTION('center_axis',(0.,1.,0.));
#2982=DIRECTION('ref_axis',(0.626514354864972,0.,-0.779409881351352));
#2983=DIRECTION('',(0.626514354864972,0.,-0.779409881351352));
#2984=DIRECTION('center_axis',(0.488991383037695,2.99601907501613E-16,-0.872288614688328));
#2985=DIRECTION('ref_axis',(-5.66922395553271E-15,1.,-2.83461197776636E-15));
#2986=DIRECTION('center_axis',(0.110188377051291,1.04113764466741E-16,-0.993910721122779));
#2987=DIRECTION('ref_axis',(-9.44870659255452E-16,1.,0.));
#2988=DIRECTION('center_axis',(0.0269384555197968,0.,-0.999637093956706));
#2989=DIRECTION('ref_axis',(0.,1.,0.));
#2990=DIRECTION('center_axis',(0.,-1.,0.));
#2991=DIRECTION('ref_axis',(-0.999637093956706,0.,-0.0269384555197981));
#2992=DIRECTION('center_axis',(0.,1.,0.));
#2993=DIRECTION('ref_axis',(-0.999637093956706,0.,-0.0269384555197978));
#2994=DIRECTION('center_axis',(0.,1.,0.));
#2995=DIRECTION('ref_axis',(0.943241807872531,0.,0.332106747720308));
#2996=DIRECTION('',(0.,-1.,0.));
#2997=DIRECTION('center_axis',(0.77941021623728,0.,0.626513938252739));
#2998=DIRECTION('ref_axis',(0.626513938252739,0.,-0.77941021623728));
#2999=DIRECTION('',(0.,1.,0.));
#3000=DIRECTION('',(0.,-1.,0.));
#3001=DIRECTION('center_axis',(0.,1.,0.));
#3002=DIRECTION('ref_axis',(0.943241807872531,0.,0.332106747720308));
#3003=DIRECTION('center_axis',(0.,-1.,0.));
#3004=DIRECTION('ref_axis',(-0.999637093956706,0.,-0.0269384555197987));
#3005=DIRECTION('center_axis',(0.,1.,0.));
#3006=DIRECTION('ref_axis',(-0.999637093956706,0.,-0.0269384555197988));
#3007=DIRECTION('center_axis',(0.0269384555197949,2.54533562263123E-17,
-0.999637093956706));
#3008=DIRECTION('ref_axis',(0.999637093956706,4.72435329627726E-16,0.0269384555197949));
#3009=DIRECTION('center_axis',(0.110188377051292,0.,-0.993910721122779));
#3010=DIRECTION('ref_axis',(0.990895498067034,-0.0778343680033827,0.109854099004079));
#3011=DIRECTION('center_axis',(0.488991383037695,-2.99601907501616E-16,
-0.872288614688328));
#3012=DIRECTION('ref_axis',(0.841853021180607,-0.261850878632441,0.471929664344701));
#3013=DIRECTION('center_axis',(0.,-1.,0.));
#3014=DIRECTION('ref_axis',(-0.626514354864972,0.,0.779409881351352));
#3015=DIRECTION('',(-0.626514354864972,0.,0.779409881351352));
#3016=DIRECTION('center_axis',(-0.779409881351352,0.,0.626514354864972));
#3017=DIRECTION('ref_axis',(0.357764908016727,-0.820922069065184,0.445074406266549));
#3018=DIRECTION('center_axis',(0.779409881351354,-1.16241237609854E-15,
-0.626514354864969));
#3019=DIRECTION('ref_axis',(0.587394217056014,-0.347826086956523,0.730742804960587));
#3020=DIRECTION('center_axis',(0.779409881351352,0.,-0.626514354864972));
#3021=DIRECTION('ref_axis',(0.357764908016727,-0.820922069065184,0.445074406266549));
#3022=DIRECTION('',(-0.779409881351352,0.,0.626514354864972));
#3023=DIRECTION('center_axis',(0.372936033730596,-0.58397620287235,-0.721034332902452));
#3024=DIRECTION('ref_axis',(0.546116555346504,-0.490085353978509,0.679391679219158));
#3025=DIRECTION('center_axis',(-0.639354141031106,0.341015079329899,0.68915527859547));
#3026=DIRECTION('ref_axis',(-0.310674395192008,-0.934425124957927,0.174158278641707));
#3027=DIRECTION('center_axis',(0.350487139333748,-0.582523873149094,-0.733365326677655));
#3028=DIRECTION('ref_axis',(0.536216705310556,-0.517186087603819,0.667075854558496));
#3029=DIRECTION('center_axis',(-0.212343394209763,-0.67345943678199,-0.708069678735619));
#3030=DIRECTION('ref_axis',(0.439261629971006,-0.713043478264883,0.546459713555475));
#3031=DIRECTION('center_axis',(-0.576816979566142,-0.390326747823611,-0.71758428217014));
#3032=DIRECTION('ref_axis',(0.244545310599254,-0.920676398053867,0.304224524209458));
#3033=DIRECTION('center_axis',(0.779409881351352,0.,-0.626514354864972));
#3034=DIRECTION('ref_axis',(-0.626514354864972,0.,-0.779409881351352));
#3035=DIRECTION('center_axis',(-0.234905025887569,0.927049251748215,-0.292231609593889));
#3036=DIRECTION('ref_axis',(-0.580809663887089,-0.374939574909178,-0.722551347311934));
#3037=DIRECTION('center_axis',(-0.779409881351352,0.,0.626514354864972));
#3038=DIRECTION('ref_axis',(0.23416829629901,0.927523977518112,0.291315087383745));
#3039=DIRECTION('center_axis',(0.779409881351352,0.,-0.626514354864972));
#3040=DIRECTION('ref_axis',(0.23416829629901,0.927523977518112,0.291315087383745));
#3041=DIRECTION('center_axis',(-0.626274176954659,0.0276869036518059,-0.779111090054519));
#3042=DIRECTION('ref_axis',(-0.0173462425796167,-0.999616644202254,-0.0215794462902429));
#3043=DIRECTION('center_axis',(0.779409881351352,0.,-0.626514354864972));
#3044=DIRECTION('ref_axis',(-0.357407435865562,-0.821318670290559,-0.444629696061962));
#3045=DIRECTION('center_axis',(-0.779409881351352,0.,0.626514354864972));
#3046=DIRECTION('ref_axis',(-0.357407435865562,-0.821318670290559,-0.444629696061962));
#3047=DIRECTION('center_axis',(0.779409881351352,0.,-0.626514354864972));
#3048=DIRECTION('ref_axis',(0.62651435227607,9.09090909101431E-5,0.779409878130649));
#3049=DIRECTION('center_axis',(0.626271012740745,0.0278686516741711,0.779107153640977));
#3050=DIRECTION('ref_axis',(-0.0174601103246008,0.999611593697204,-0.0217211024947872));
#3051=DIRECTION('center_axis',(-0.779409881351352,0.,0.626514354864972));
#3052=DIRECTION('ref_axis',(0.626514352276069,9.09090909100435E-5,0.77940987813065));
#3053=DIRECTION('center_axis',(-0.779409881351352,0.,0.626514354864972));
#3054=DIRECTION('ref_axis',(0.626514352276069,9.09090909100435E-5,0.77940987813065));
#3055=DIRECTION('center_axis',(0.779409881351352,0.,-0.626514354864972));
#3056=DIRECTION('ref_axis',(0.62651435227607,9.09090909100435E-5,0.77940987813065));
#3057=DIRECTION('center_axis',(0.234799420248204,0.927117407256607,0.29210023179192));
#3058=DIRECTION('ref_axis',(-0.580852364291454,0.374771014303116,-0.722604468388649));
#3059=DIRECTION('center_axis',(0.779409881351352,0.,-0.626514354864972));
#3060=DIRECTION('ref_axis',(-0.357500987764316,0.821214934957698,-0.444746078509932));
#3061=DIRECTION('center_axis',(-0.779409881351352,0.,0.626514354864972));
#3062=DIRECTION('ref_axis',(-0.357500987764316,0.821214934957698,-0.444746078509932));
#3063=DIRECTION('center_axis',(0.212343394208331,-0.673459436782038,0.708069678736002));
#3064=DIRECTION('ref_axis',(0.439261629971216,0.713043478264552,0.546459713555738));
#3065=DIRECTION('center_axis',(-0.576816979566147,0.390326747823612,-0.717584282170136));
#3066=DIRECTION('ref_axis',(-0.779409881351332,0.,0.626514354864997));
#3067=DIRECTION('center_axis',(-0.350487139333101,-0.582523873149709,0.733365326677476));
#3068=DIRECTION('ref_axis',(0.536216705310586,0.517186087603716,0.667075854558551));
#3069=DIRECTION('center_axis',(-0.372936033730582,-0.583976202872371,0.721034332902442));
#3070=DIRECTION('ref_axis',(0.546116555346495,0.490085353978509,0.679391679219167));
#3071=DIRECTION('center_axis',(-0.639354141031103,-0.341015079329904,0.68915527859547));
#3072=DIRECTION('ref_axis',(0.581607560373545,0.371775171754497,0.723543963683788));
#3073=DIRECTION('center_axis',(0.779409881351352,0.,-0.626514354864972));
#3074=DIRECTION('ref_axis',(-0.626514354864972,0.,-0.779409881351352));
#3075=DIRECTION('center_axis',(-0.779409881351352,0.,0.626514354864972));
#3076=DIRECTION('ref_axis',(0.234221123248318,-0.927489995171116,0.291380806302988));
#3077=DIRECTION('center_axis',(0.779409881351352,0.,-0.626514354864972));
#3078=DIRECTION('ref_axis',(0.234221123248318,-0.927489995171116,0.291380806302988));
#3079=DIRECTION('center_axis',(0.779409881351352,0.,-0.626514354864972));
#3080=DIRECTION('ref_axis',(0.357764908016727,0.820922069065184,0.445074406266549));
#3081=DIRECTION('center_axis',(0.779409881351354,1.16241237609854E-15,-0.626514354864969));
#3082=DIRECTION('ref_axis',(1.68731695282532E-9,1.,2.09909423176669E-9));
#3083=DIRECTION('',(0.779409881351352,0.,-0.626514354864972));
#3084=DIRECTION('center_axis',(0.779409881351352,0.,-0.626514354864972));
#3085=DIRECTION('ref_axis',(0.357764908016727,0.820922069065184,0.445074406266549));
#3086=DIRECTION('center_axis',(-0.110190629110168,1.04115892371098E-16,
-0.993910471449167));
#3087=DIRECTION('ref_axis',(-9.44870659255452E-16,-1.,0.));
#3088=DIRECTION('center_axis',(-0.0269389458334295,0.,-0.999637080743498));
#3089=DIRECTION('ref_axis',(0.,-1.,0.));
#3090=DIRECTION('center_axis',(0.,1.,0.));
#3091=DIRECTION('ref_axis',(0.999637080743498,0.,-0.0269389458334306));
#3092=DIRECTION('center_axis',(0.,-1.,0.));
#3093=DIRECTION('ref_axis',(0.999637080743498,0.,-0.0269389458334306));
#3094=DIRECTION('center_axis',(0.,-1.,0.));
#3095=DIRECTION('ref_axis',(-0.943241719113227,0.,0.332106999812296));
#3096=DIRECTION('',(0.,1.,0.));
#3097=DIRECTION('center_axis',(-0.779409881351352,0.,0.626514354864972));
#3098=DIRECTION('ref_axis',(0.626514354864972,0.,0.779409881351352));
#3099=DIRECTION('',(0.,1.,0.));
#3100=DIRECTION('',(0.,1.,0.));
#3101=DIRECTION('center_axis',(-0.779409881351352,0.,0.626514354864972));
#3102=DIRECTION('ref_axis',(0.626514354864972,0.,0.779409881351352));
#3103=DIRECTION('',(0.,1.,0.));
#3104=DIRECTION('center_axis',(0.,-1.,0.));
#3105=DIRECTION('ref_axis',(-0.943241719113227,0.,0.332106999812296));
#3106=DIRECTION('center_axis',(0.,1.,0.));
#3107=DIRECTION('ref_axis',(0.999637080743498,0.,-0.0269389458334297));
#3108=DIRECTION('center_axis',(0.,-1.,0.));
#3109=DIRECTION('ref_axis',(0.999637080743498,0.,-0.0269389458334299));
#3110=DIRECTION('center_axis',(0.779409881351352,0.,-0.626514354864972));
#3111=DIRECTION('ref_axis',(0.626514354864972,0.,0.779409881351352));
#3112=DIRECTION('center_axis',(0.779409881351352,0.,-0.626514354864972));
#3113=DIRECTION('ref_axis',(0.626514354864972,0.,0.779409881351352));
#3114=DIRECTION('',(0.779409881351352,0.,-0.626514354864972));
#3115=DIRECTION('center_axis',(-0.77941021623728,0.,-0.626513938252739));
#3116=DIRECTION('ref_axis',(0.443012254246401,0.707106781186547,-0.551126249227454));
#3117=DIRECTION('center_axis',(-0.779409881351352,0.,-0.626514354864972));
#3118=DIRECTION('ref_axis',(0.443012548835768,-0.707106781186497,-0.551126012427382));
#3119=DIRECTION('',(-0.77941021623728,0.,-0.626513938252739));
#3120=DIRECTION('center_axis',(0.779409881351352,0.,0.626514354864972));
#3121=DIRECTION('ref_axis',(-0.626514354864972,0.,0.779409881351352));
#3122=DIRECTION('center_axis',(0.779409881351352,0.,0.626514354864972));
#3123=DIRECTION('ref_axis',(-0.626514354864972,0.,0.779409881351352));
#3124=DIRECTION('',(-0.779409881351352,0.,-0.626514354864972));
#3125=DIRECTION('center_axis',(-0.779409881351352,0.,0.626514354864972));
#3126=DIRECTION('ref_axis',(-0.357407435865566,-0.821318670290557,-0.444629696061963));
#3127=DIRECTION('center_axis',(0.779409881351352,0.,-0.626514354864972));
#3128=DIRECTION('ref_axis',(-0.357407435865566,-0.821318670290557,-0.444629696061963));
#3129=DIRECTION('',(-0.779409881351352,0.,0.626514354864972));
#3130=DIRECTION('center_axis',(0.779409881351352,0.,-0.626514354864972));
#3131=DIRECTION('ref_axis',(0.626514354864972,0.,0.779409881351352));
#3132=DIRECTION('center_axis',(0.779409881351352,0.,-0.626514354864972));
#3133=DIRECTION('ref_axis',(0.626514354864972,0.,0.779409881351352));
#3134=DIRECTION('',(0.779409881351352,0.,-0.626514354864972));
#3135=DIRECTION('center_axis',(-0.779409881351352,0.,0.626514354864972));
#3136=DIRECTION('ref_axis',(-0.357500987764315,0.821214934957696,-0.444746078509936));
#3137=DIRECTION('center_axis',(0.779409881351352,0.,-0.626514354864972));
#3138=DIRECTION('ref_axis',(-0.357500987764315,0.821214934957696,-0.444746078509936));
#3139=DIRECTION('',(-0.779409881351352,0.,0.626514354864972));
#3140=DIRECTION('center_axis',(0.779409881351352,0.,0.626514354864972));
#3141=DIRECTION('ref_axis',(0.357500987764315,0.821214934957696,-0.444746078509936));
#3142=DIRECTION('center_axis',(-0.779409881351352,0.,-0.626514354864972));
#3143=DIRECTION('ref_axis',(0.357500987764315,0.821214934957696,-0.444746078509936));
#3144=DIRECTION('',(0.779409881351352,0.,0.626514354864972));
#3145=DIRECTION('center_axis',(0.779409881351352,0.,0.626514354864972));
#3146=DIRECTION('ref_axis',(-0.626514354864972,0.,0.779409881351352));
#3147=DIRECTION('center_axis',(0.779409881351352,0.,0.626514354864972));
#3148=DIRECTION('ref_axis',(-0.626514354864972,0.,0.779409881351352));
#3149=DIRECTION('',(-0.779409881351352,0.,-0.626514354864972));
#3150=DIRECTION('center_axis',(0.779409881351352,0.,0.626514354864972));
#3151=DIRECTION('ref_axis',(0.357407435865562,-0.821318670290558,-0.444629696061964));
#3152=DIRECTION('center_axis',(-0.779409881351352,0.,-0.626514354864972));
#3153=DIRECTION('ref_axis',(0.357407435865562,-0.821318670290558,-0.444629696061964));
#3154=DIRECTION('',(0.779409881351352,0.,0.626514354864972));
#3155=DIRECTION('center_axis',(0.,1.,0.));
#3156=DIRECTION('ref_axis',(-0.779410216237279,0.,-0.62651393825274));
#3157=DIRECTION('',(0.,1.,0.));
#3158=DIRECTION('center_axis',(-0.97874951496091,0.,0.205059471772905));
#3159=DIRECTION('ref_axis',(0.205059471772905,0.,0.97874951496091));
#3160=DIRECTION('',(0.,-1.,0.));
#3161=DIRECTION('center_axis',(0.,1.,0.));
#3162=DIRECTION('ref_axis',(0.978749624569678,0.,0.205058948609207));
#3163=DIRECTION('',(0.,-1.,0.));
#3164=DIRECTION('',(0.,1.,0.));
#3165=DIRECTION('center_axis',(0.978749624569679,0.,0.205058948609208));
#3166=DIRECTION('ref_axis',(0.205058948609208,0.,-0.978749624569679));
#3167=DIRECTION('',(0.,1.,0.));
#3168=DIRECTION('center_axis',(0.,-1.,0.));
#3169=DIRECTION('ref_axis',(-0.993723682228656,0.,-0.111862609382768));
#3170=DIRECTION('',(0.,-1.,0.));
#3171=DIRECTION('center_axis',(0.,1.,0.));
#3172=DIRECTION('ref_axis',(1.,0.,0.));
#3173=DIRECTION('',(0.,1.,0.));
#3174=DIRECTION('center_axis',(0.,1.,0.));
#3175=DIRECTION('ref_axis',(0.993723622435429,0.,-0.111863140550449));
#3176=DIRECTION('center_axis',(0.779409881351352,0.,0.626514354864972));
#3177=DIRECTION('ref_axis',(-0.626514354864972,0.,0.779409881351352));
#3178=DIRECTION('center_axis',(0.779409881351352,0.,0.626514354864972));
#3179=DIRECTION('ref_axis',(-0.626514354864972,0.,0.779409881351352));
#3180=DIRECTION('center_axis',(0.77941021623728,0.,0.626513938252739));
#3181=DIRECTION('ref_axis',(0.443012254246401,-0.707106781186547,-0.551126249227454));
#3182=DIRECTION('',(0.77941021623728,0.,0.626513938252739));
#3183=DIRECTION('center_axis',(-0.779409881351352,0.,-0.626514354864972));
#3184=DIRECTION('ref_axis',(0.443012548835768,0.707106781186497,-0.551126012427382));
#3185=DIRECTION('center_axis',(-0.779409881351352,0.,-0.626514354864972));
#3186=DIRECTION('ref_axis',(-0.626514354864972,0.,0.779409881351352));
#3187=DIRECTION('',(0.,-1.,0.));
#3188=DIRECTION('center_axis',(0.626513938252739,0.,-0.77941021623728));
#3189=DIRECTION('ref_axis',(-0.77941021623728,0.,-0.626513938252739));
#3190=DIRECTION('center_axis',(-0.779409881351352,0.,0.626514354864972));
#3191=DIRECTION('ref_axis',(0.626514354864972,0.,0.779409881351352));
#3192=DIRECTION('center_axis',(0.779409881351352,0.,-0.626514354864972));
#3193=DIRECTION('ref_axis',(0.626514354864972,0.,0.779409881351352));
#3194=DIRECTION('center_axis',(0.779409881351352,0.,-0.626514354864972));
#3195=DIRECTION('ref_axis',(-0.626514354864972,0.,-0.779409881351352));
#3196=DIRECTION('center_axis',(0.779409881351352,0.,-0.626514354864972));
#3197=DIRECTION('ref_axis',(0.626514354864972,0.,0.779409881351352));
#3198=DIRECTION('center_axis',(0.,1.,0.));
#3199=DIRECTION('ref_axis',(2.67261265379279E-7,0.,0.999999999999964));
#3200=CARTESIAN_POINT('',(0.,0.,0.));
#3201=CARTESIAN_POINT('Ctrl Pts',(28.0530197531072,7.83725701762333,21.7302646827672));
#3202=CARTESIAN_POINT('Ctrl Pts',(28.0779392489182,7.67714383559229,21.5966950686418));
#3203=CARTESIAN_POINT('Ctrl Pts',(28.1077113016863,7.51587593896228,21.4657864954946));
#3204=CARTESIAN_POINT('Ctrl Pts',(28.1431555518302,7.35450721948888,21.3371461065871));
#3205=CARTESIAN_POINT('Ctrl Pts',(27.8950649795698,7.74793275757977,21.7938926310093));
#3206=CARTESIAN_POINT('Ctrl Pts',(27.916384946545,7.58295734394669,21.6623976940046));
#3207=CARTESIAN_POINT('Ctrl Pts',(27.9427636212466,7.41629586392945,21.533725100674));
#3208=CARTESIAN_POINT('Ctrl Pts',(27.974864802339,7.24891394693566,21.4068899035088));
#3209=CARTESIAN_POINT('Ctrl Pts',(27.6421227559015,7.51426946362866,21.9988762062809));
#3210=CARTESIAN_POINT('Ctrl Pts',(27.6610837995079,7.33791054127895,21.8773597769568));
#3211=CARTESIAN_POINT('Ctrl Pts',(27.6852556127932,7.15898221380391,21.7589883681486));
#3212=CARTESIAN_POINT('Ctrl Pts',(27.7165018053749,6.97814010105518,21.6427321325049));
#3213=CARTESIAN_POINT('Ctrl Pts',(27.595805462185,7.24598220394067,22.2929395058907));
#3214=CARTESIAN_POINT('Ctrl Pts',(27.6269296620558,7.06311168503559,22.1855007105146));
#3215=CARTESIAN_POINT('Ctrl Pts',(27.6654560688557,6.87829674957601,22.0818107350455));
#3216=CARTESIAN_POINT('Ctrl Pts',(27.7124432013169,6.69219922110446,21.9802418533977));
#3217=CARTESIAN_POINT('Ctrl Pts',(27.6282314739149,7.12475599582343,22.4386440354768));
#3218=CARTESIAN_POINT('Ctrl Pts',(27.6685193400751,6.94170768231227,22.3367634391032));
#3219=CARTESIAN_POINT('Ctrl Pts',(27.7168995548484,6.75733924913795,22.2385874077128));
#3220=CARTESIAN_POINT('Ctrl Pts',(27.7747042197789,6.57285555092917,22.1421571607377));
#3221=CARTESIAN_POINT('',(28.1431555518302,7.35450721948888,21.3371461065871));
#3222=CARTESIAN_POINT('',(27.7747042197789,6.57285555092917,22.1421571607377));
#3223=CARTESIAN_POINT('Origin',(28.7071516485188,6.91905649753999,22.038780677909));
#3224=CARTESIAN_POINT('',(27.6282314739149,7.12475599582343,22.4386440354768));
#3225=CARTESIAN_POINT('Ctrl Pts',(27.7747042197789,6.57285555092917,22.1421571607377));
#3226=CARTESIAN_POINT('Ctrl Pts',(27.7168995548484,6.75733924913795,22.2385874077128));
#3227=CARTESIAN_POINT('Ctrl Pts',(27.6685193400751,6.94170768231227,22.3367634391032));
#3228=CARTESIAN_POINT('Ctrl Pts',(27.6282314739149,7.12475599582343,22.4386440354768));
#3229=CARTESIAN_POINT('',(28.0530197531072,7.83725701762333,21.7302646827672));
#3230=CARTESIAN_POINT('Origin',(28.6013574309669,7.353531315861,22.4124195306529));
#3231=CARTESIAN_POINT('Ctrl Pts',(28.0530197531072,7.83725701762333,21.7302646827672));
#3232=CARTESIAN_POINT('Ctrl Pts',(28.0779392489182,7.67714383559229,21.5966950686418));
#3233=CARTESIAN_POINT('Ctrl Pts',(28.1077113016863,7.51587593896228,21.4657864954946));
#3234=CARTESIAN_POINT('Ctrl Pts',(28.1431555518302,7.35450721948888,21.3371461065871));
#3235=CARTESIAN_POINT('Ctrl Pts',(29.256102439421,4.23446348039948,20.643421012433));
#3236=CARTESIAN_POINT('Ctrl Pts',(28.9490689993968,4.48847670026442,20.9122528975192));
#3237=CARTESIAN_POINT('Ctrl Pts',(28.3181579423394,5.21367318445922,21.4851836841985));
#3238=CARTESIAN_POINT('Ctrl Pts',(27.9293694578686,6.08417408903879,21.9006633466491));
#3239=CARTESIAN_POINT('Ctrl Pts',(27.7747042197789,6.57285555092917,22.1421571607377));
#3240=CARTESIAN_POINT('Ctrl Pts',(29.0435998606197,4.27932290115548,20.4085483528464));
#3241=CARTESIAN_POINT('Ctrl Pts',(28.7414670322772,4.54829566908581,20.6816669530149));
#3242=CARTESIAN_POINT('Ctrl Pts',(28.1381427476097,5.31767524481374,21.2633225842095));
#3243=CARTESIAN_POINT('Ctrl Pts',(27.8222711243952,6.21542889433632,21.6982613959121));
#3244=CARTESIAN_POINT('Ctrl Pts',(27.703548770108,6.70924831684378,21.9571110952062));
#3245=CARTESIAN_POINT('Ctrl Pts',(28.8125949873793,4.60107909390787,19.9273259398087));
#3246=CARTESIAN_POINT('Ctrl Pts',(28.5389104598283,4.87174571680107,20.2014018757976));
#3247=CARTESIAN_POINT('Ctrl Pts',(28.0181280943247,5.64664394498049,20.8027926976796));
#3248=CARTESIAN_POINT('Ctrl Pts',(27.8049848277136,6.52596274492351,21.3135144560324));
#3249=CARTESIAN_POINT('Ctrl Pts',(27.7277937728784,7.0018733820075,21.6183240433289));
#3250=CARTESIAN_POINT('Ctrl Pts',(28.9857764257118,5.11151711327968,19.6660988736947));
#3251=CARTESIAN_POINT('Ctrl Pts',(28.749955955494,5.3491924520745,19.9220316797435));
#3252=CARTESIAN_POINT('Ctrl Pts',(28.296920765149,6.02783344031548,20.5035262285388));
#3253=CARTESIAN_POINT('Ctrl Pts',(28.083761317852,6.82333286554406,21.0618591810751));
#3254=CARTESIAN_POINT('Ctrl Pts',(27.9989063379806,7.26399870015754,21.3969265039486));
#3255=CARTESIAN_POINT('Ctrl Pts',(29.1147350873135,5.30910517198063,19.6226018327401));
#3256=CARTESIAN_POINT('Ctrl Pts',(28.8931600016414,5.53129167635423,19.8683649570904));
#3257=CARTESIAN_POINT('Ctrl Pts',(28.4620659086648,6.16562429846317,20.432594092315));
#3258=CARTESIAN_POINT('Ctrl Pts',(28.2370443243564,6.92705534975017,20.9963887718204));
#3259=CARTESIAN_POINT('Ctrl Pts',(28.1431555518302,7.35450721948887,21.3371461065871));
#3260=CARTESIAN_POINT('',(29.1147350873135,5.30910517198063,19.6226018327401));
#3261=CARTESIAN_POINT('Ctrl Pts',(28.1431555518302,7.35450721948887,21.3371461065871));
#3262=CARTESIAN_POINT('Ctrl Pts',(28.2370443243564,6.92705534975017,20.9963887718204));
#3263=CARTESIAN_POINT('Ctrl Pts',(28.4620659086648,6.16562429846317,20.432594092315));
#3264=CARTESIAN_POINT('Ctrl Pts',(28.8931600016414,5.53129167635423,19.8683649570904));
#3265=CARTESIAN_POINT('Ctrl Pts',(29.1147350873135,5.30910517198063,19.6226018327401));
#3266=CARTESIAN_POINT('',(29.256102439421,4.23446348039948,20.643421012433));
#3267=CARTESIAN_POINT('Origin',(29.7243178860789,5.07819465478257,20.3809481550076));
#3268=CARTESIAN_POINT('Ctrl Pts',(29.256102439421,4.23446348039948,20.643421012433));
#3269=CARTESIAN_POINT('Ctrl Pts',(28.9490689993968,4.48847670026442,20.9122528975192));
#3270=CARTESIAN_POINT('Ctrl Pts',(28.3181579423394,5.21367318445922,21.4851836841985));
#3271=CARTESIAN_POINT('Ctrl Pts',(27.9293694578686,6.08417408903879,21.9006633466491));
#3272=CARTESIAN_POINT('Ctrl Pts',(27.7747042197789,6.57285555092917,22.1421571607377));
#3273=CARTESIAN_POINT('Ctrl Pts',(31.220374423302,3.5,19.0278146145689));
#3274=CARTESIAN_POINT('Ctrl Pts',(30.5100489763782,3.5,19.5793772173147));
#3275=CARTESIAN_POINT('Ctrl Pts',(29.8199985407465,3.76794405386508,20.149685698455));
#3276=CARTESIAN_POINT('Ctrl Pts',(29.256102439421,4.23446348039948,20.643421012433));
#3277=CARTESIAN_POINT('Ctrl Pts',(31.1166567973371,3.5,18.8987855796878));
#3278=CARTESIAN_POINT('Ctrl Pts',(30.4030450242102,3.50251375307366,19.4548381968587));
#3279=CARTESIAN_POINT('Ctrl Pts',(29.7091320987047,3.77703027642127,20.0284406708273));
#3280=CARTESIAN_POINT('Ctrl Pts',(29.1498511500204,4.25689319077748,20.5259846826397));
#3281=CARTESIAN_POINT('Ctrl Pts',(30.9097197962232,3.58412500832674,18.6413473546368));
#3282=CARTESIAN_POINT('Ctrl Pts',(30.2029036362251,3.59014609569897,19.1972509338277));
#3283=CARTESIAN_POINT('Ctrl Pts',(29.5146067132534,3.87256689686413,19.7687859598035));
#3284=CARTESIAN_POINT('Ctrl Pts',(28.9745287945007,4.36783778207934,20.2710259348148));
#3285=CARTESIAN_POINT('Ctrl Pts',(30.6337436023336,3.98895144509933,18.2980215060509));
#3286=CARTESIAN_POINT('Ctrl Pts',(29.9807232413116,3.99503617341291,18.8204127895499));
#3287=CARTESIAN_POINT('Ctrl Pts',(29.3464121200373,4.26947488141882,19.3587944578418));
#3288=CARTESIAN_POINT('Ctrl Pts',(28.8637235343073,4.74895550003245,19.8525377720469));
#3289=CARTESIAN_POINT('Ctrl Pts',(30.5766935320377,4.42181922408312,18.2270488488802));
#3290=CARTESIAN_POINT('Ctrl Pts',(29.9870549876439,4.42396156680062,18.701558921645));
#3291=CARTESIAN_POINT('Ctrl Pts',(29.4189418400503,4.67480237053848,19.1959882807084));
#3292=CARTESIAN_POINT('Ctrl Pts',(28.9857764257118,5.11151711327968,19.6660988736947));
#3293=CARTESIAN_POINT('Ctrl Pts',(30.602622938529,4.66666666666666,18.2593061076004));
#3294=CARTESIAN_POINT('Ctrl Pts',(30.0501573445718,4.66666666666666,18.7033954545087));
#3295=CARTESIAN_POINT('Ctrl Pts',(29.5216787966094,4.90103853411365,19.1712344909295));
#3296=CARTESIAN_POINT('Ctrl Pts',(29.1147350873135,5.30910517198063,19.6226018327401));
#3297=CARTESIAN_POINT('',(30.602622938529,4.66666666666666,18.2593061076004));
#3298=CARTESIAN_POINT('Ctrl Pts',(29.1147350873135,5.30910517198063,19.6226018327401));
#3299=CARTESIAN_POINT('Ctrl Pts',(29.5216787966094,4.90103853411365,19.1712344909295));
#3300=CARTESIAN_POINT('Ctrl Pts',(30.0501573445718,4.66666666666666,18.7033954545087));
#3301=CARTESIAN_POINT('Ctrl Pts',(30.602622938529,4.66666666666666,18.2593061076004));
#3302=CARTESIAN_POINT('',(31.220374423302,3.5,19.0278146145689));
#3303=CARTESIAN_POINT('Origin',(31.220374423302,4.5,19.0278146145689));
#3304=CARTESIAN_POINT('Ctrl Pts',(31.220374423302,3.5,19.0278146145689));
#3305=CARTESIAN_POINT('Ctrl Pts',(30.5100489763782,3.5,19.5793772173147));
#3306=CARTESIAN_POINT('Ctrl Pts',(29.8199985407465,3.76794405386508,20.149685698455));
#3307=CARTESIAN_POINT('Ctrl Pts',(29.256102439421,4.23446348039948,20.643421012433));
#3308=CARTESIAN_POINT('Origin',(13.4007496613218,4.5,33.3517935360719));
#3309=CARTESIAN_POINT('',(32.8817275144308,4.66666666666667,16.4272896459086));
#3310=CARTESIAN_POINT('',(33.4994789992039,3.5,17.195798152877));
#3311=CARTESIAN_POINT('Origin',(33.4994789992039,4.5,17.195798152877));
#3312=CARTESIAN_POINT('',(13.4007496613218,3.5,33.3517935360719));
#3313=CARTESIAN_POINT('',(12.7829981765488,4.66666666666667,32.5832850291034));
#3314=CARTESIAN_POINT('Origin',(-38.7184396374041,12.,38.053626551633));
#3315=CARTESIAN_POINT('',(-41.915876332824,12.,43.6275086521993));
#3316=CARTESIAN_POINT('',(-31.2651393825274,12.,30.3775349761655));
#3317=CARTESIAN_POINT('',(-37.9390294211668,12.,38.6801404898857));
#3318=CARTESIAN_POINT('',(-32.0445495987647,13.,29.7510210379128));
#3319=CARTESIAN_POINT('Origin',(-32.0445495987647,12.,29.7510210379128));
#3320=CARTESIAN_POINT('',(-42.7909381240413,13.,43.1199893766136));
#3321=CARTESIAN_POINT('',(-38.7184396374041,13.,38.053626551633));
#3322=CARTESIAN_POINT('Ctrl Pts',(-42.7909381240413,13.,43.1199893766137));
#3323=CARTESIAN_POINT('Ctrl Pts',(-42.7896312939732,13.,43.1207487710647));
#3324=CARTESIAN_POINT('Ctrl Pts',(-42.7883244625906,12.9999966504761,43.1215081598146));
#3325=CARTESIAN_POINT('Ctrl Pts',(-42.7272089487117,12.9996833611487,43.1570215695638));
#3326=CARTESIAN_POINT('Ctrl Pts',(-42.6675647575783,12.9923617780511,43.1916663271552));
#3327=CARTESIAN_POINT('Ctrl Pts',(-42.5505328906366,12.9639130084298,43.2596192365096));
#3328=CARTESIAN_POINT('Ctrl Pts',(-42.4934262299633,12.9428664233807,43.2927642606001));
#3329=CARTESIAN_POINT('Ctrl Pts',(-42.3345549574082,12.8629628065904,43.3849416687277));
#3330=CARTESIAN_POINT('Ctrl Pts',(-42.2401891193173,12.7878471512361,43.4396505866205));
#3331=CARTESIAN_POINT('Ctrl Pts',(-42.0826820759208,12.6011282311732,43.530924212737));
#3332=CARTESIAN_POINT('Ctrl Pts',(-42.0206730738735,12.4917286958042,43.5668346340671));
#3333=CARTESIAN_POINT('Ctrl Pts',(-41.9371884264263,12.2535136691479,43.6151736877235));
#3334=CARTESIAN_POINT('Ctrl Pts',(-41.9158763328239,12.1273860194408,43.6275086521993));
#3335=CARTESIAN_POINT('Ctrl Pts',(-41.9158763328239,12.,43.6275086521993));
#3336=CARTESIAN_POINT('Origin',(32.0445534299993,3.,29.751003909378));
#3337=CARTESIAN_POINT('',(30.3120619164866,12.6100568213389,27.5957125030379));
#3338=CARTESIAN_POINT('',(29.7059011864865,11.649051139205,28.4377559985369));
#3339=CARTESIAN_POINT('Origin',(30.4853110678379,11.649051139205,27.8112416436719));
#3340=CARTESIAN_POINT('',(31.2651435486479,12.,30.377518264243));
#3341=CARTESIAN_POINT('Origin',(31.2651435486479,3.,30.377518264243));
#3342=CARTESIAN_POINT('',(32.0445534299993,13.,29.751003909378));
#3343=CARTESIAN_POINT('Origin',(32.0445534299993,12.,29.751003909378));
#3344=CARTESIAN_POINT('Origin',(32.0445534299993,3.,29.751003909378));
#3345=CARTESIAN_POINT('Origin',(30.2605015013015,12.,27.531569204852));
#3346=CARTESIAN_POINT('',(42.7909491012891,13.,43.1199665038901));
#3347=CARTESIAN_POINT('',(30.2605015013015,13.,27.531569204852));
#3348=CARTESIAN_POINT('',(41.9158875813525,12.,43.627486247216));
#3349=CARTESIAN_POINT('',(29.4810916199501,12.,28.158083559717));
#3350=CARTESIAN_POINT('Ctrl Pts',(42.7909491012891,13.,43.1199665038901));
#3351=CARTESIAN_POINT('Ctrl Pts',(42.789642271627,13.,43.1207258990397));
#3352=CARTESIAN_POINT('Ctrl Pts',(42.7883354406502,12.9999966504761,43.1214852884881));
#3353=CARTESIAN_POINT('Ctrl Pts',(42.7272199457533,12.9996833611487,43.1569987309082));
#3354=CARTESIAN_POINT('Ctrl Pts',(42.6675757731329,12.9923617780504,43.191643520381));
#3355=CARTESIAN_POINT('Ctrl Pts',(42.5505439425076,12.9639130084261,43.2595964922953));
#3356=CARTESIAN_POINT('Ctrl Pts',(42.4934372995482,12.9428664233748,43.2927415469121));
#3357=CARTESIAN_POINT('Ctrl Pts',(42.3345660762627,12.8629628065791,43.3849190399607));
#3358=CARTESIAN_POINT('Ctrl Pts',(42.2402002674165,12.7878471512225,43.4396280082933));
#3359=CARTESIAN_POINT('Ctrl Pts',(42.0826932728113,12.6011282311558,43.5309017185988));
#3360=CARTESIAN_POINT('Ctrl Pts',(42.0206842899611,12.4917286957853,43.5668121730729));
#3361=CARTESIAN_POINT('Ctrl Pts',(41.9371996683591,12.2535136691338,43.6151512713497));
#3362=CARTESIAN_POINT('Ctrl Pts',(41.9158875813524,12.1273860194336,43.6274862472159));
#3363=CARTESIAN_POINT('Ctrl Pts',(41.9158875813524,12.,43.6274862472159));
#3364=CARTESIAN_POINT('Origin',(-32.0445495987647,3.,29.7510210379128));
#3365=CARTESIAN_POINT('',(-29.7058978376272,11.6490510383524,28.4377716038356));
#3366=CARTESIAN_POINT('',(-30.31205899332,12.6100567092804,27.5957284019907));
#3367=CARTESIAN_POINT('Origin',(-30.4853080538645,11.6490510383524,27.8112576655829));
#3368=CARTESIAN_POINT('Origin',(-32.0445495987647,3.,29.7510210379128));
#3369=CARTESIAN_POINT('Origin',(-31.2651393825274,3.,30.3775349761655));
#3370=CARTESIAN_POINT('Ctrl Pts',(-28.0401458571387,8.77777777777778,22.4979387567762));
#3371=CARTESIAN_POINT('Ctrl Pts',(-28.1355305088925,9.53967055219955,23.1132481716064));
#3372=CARTESIAN_POINT('Ctrl Pts',(-28.5196448358963,11.149755935664,24.7358800026255));
#3373=CARTESIAN_POINT('Ctrl Pts',(-29.5129440917034,12.2430342064225,26.6015951828568));
#3374=CARTESIAN_POINT('Ctrl Pts',(-30.31205899332,12.6100567092804,27.5957284019907));
#3375=CARTESIAN_POINT('Ctrl Pts',(-27.8582708833525,8.71759067807772,22.5894710488191));
#3376=CARTESIAN_POINT('Ctrl Pts',(-27.9367169417481,9.47973004218628,23.20740888966));
#3377=CARTESIAN_POINT('Ctrl Pts',(-28.2796156913402,11.1026169765967,24.8417798899708));
#3378=CARTESIAN_POINT('Ctrl Pts',(-29.2627106580471,12.2324653512084,26.7569004175441));
#3379=CARTESIAN_POINT('Ctrl Pts',(-30.0788600019425,12.6100567092804,27.7831809339703));
#3380=CARTESIAN_POINT('Ctrl Pts',(-27.6035532288417,8.54173456646345,22.8271838997139));
#3381=CARTESIAN_POINT('Ctrl Pts',(-27.6585458189027,9.28379996746543,23.4564606880971));
#3382=CARTESIAN_POINT('Ctrl Pts',(-27.9409461802346,10.87103451126,25.1243551974379));
#3383=CARTESIAN_POINT('Ctrl Pts',(-28.8912776960071,11.994740258575,27.1039962104869));
#3384=CARTESIAN_POINT('Ctrl Pts',(-29.7187395652542,12.3686276769571,28.1617896433424));
#3385=CARTESIAN_POINT('Ctrl Pts',(-27.5442052267101,8.30248176519697,23.1197356706764));
#3386=CARTESIAN_POINT('Ctrl Pts',(-27.6047300169911,9.00506488221599,23.7565939386998));
#3387=CARTESIAN_POINT('Ctrl Pts',(-27.9049924814914,10.4955462357339,25.4351924752401));
#3388=CARTESIAN_POINT('Ctrl Pts',(-28.8570381166016,11.5213605479732,27.3690012766583));
#3389=CARTESIAN_POINT('Ctrl Pts',(-29.6670208393524,11.8647002066271,28.3894069501832));
#3390=CARTESIAN_POINT('Ctrl Pts',(-27.5572253876274,8.2,23.2409172991594));
#3391=CARTESIAN_POINT('Ctrl Pts',(-27.6256635633542,8.88570349697961,23.8778871213925));
#3392=CARTESIAN_POINT('Ctrl Pts',(-27.9476659257011,10.3347803420976,25.5504464626997));
#3393=CARTESIAN_POINT('Ctrl Pts',(-28.9067829360105,11.3187307857803,27.4436383847017));
#3394=CARTESIAN_POINT('Ctrl Pts',(-29.7058978376272,11.6490510383524,28.4377716038357));
#3395=CARTESIAN_POINT('',(-27.5572253876274,8.2,23.2409172991594));
#3396=CARTESIAN_POINT('Ctrl Pts',(-29.7058978376272,11.6490510383524,28.4377716038357));
#3397=CARTESIAN_POINT('Ctrl Pts',(-28.9067829360105,11.3187307857803,27.4436383847017));
#3398=CARTESIAN_POINT('Ctrl Pts',(-27.9476659257011,10.3347803420976,25.5504464626997));
#3399=CARTESIAN_POINT('Ctrl Pts',(-27.6256635633542,8.88570349697961,23.8778871213925));
#3400=CARTESIAN_POINT('Ctrl Pts',(-27.5572253876274,8.2,23.2409172991594));
#3401=CARTESIAN_POINT('',(-28.0401458571387,8.77777777777778,22.4979387567762));
#3402=CARTESIAN_POINT('Origin',(-28.5515028488647,8.2,23.1340887913743));
#3403=CARTESIAN_POINT('Ctrl Pts',(-28.0401458571387,8.77777777777778,22.4979387567762));
#3404=CARTESIAN_POINT('Ctrl Pts',(-28.1355305088925,9.53967055219955,23.1132481716064));
#3405=CARTESIAN_POINT('Ctrl Pts',(-28.5196448358963,11.149755935664,24.7358800026255));
#3406=CARTESIAN_POINT('Ctrl Pts',(-29.5129440917034,12.2430342064225,26.6015951828568));
#3407=CARTESIAN_POINT('Ctrl Pts',(-30.31205899332,12.6100567092804,27.5957284019907));
#3408=CARTESIAN_POINT('Ctrl Pts',(30.3120619164866,12.6100568213389,27.5957125030379));
#3409=CARTESIAN_POINT('Ctrl Pts',(29.712725295049,12.3347899647288,26.850112850968));
#3410=CARTESIAN_POINT('Ctrl Pts',(28.6121103924918,11.351925014614,25.0101680980665));
#3411=CARTESIAN_POINT('Ctrl Pts',(28.1673259346893,9.79363486514843,23.3183361837805));
#3412=CARTESIAN_POINT('Ctrl Pts',(28.040145986549,8.77777777777778,22.4979236279266));
#3413=CARTESIAN_POINT('Ctrl Pts',(30.0788630253067,12.6100568213389,27.7831651596677));
#3414=CARTESIAN_POINT('Ctrl Pts',(29.4667505573143,12.3268633237267,27.0134550395384));
#3415=CARTESIAN_POINT('Ctrl Pts',(28.3661162137949,11.3103030611353,25.1206245111569));
#3416=CARTESIAN_POINT('Ctrl Pts',(27.9628662234754,9.7337765476226,23.4133731454646));
#3417=CARTESIAN_POINT('Ctrl Pts',(27.8582710669818,8.71759067460072,22.5894560097734));
#3418=CARTESIAN_POINT('Ctrl Pts',(29.7187427848413,12.3686277862199,28.1617740539177));
#3419=CARTESIAN_POINT('Ctrl Pts',(29.0981459084258,12.0882122430688,27.3684292496152));
#3420=CARTESIAN_POINT('Ctrl Pts',(28.0170440089243,11.0773926740519,25.4116186082747));
#3421=CARTESIAN_POINT('Ctrl Pts',(27.6768774147105,9.53115514862715,23.666204728646));
#3422=CARTESIAN_POINT('Ctrl Pts',(27.6035535445351,8.54173456153409,22.8271689788191));
#3423=CARTESIAN_POINT('Ctrl Pts',(29.6670241678346,11.8647003099943,28.3893913724761));
#3424=CARTESIAN_POINT('Ctrl Pts',(29.0595366685387,11.6071955851283,27.6240873827363));
#3425=CARTESIAN_POINT('Ctrl Pts',(27.9849817720242,10.6848391369386,25.7201188987798));
#3426=CARTESIAN_POINT('Ctrl Pts',(27.6249058318255,9.23925930333769,23.9688651537412));
#3427=CARTESIAN_POINT('Ctrl Pts',(27.5442056897224,8.30248176372207,23.1197207656606));
#3428=CARTESIAN_POINT('Ctrl Pts',(29.7059011864865,11.649051139205,28.4377559985369));
#3429=CARTESIAN_POINT('Ctrl Pts',(29.1065645650489,11.4013109682559,27.6921563464669));
#3430=CARTESIAN_POINT('Ctrl Pts',(28.0314902028502,10.5167325131526,25.8316812980837));
#3431=CARTESIAN_POINT('Ctrl Pts',(27.6484772325134,9.1142713786336,24.0901955052101));
#3432=CARTESIAN_POINT('Ctrl Pts',(27.557225909235,8.2,23.2409023824489));
#3433=CARTESIAN_POINT('',(28.040145986549,8.77777777777778,22.4979236279266));
#3434=CARTESIAN_POINT('',(27.557225909235,8.2,23.2409023824489));
#3435=CARTESIAN_POINT('Origin',(28.5515033183115,8.2,23.1340733891928));
#3436=CARTESIAN_POINT('Ctrl Pts',(27.557225909235,8.2,23.2409023824489));
#3437=CARTESIAN_POINT('Ctrl Pts',(27.6484772325134,9.1142713786336,24.0901955052101));
#3438=CARTESIAN_POINT('Ctrl Pts',(28.0314902028502,10.5167325131526,25.8316812980837));
#3439=CARTESIAN_POINT('Ctrl Pts',(29.1065645650489,11.4013109682559,27.6921563464669));
#3440=CARTESIAN_POINT('Ctrl Pts',(29.7059011864865,11.649051139205,28.4377559985369));
#3441=CARTESIAN_POINT('Ctrl Pts',(30.3120619164866,12.6100568213389,27.5957125030379));
#3442=CARTESIAN_POINT('Ctrl Pts',(29.712725295049,12.3347899647288,26.850112850968));
#3443=CARTESIAN_POINT('Ctrl Pts',(28.6121103924918,11.351925014614,25.0101680980665));
#3444=CARTESIAN_POINT('Ctrl Pts',(28.1673259346893,9.79363486514843,23.3183361837805));
#3445=CARTESIAN_POINT('Ctrl Pts',(28.040145986549,8.77777777777778,22.4979236279266));
#3446=CARTESIAN_POINT('Ctrl Pts',(-28.1431538939311,7.35451680064822,21.3371689641859));
#3447=CARTESIAN_POINT('Ctrl Pts',(-28.1077105107261,7.51588230335893,21.465806857518));
#3448=CARTESIAN_POINT('Ctrl Pts',(-28.0779390788733,7.67714696306251,21.5967128572013));
#3449=CARTESIAN_POINT('Ctrl Pts',(-28.0530200109921,7.83725695608629,21.7302797933782));
#3450=CARTESIAN_POINT('Ctrl Pts',(-27.974863296586,7.2489238872179,21.4069125638352));
#3451=CARTESIAN_POINT('Ctrl Pts',(-27.9427629275361,7.41630244106663,21.5337452929713));
#3452=CARTESIAN_POINT('Ctrl Pts',(-27.9163848074786,7.58296056758456,21.6624153599865));
#3453=CARTESIAN_POINT('Ctrl Pts',(-27.8950651979052,7.74793269556418,21.7939076623549));
#3454=CARTESIAN_POINT('Ctrl Pts',(-27.7165002275638,6.97815084001654,21.6427540441177));
#3455=CARTESIAN_POINT('Ctrl Pts',(-27.6852548754454,7.15898927575095,21.7590080233814));
#3456=CARTESIAN_POINT('Ctrl Pts',(-27.6610835862921,7.33791398718945,21.8773771239348));
#3457=CARTESIAN_POINT('Ctrl Pts',(-27.6421228582603,7.51426939755587,21.9988911184324));
#3458=CARTESIAN_POINT('Ctrl Pts',(-27.7124405061788,6.69221026650844,21.9802629024182));
#3459=CARTESIAN_POINT('Ctrl Pts',(-27.6654546047782,6.87830404485542,22.0818298121997));
#3460=CARTESIAN_POINT('Ctrl Pts',(-27.6269290529533,7.06311525685156,22.1855177767362));
#3461=CARTESIAN_POINT('Ctrl Pts',(-27.5958054174524,7.24598213385647,22.2929544111098));
#3462=CARTESIAN_POINT('Ctrl Pts',(-27.7747008074593,6.57286650452484,22.1421779405511));
#3463=CARTESIAN_POINT('Ctrl Pts',(-27.7168976184417,6.75734652519142,22.2386062987862));
#3464=CARTESIAN_POINT('Ctrl Pts',(-27.6685184767996,6.94171125777146,22.3367804230251));
#3465=CARTESIAN_POINT('Ctrl Pts',(-27.628231359957,7.12475592547162,22.4386589644325));
#3466=CARTESIAN_POINT('',(-28.0530200109921,7.83725695608629,21.7302797933782));
#3467=CARTESIAN_POINT('',(-27.628231359957,7.12475592547162,22.4386589644325));
#3468=CARTESIAN_POINT('Origin',(-28.6013573263554,7.35353126047766,22.4124349370135));
#3469=CARTESIAN_POINT('',(-27.7747008074593,6.57286650452485,22.1421779405511));
#3470=CARTESIAN_POINT('Ctrl Pts',(-27.628231359957,7.12475592547162,22.4386589644325));
#3471=CARTESIAN_POINT('Ctrl Pts',(-27.6685184767996,6.94171125777146,22.3367804230251));
#3472=CARTESIAN_POINT('Ctrl Pts',(-27.7168976184417,6.75734652519142,22.2386062987862));
#3473=CARTESIAN_POINT('Ctrl Pts',(-27.7747008074593,6.57286650452484,22.1421779405511));
#3474=CARTESIAN_POINT('',(-28.1431538939311,7.35451680064822,21.3371689641859));
#3475=CARTESIAN_POINT('Origin',(-28.7071493252158,6.91906512058339,22.0388034757507));
#3476=CARTESIAN_POINT('Ctrl Pts',(-28.1431538939311,7.35451680064822,21.3371689641859));
#3477=CARTESIAN_POINT('Ctrl Pts',(-28.1077105107261,7.51588230335893,21.465806857518));
#3478=CARTESIAN_POINT('Ctrl Pts',(-28.0779390788733,7.67714696306251,21.5967128572013));
#3479=CARTESIAN_POINT('Ctrl Pts',(-28.0530200109921,7.83725695608629,21.7302797933782));
#3480=CARTESIAN_POINT('Ctrl Pts',(-27.7747008074593,6.57286650452485,22.1421779405511));
#3481=CARTESIAN_POINT('Ctrl Pts',(-27.8907009976151,6.20634933732208,21.9610545778984));
#3482=CARTESIAN_POINT('Ctrl Pts',(-28.2474842802939,5.34111550844859,21.5491566116373));
#3483=CARTESIAN_POINT('Ctrl Pts',(-28.8467419645889,4.57312711548639,21.0018638014272));
#3484=CARTESIAN_POINT('Ctrl Pts',(-29.256129625574,4.23444146221297,20.6434138395808));
#3485=CARTESIAN_POINT('Ctrl Pts',(-27.7035461774245,6.70925937536324,21.9571321826849));
#3486=CARTESIAN_POINT('Ctrl Pts',(-27.7925888200237,6.3388887705401,21.7629916327985));
#3487=CARTESIAN_POINT('Ctrl Pts',(-28.0769749110968,5.45164086629281,21.328500327673));
#3488=CARTESIAN_POINT('Ctrl Pts',(-28.6407728129975,4.63793138804585,20.7727063792363));
#3489=CARTESIAN_POINT('Ctrl Pts',(-29.0436267096325,4.2792996058457,20.408540703464));
#3490=CARTESIAN_POINT('Ctrl Pts',(-27.7277922388759,7.00188406058051,21.6183460369536));
#3491=CARTESIAN_POINT('Ctrl Pts',(-27.7856860489731,6.64494531887575,21.3897349673943));
#3492=CARTESIAN_POINT('Ctrl Pts',(-27.9742136058842,5.78099831269934,20.8765635376182));
#3493=CARTESIAN_POINT('Ctrl Pts',(-28.4476969982404,4.96194591244841,20.2927596275));
#3494=CARTESIAN_POINT('Ctrl Pts',(-28.8126196028558,4.60105559035559,19.9273180279967));
#3495=CARTESIAN_POINT('Ctrl Pts',(-27.9989048104925,7.26400858913652,21.3969491924567));
#3496=CARTESIAN_POINT('Ctrl Pts',(-28.0625467538916,6.93350378734994,21.1456444222156));
#3497=CARTESIAN_POINT('Ctrl Pts',(-28.2560369549004,6.14629930363733,20.5814734209411));
#3498=CARTESIAN_POINT('Ctrl Pts',(-28.6713621921207,5.42839825817587,20.0073422718017));
#3499=CARTESIAN_POINT('Ctrl Pts',(-28.9857979117959,5.11149649913589,19.6660926027985));
#3500=CARTESIAN_POINT('Ctrl Pts',(-28.1431538939311,7.35451680064822,21.3371689641859));
#3501=CARTESIAN_POINT('Ctrl Pts',(-28.2135713210403,7.03392258820135,21.0815965933208));
#3502=CARTESIAN_POINT('Ctrl Pts',(-28.4208410891067,6.27709867169266,20.5102981092492));
#3503=CARTESIAN_POINT('Ctrl Pts',(-28.8193141593767,5.6053357747753,19.9502861740107));
#3504=CARTESIAN_POINT('Ctrl Pts',(-29.1147553657955,5.309085912574,19.6225965026065));
#3505=CARTESIAN_POINT('',(-29.256129625574,4.23444146221297,20.6434138395808));
#3506=CARTESIAN_POINT('',(-29.1147553657955,5.309085912574,19.6225965026065));
#3507=CARTESIAN_POINT('Origin',(-29.7243380455686,5.07817732131659,20.3809435069549));
#3508=CARTESIAN_POINT('Ctrl Pts',(-29.1147553657955,5.309085912574,19.6225965026065));
#3509=CARTESIAN_POINT('Ctrl Pts',(-28.8193141593767,5.6053357747753,19.9502861740107));
#3510=CARTESIAN_POINT('Ctrl Pts',(-28.4208410891067,6.27709867169266,20.5102981092492));
#3511=CARTESIAN_POINT('Ctrl Pts',(-28.2135713210403,7.03392258820135,21.0815965933208));
#3512=CARTESIAN_POINT('Ctrl Pts',(-28.1431538939311,7.35451680064822,21.3371689641859));
#3513=CARTESIAN_POINT('Ctrl Pts',(-27.7747008074593,6.57286650452485,22.1421779405511));
#3514=CARTESIAN_POINT('Ctrl Pts',(-27.8907009976151,6.20634933732208,21.9610545778984));
#3515=CARTESIAN_POINT('Ctrl Pts',(-28.2474842802939,5.34111550844859,21.5491566116373));
#3516=CARTESIAN_POINT('Ctrl Pts',(-28.8467419645889,4.57312711548639,21.0018638014272));
#3517=CARTESIAN_POINT('Ctrl Pts',(-29.256129625574,4.23444146221297,20.6434138395808));
#3518=CARTESIAN_POINT('Ctrl Pts',(-30.6026247031975,4.66666666666667,18.2593229048215));
#3519=CARTESIAN_POINT('Ctrl Pts',(-30.0501675735966,4.66666666666667,18.7034049617042));
#3520=CARTESIAN_POINT('Ctrl Pts',(-29.5216966120116,4.90103082243668,19.1712361630325));
#3521=CARTESIAN_POINT('Ctrl Pts',(-29.1147553657955,5.30908591257399,19.6225965026065));
#3522=CARTESIAN_POINT('Ctrl Pts',(-30.5853384436982,4.50343503827764,18.2378180564347));
#3523=CARTESIAN_POINT('Ctrl Pts',(-30.0081119085901,4.50485786439757,18.7021279059526));
#3524=CARTESIAN_POINT('Ctrl Pts',(-29.4532506053071,4.7502579307949,19.1878140742439));
#3525=CARTESIAN_POINT('Ctrl Pts',(-29.0287837297958,5.17735963694859,19.6515939027345));
#3526=CARTESIAN_POINT('Ctrl Pts',(-30.6028172806889,4.16373509789133,18.2595624794822));
#3527=CARTESIAN_POINT('Ctrl Pts',(-29.975206566945,4.16823423741317,18.763091246891));
#3528=CARTESIAN_POINT('Ctrl Pts',(-29.3674474297219,4.43354626411004,19.2840217307937));
#3529=CARTESIAN_POINT('Ctrl Pts',(-28.9050227694922,4.89635788084996,19.7689485450308));
#3530=CARTESIAN_POINT('Ctrl Pts',(-30.8069032450549,3.66193048625648,18.5134541743119));
#3531=CARTESIAN_POINT('Ctrl Pts',(-30.1091751723787,3.66896395855576,19.0653142422256));
#3532=CARTESIAN_POINT('Ctrl Pts',(-29.4294025760948,3.9530793955646,19.6322151881581));
#3533=CARTESIAN_POINT('Ctrl Pts',(-28.902935361535,4.45104771677024,20.1354949062775));
#3534=CARTESIAN_POINT('Ctrl Pts',(-31.0647994416914,3.5,18.8342881065112));
#3535=CARTESIAN_POINT('Ctrl Pts',(-30.3493488624774,3.50382326360339,19.392737845798));
#3536=CARTESIAN_POINT('Ctrl Pts',(-29.6538100634758,3.78133218436813,19.9677608787425));
#3537=CARTESIAN_POINT('Ctrl Pts',(-29.0967524386178,4.26808506993751,20.4672589874932));
#3538=CARTESIAN_POINT('Ctrl Pts',(-31.2203757771854,3.5,19.0278317419919));
#3539=CARTESIAN_POINT('Ctrl Pts',(-30.5100612325997,3.5,19.5793852933703));
#3540=CARTESIAN_POINT('Ctrl Pts',(-29.8200209221405,3.76793523754245,20.1496842209268));
#3541=CARTESIAN_POINT('Ctrl Pts',(-29.256129625574,4.23444146221297,20.6434138395808));
#3542=CARTESIAN_POINT('',(-31.2203757771854,3.5,19.0278317419919));
#3543=CARTESIAN_POINT('Ctrl Pts',(-29.256129625574,4.23444146221297,20.6434138395808));
#3544=CARTESIAN_POINT('Ctrl Pts',(-29.8200209221405,3.76793523754245,20.1496842209268));
#3545=CARTESIAN_POINT('Ctrl Pts',(-30.5100612325997,3.5,19.5793852933703));
#3546=CARTESIAN_POINT('Ctrl Pts',(-31.2203757771854,3.5,19.0278317419919));
#3547=CARTESIAN_POINT('',(-30.6026247031975,4.66666666666667,18.2593229048215));
#3548=CARTESIAN_POINT('Origin',(-31.2203757771854,4.5,19.0278317419919));
#3549=CARTESIAN_POINT('Ctrl Pts',(-30.6026247031975,4.66666666666667,18.2593229048215));
#3550=CARTESIAN_POINT('Ctrl Pts',(-30.0501675735966,4.66666666666667,18.7034049617042));
#3551=CARTESIAN_POINT('Ctrl Pts',(-29.5216966120116,4.90103082243668,19.1712361630325));
#3552=CARTESIAN_POINT('Ctrl Pts',(-29.1147553657955,5.30908591257399,19.6225965026065));
#3553=CARTESIAN_POINT('Origin',(-8.72428665440752,4.5,37.1108810759327));
#3554=CARTESIAN_POINT('',(-33.4994888734051,3.5,17.1958104367935));
#3555=CARTESIAN_POINT('',(-32.881737388632,4.66666666666667,16.4273019298249));
#3556=CARTESIAN_POINT('Origin',(-33.4994888734051,4.5,17.1958104367935));
#3557=CARTESIAN_POINT('',(-8.10653558041966,4.66666666666667,36.3423722387622));
#3558=CARTESIAN_POINT('',(-8.72428665440752,3.5,37.1108810759327));
#3559=CARTESIAN_POINT('Ctrl Pts',(-27.5572253876274,8.2,23.2409172991594));
#3560=CARTESIAN_POINT('Ctrl Pts',(-27.528811588776,7.83837089606206,22.9764635463943));
#3561=CARTESIAN_POINT('Ctrl Pts',(-27.5530953992044,7.47523020104687,22.7079965178969));
#3562=CARTESIAN_POINT('Ctrl Pts',(-27.628231359957,7.12475592547162,22.4386589644325));
#3563=CARTESIAN_POINT('Ctrl Pts',(-27.5420351998905,8.31956205939646,23.0995387325959));
#3564=CARTESIAN_POINT('Ctrl Pts',(-27.5079463334404,7.95912672931548,22.8332782095468));
#3565=CARTESIAN_POINT('Ctrl Pts',(-27.526548169404,7.59651862942104,22.5634254465031));
#3566=CARTESIAN_POINT('Ctrl Pts',(-27.5958054174524,7.24598213385647,22.2929544111098));
#3567=CARTESIAN_POINT('Ctrl Pts',(-27.6174310294975,8.55844420205492,22.8057060816088));
#3568=CARTESIAN_POINT('Ctrl Pts',(-27.5754893732663,8.20868763919331,22.5383962680557));
#3569=CARTESIAN_POINT('Ctrl Pts',(-27.5842986902787,7.85575329830606,22.2685402897917));
#3570=CARTESIAN_POINT('Ctrl Pts',(-27.6421250560291,7.51426902927755,21.9988920659314));
#3571=CARTESIAN_POINT('Ctrl Pts',(-27.8810052550758,8.72511406554023,22.5780295123138));
#3572=CARTESIAN_POINT('Ctrl Pts',(-27.8395601131144,8.39710013376075,22.3173142247427));
#3573=CARTESIAN_POINT('Ctrl Pts',(-27.8448207768351,8.06697727891201,22.0553254530936));
#3574=CARTESIAN_POINT('Ctrl Pts',(-27.8950651979052,7.74793269556418,21.7939076623549));
#3575=CARTESIAN_POINT('Ctrl Pts',(-28.0401458571387,8.77777777777778,22.4979387567762));
#3576=CARTESIAN_POINT('Ctrl Pts',(-28.0005445632751,8.46145917622451,22.2424778570856));
#3577=CARTESIAN_POINT('Ctrl Pts',(-28.0053076554593,8.1438183791663,21.9860194212273));
#3578=CARTESIAN_POINT('Ctrl Pts',(-28.0530200109921,7.83725695608629,21.7302797933782));
#3579=CARTESIAN_POINT('Ctrl Pts',(-28.0530200109921,7.83725695608629,21.7302797933782));
#3580=CARTESIAN_POINT('Ctrl Pts',(-28.0053076554593,8.1438183791663,21.9860194212273));
#3581=CARTESIAN_POINT('Ctrl Pts',(-28.0005445632751,8.46145917622451,22.2424778570856));
#3582=CARTESIAN_POINT('Ctrl Pts',(-28.0401458571387,8.77777777777778,22.4979387567762));
#3583=CARTESIAN_POINT('Ctrl Pts',(-27.5572253876274,8.2,23.2409172991594));
#3584=CARTESIAN_POINT('Ctrl Pts',(-27.528811588776,7.83837089606206,22.9764635463943));
#3585=CARTESIAN_POINT('Ctrl Pts',(-27.5530953992044,7.47523020104687,22.7079965178969));
#3586=CARTESIAN_POINT('Ctrl Pts',(-27.628231359957,7.12475592547162,22.4386589644325));
#3587=CARTESIAN_POINT('Ctrl Pts',(27.6282314739149,7.12475599582343,22.4386440354768));
#3588=CARTESIAN_POINT('Ctrl Pts',(27.5530956562995,7.47523024796551,22.7079816195525));
#3589=CARTESIAN_POINT('Ctrl Pts',(27.5288119821967,7.83837091870594,22.9764486522749));
#3590=CARTESIAN_POINT('Ctrl Pts',(27.557225909235,8.2,23.2409023824489));
#3591=CARTESIAN_POINT('Ctrl Pts',(27.595805462185,7.24598220394067,22.2929395058907));
#3592=CARTESIAN_POINT('Ctrl Pts',(27.5265483574773,7.59651867547815,22.5634105685094));
#3593=CARTESIAN_POINT('Ctrl Pts',(27.5079466581086,7.95912675059414,22.8332633324444));
#3594=CARTESIAN_POINT('Ctrl Pts',(27.5420356531369,8.31956205767574,23.0995238295292));
#3595=CARTESIAN_POINT('Ctrl Pts',(27.6421249536717,7.51426909535014,21.9988771537792));
#3596=CARTESIAN_POINT('Ctrl Pts',(27.5842987299782,7.85575334044467,22.2685253985459));
#3597=CARTESIAN_POINT('Ctrl Pts',(27.5754895488615,8.20868765671591,22.5383813720706));
#3598=CARTESIAN_POINT('Ctrl Pts',(27.6174313336939,8.55844419693458,22.8056911548676));
#3599=CARTESIAN_POINT('Ctrl Pts',(27.8950649795698,7.74793275757977,21.7938926310093));
#3600=CARTESIAN_POINT('Ctrl Pts',(27.8448206957442,8.06697731915052,22.0553104392327));
#3601=CARTESIAN_POINT('Ctrl Pts',(27.8395601640038,8.39710015153348,22.3172992047524));
#3602=CARTESIAN_POINT('Ctrl Pts',(27.8810054319277,8.72511406249785,22.5780144620425));
#3603=CARTESIAN_POINT('Ctrl Pts',(28.0530197531072,7.83725701762334,21.7302646827672));
#3604=CARTESIAN_POINT('Ctrl Pts',(28.0053075317237,8.14381842020623,21.9860043272443));
#3605=CARTESIAN_POINT('Ctrl Pts',(28.0005445688669,8.46145919603121,22.2424627571594));
#3606=CARTESIAN_POINT('Ctrl Pts',(28.040145986549,8.77777777777778,22.4979236279266));
#3607=CARTESIAN_POINT('Ctrl Pts',(28.040145986549,8.77777777777778,22.4979236279266));
#3608=CARTESIAN_POINT('Ctrl Pts',(28.0005445688669,8.46145919603121,22.2424627571594));
#3609=CARTESIAN_POINT('Ctrl Pts',(28.0053075317237,8.14381842020623,21.9860043272443));
#3610=CARTESIAN_POINT('Ctrl Pts',(28.0530197531072,7.83725701762334,21.7302646827672));
#3611=CARTESIAN_POINT('Ctrl Pts',(27.6282314739149,7.12475599582343,22.4386440354768));
#3612=CARTESIAN_POINT('Ctrl Pts',(27.5530956562995,7.47523024796551,22.7079816195525));
#3613=CARTESIAN_POINT('Ctrl Pts',(27.5288119821967,7.83837091870594,22.9764486522749));
#3614=CARTESIAN_POINT('Ctrl Pts',(27.557225909235,8.2,23.2409023824489));
#3615=CARTESIAN_POINT('Ctrl Pts',(29.2561024394252,4.23446348040132,20.6434210124464));
#3616=CARTESIAN_POINT('Ctrl Pts',(29.23216361904,4.22400271878475,20.5670908487886));
#3617=CARTESIAN_POINT('Ctrl Pts',(29.2047909825098,4.21416712554837,20.493002099562));
#3618=CARTESIAN_POINT('Ctrl Pts',(29.1739496597311,4.2048728600773,20.421049994143));
#3619=CARTESIAN_POINT('Ctrl Pts',(29.9094098369794,3.75799114485351,20.2771890552669));
#3620=CARTESIAN_POINT('Ctrl Pts',(29.8720093750255,3.75416146049545,20.1839793671829));
#3621=CARTESIAN_POINT('Ctrl Pts',(29.8304101811036,3.75046127131653,20.0933715795595));
#3622=CARTESIAN_POINT('Ctrl Pts',(29.7846338237087,3.74707158634191,20.0052874417418));
#3623=CARTESIAN_POINT('Ctrl Pts',(30.6824075135453,3.5,19.8438609572784));
#3624=CARTESIAN_POINT('Ctrl Pts',(30.6270475574459,3.50004018366147,19.7317962721626));
#3625=CARTESIAN_POINT('Ctrl Pts',(30.5669297433276,3.49996577893723,19.6228519703924));
#3626=CARTESIAN_POINT('Ctrl Pts',(30.5019453295161,3.5,19.5169314631313));
#3627=CARTESIAN_POINT('Ctrl Pts',(31.4567150387261,3.5,19.4097985825565));
#3628=CARTESIAN_POINT('Ctrl Pts',(31.3833171337761,3.5,19.2788668237933));
#3629=CARTESIAN_POINT('Ctrl Pts',(31.3046355585462,3.5,19.1515798277541));
#3630=CARTESIAN_POINT('Ctrl Pts',(31.220374423302,3.5,19.0278146145689));
#3631=CARTESIAN_POINT('',(31.2717631779226,3.5,19.1047889493305));
#3632=CARTESIAN_POINT('Ctrl Pts',(31.220374423302,3.5,19.0278146145689));
#3633=CARTESIAN_POINT('Ctrl Pts',(31.2377405599605,3.5,19.0533225026304));
#3634=CARTESIAN_POINT('Ctrl Pts',(31.2548696947506,3.5,19.0789799847663));
#3635=CARTESIAN_POINT('Ctrl Pts',(31.2717644180174,3.5,19.104788137595));
#3636=CARTESIAN_POINT('',(29.9965453813651,3.80820191269775,20.2283424922464));
#3637=CARTESIAN_POINT('Ctrl Pts',(29.9965453813743,3.80820191269547,20.2283424922506));
#3638=CARTESIAN_POINT('Ctrl Pts',(30.3807042614794,3.60980299961274,19.8491437431154));
#3639=CARTESIAN_POINT('Ctrl Pts',(30.8150119138853,3.50000000003423,19.4642485696765));
#3640=CARTESIAN_POINT('Ctrl Pts',(31.2717631770651,3.5,19.1047889482885));
#3641=CARTESIAN_POINT('Origin',(31.4567150387132,8.2,19.4097985825335));
#3642=CARTESIAN_POINT('Origin',(24.9999999999982,3.5,22.5834194507295));
#3643=CARTESIAN_POINT('',(33.5572375757472,3.5,17.2676522212492));
#3644=CARTESIAN_POINT('',(32.7940988135117,3.5,16.3182759020797));
#3645=CARTESIAN_POINT('',(25.7631387622337,3.5,23.532795769899));
#3646=CARTESIAN_POINT('Origin',(18.9605130242794,3.,40.2683700987881));
#3647=CARTESIAN_POINT('',(32.7940988135117,3.,16.3182759020797));
#3648=CARTESIAN_POINT('Origin',(39.0592423621614,3.,24.1123747155932));
#3649=CARTESIAN_POINT('',(39.8386522435128,13.,23.4858603607283));
#3650=CARTESIAN_POINT('',(18.9605130242794,13.,40.2683700987881));
#3651=CARTESIAN_POINT('',(33.5735086948631,3.,15.6917615472148));
#3652=CARTESIAN_POINT('Origin',(39.8386522435128,3.,23.4858603607283));
#3653=CARTESIAN_POINT('',(12.6953694756297,3.,32.4742712852746));
#3654=CARTESIAN_POINT('Origin',(3.61494867817669E-6,13.,61.0326235961745));
#3655=CARTESIAN_POINT('',(-45.9928080662558,13.,60.8128261341089));
#3656=CARTESIAN_POINT('Origin',(1.E-5,13.,59.9999999999992));
#3657=CARTESIAN_POINT('',(-39.8386517611375,13.,23.4858816553854));
#3658=CARTESIAN_POINT('',(-14.2840463202982,13.,44.0274606104667));
#3659=CARTESIAN_POINT('',(-49.0037250940148,13.,34.8876260573221));
#3660=CARTESIAN_POINT('',(-38.0546036333649,13.,21.2664492499023));
#3661=CARTESIAN_POINT('',(-49.8010822889093,13.,38.2139196974246));
#3662=CARTESIAN_POINT('Origin',(-45.8860842290657,13.,37.393681810333));
#3663=CARTESIAN_POINT('',(-47.068620224533,13.,51.2559698745516));
#3664=CARTESIAN_POINT('',(-45.6149306699646,13.,58.1944347703031));
#3665=CARTESIAN_POINT('Origin',(-96.9848454875395,13.,61.7140029349697));
#3666=CARTESIAN_POINT('Origin',(3.61494867817669E-6,13.,61.0326235961745));
#3667=CARTESIAN_POINT('',(45.9928285007231,13.,60.8128015499114));
#3668=CARTESIAN_POINT('Origin',(1.E-5,13.,59.9999999999992));
#3669=CARTESIAN_POINT('',(47.0686355506452,13.,51.2559447153097));
#3670=CARTESIAN_POINT('Origin',(96.9848664036988,13.,61.7139510943793));
#3671=CARTESIAN_POINT('',(49.8010906437515,13.,38.2138930776218));
#3672=CARTESIAN_POINT('',(45.6149494247516,13.,58.1944117249697));
#3673=CARTESIAN_POINT('',(49.0037316708781,13.,34.8875998637251));
#3674=CARTESIAN_POINT('Origin',(45.8860921454727,13.,37.393657283185));
#3675=CARTESIAN_POINT('',(46.5125441054921,13.,31.7884590544456));
#3676=CARTESIAN_POINT('Ctrl Pts',(-28.0530200109921,-7.83725695608629,21.7302797933782));
#3677=CARTESIAN_POINT('Ctrl Pts',(-28.0779390788733,-7.67714696306251,21.5967128572013));
#3678=CARTESIAN_POINT('Ctrl Pts',(-28.1077105107261,-7.51588230335893,21.465806857518));
#3679=CARTESIAN_POINT('Ctrl Pts',(-28.1431538939311,-7.35451680064822,21.3371689641859));
#3680=CARTESIAN_POINT('Ctrl Pts',(-27.8950651979052,-7.74793269556418,21.7939076623549));
#3681=CARTESIAN_POINT('Ctrl Pts',(-27.9163848074786,-7.58296056758456,21.6624153599865));
#3682=CARTESIAN_POINT('Ctrl Pts',(-27.9427629275361,-7.41630244106662,21.5337452929713));
#3683=CARTESIAN_POINT('Ctrl Pts',(-27.974863296586,-7.2489238872179,21.4069125638352));
#3684=CARTESIAN_POINT('Ctrl Pts',(-27.6421228582603,-7.51426939755587,21.9988911184324));
#3685=CARTESIAN_POINT('Ctrl Pts',(-27.6610835862921,-7.33791398718946,21.8773771239348));
#3686=CARTESIAN_POINT('Ctrl Pts',(-27.6852548754454,-7.15898927575095,21.7590080233814));
#3687=CARTESIAN_POINT('Ctrl Pts',(-27.7165002275638,-6.97815084001655,21.6427540441177));
#3688=CARTESIAN_POINT('Ctrl Pts',(-27.5958054174524,-7.24598213385648,22.2929544111098));
#3689=CARTESIAN_POINT('Ctrl Pts',(-27.6269290529533,-7.06311525685157,22.1855177767362));
#3690=CARTESIAN_POINT('Ctrl Pts',(-27.6654546047782,-6.87830404485542,22.0818298121997));
#3691=CARTESIAN_POINT('Ctrl Pts',(-27.7124405061788,-6.69221026650844,21.9802629024182));
#3692=CARTESIAN_POINT('Ctrl Pts',(-27.628231359957,-7.12475592547162,22.4386589644325));
#3693=CARTESIAN_POINT('Ctrl Pts',(-27.6685184767997,-6.94171125777147,22.3367804230251));
#3694=CARTESIAN_POINT('Ctrl Pts',(-27.7168976184417,-6.75734652519141,22.2386062987862));
#3695=CARTESIAN_POINT('Ctrl Pts',(-27.7747008074593,-6.57286650452484,22.1421779405511));
#3696=CARTESIAN_POINT('',(-28.1431538939311,-7.35451680064822,21.3371689641859));
#3697=CARTESIAN_POINT('',(-27.7747008074593,-6.57286650452485,22.1421779405511));
#3698=CARTESIAN_POINT('Origin',(-28.7071493252158,-6.91906512058339,22.0388034757507));
#3699=CARTESIAN_POINT('',(-27.628231359957,-7.12475592547162,22.4386589644325));
#3700=CARTESIAN_POINT('Ctrl Pts',(-27.7747008074593,-6.57286650452484,22.1421779405511));
#3701=CARTESIAN_POINT('Ctrl Pts',(-27.7168976184417,-6.75734652519141,22.2386062987862));
#3702=CARTESIAN_POINT('Ctrl Pts',(-27.6685184767997,-6.94171125777147,22.3367804230251));
#3703=CARTESIAN_POINT('Ctrl Pts',(-27.628231359957,-7.12475592547162,22.4386589644325));
#3704=CARTESIAN_POINT('',(-28.0530200109921,-7.83725695608629,21.7302797933782));
#3705=CARTESIAN_POINT('Origin',(-28.6013573263554,-7.35353126047766,22.4124349370135));
#3706=CARTESIAN_POINT('Ctrl Pts',(-28.0530200109921,-7.83725695608629,21.7302797933782));
#3707=CARTESIAN_POINT('Ctrl Pts',(-28.0779390788733,-7.67714696306251,21.5967128572013));
#3708=CARTESIAN_POINT('Ctrl Pts',(-28.1077105107261,-7.51588230335893,21.465806857518));
#3709=CARTESIAN_POINT('Ctrl Pts',(-28.1431538939311,-7.35451680064822,21.3371689641859));
#3710=CARTESIAN_POINT('Ctrl Pts',(-29.256129625574,-4.23444146221298,20.6434138395808));
#3711=CARTESIAN_POINT('Ctrl Pts',(-28.9490888798352,-4.48845570216805,20.9122513109657));
#3712=CARTESIAN_POINT('Ctrl Pts',(-28.3181629062169,-5.21366073391664,21.4851943124508));
#3713=CARTESIAN_POINT('Ctrl Pts',(-27.929367727667,-6.08417694825447,21.9006801236808));
#3714=CARTESIAN_POINT('Ctrl Pts',(-27.7747008074593,-6.57286650452485,22.1421779405511));
#3715=CARTESIAN_POINT('Ctrl Pts',(-29.0436267096324,-4.27929960584571,20.408540703464));
#3716=CARTESIAN_POINT('Ctrl Pts',(-28.7414862871562,-4.54827344249583,20.6816649602932));
#3717=CARTESIAN_POINT('Ctrl Pts',(-28.1381465647158,-5.31766231556195,21.2633328871169));
#3718=CARTESIAN_POINT('Ctrl Pts',(-27.8222697008901,-6.21543190226569,21.6982781161697));
#3719=CARTESIAN_POINT('Ctrl Pts',(-27.7035461774245,-6.70925937536325,21.9571321826849));
#3720=CARTESIAN_POINT('Ctrl Pts',(-28.8126196028558,-4.6010555903556,19.9273180279967));
#3721=CARTESIAN_POINT('Ctrl Pts',(-28.5389276493942,-4.87172333192524,20.2013992276242));
#3722=CARTESIAN_POINT('Ctrl Pts',(-28.0181305249727,-5.64663126948589,20.8028016717003));
#3723=CARTESIAN_POINT('Ctrl Pts',(-27.8049839856722,-6.52596573830747,21.3135312775411));
#3724=CARTESIAN_POINT('Ctrl Pts',(-27.7277922388759,-7.00188406058052,21.6183460369536));
#3725=CARTESIAN_POINT('Ctrl Pts',(-28.9857979117959,-5.1114964991359,19.6660926027985));
#3726=CARTESIAN_POINT('Ctrl Pts',(-28.7499711220395,-5.34917281841591,19.9220298545509));
#3727=CARTESIAN_POINT('Ctrl Pts',(-28.2969235689836,-6.02782204399333,20.5035344193141));
#3728=CARTESIAN_POINT('Ctrl Pts',(-28.0837607350246,-6.82333552008772,21.0618761654686));
#3729=CARTESIAN_POINT('Ctrl Pts',(-27.9989048104925,-7.26400858913652,21.3969491924567));
#3730=CARTESIAN_POINT('Ctrl Pts',(-29.1147553657955,-5.30908591257401,19.6225965026065));
#3731=CARTESIAN_POINT('Ctrl Pts',(-28.8931744609813,-5.53127330922501,19.8683637561597));
#3732=CARTESIAN_POINT('Ctrl Pts',(-28.4620690447012,-6.16561340791762,20.4326022320534));
#3733=CARTESIAN_POINT('Ctrl Pts',(-28.2370437967433,-6.92705785071905,20.9964058030323));
#3734=CARTESIAN_POINT('Ctrl Pts',(-28.1431538939311,-7.35451680064822,21.3371689641859));
#3735=CARTESIAN_POINT('',(-29.1147553657955,-5.30908591257401,19.6225965026065));
#3736=CARTESIAN_POINT('Ctrl Pts',(-28.1431538939311,-7.35451680064822,21.3371689641859));
#3737=CARTESIAN_POINT('Ctrl Pts',(-28.2370437967433,-6.92705785071905,20.9964058030323));
#3738=CARTESIAN_POINT('Ctrl Pts',(-28.4620690447012,-6.16561340791762,20.4326022320534));
#3739=CARTESIAN_POINT('Ctrl Pts',(-28.8931744609813,-5.53127330922501,19.8683637561597));
#3740=CARTESIAN_POINT('Ctrl Pts',(-29.1147553657955,-5.30908591257401,19.6225965026065));
#3741=CARTESIAN_POINT('',(-29.256129625574,-4.23444146221298,20.6434138395808));
#3742=CARTESIAN_POINT('Origin',(-29.7243380455686,-5.0781773213166,20.3809435069549));
#3743=CARTESIAN_POINT('Ctrl Pts',(-29.256129625574,-4.23444146221298,20.6434138395808));
#3744=CARTESIAN_POINT('Ctrl Pts',(-28.9490888798352,-4.48845570216805,20.9122513109657));
#3745=CARTESIAN_POINT('Ctrl Pts',(-28.3181629062169,-5.21366073391664,21.4851943124508));
#3746=CARTESIAN_POINT('Ctrl Pts',(-27.929367727667,-6.08417694825447,21.9006801236808));
#3747=CARTESIAN_POINT('Ctrl Pts',(-27.7747008074593,-6.57286650452485,22.1421779405511));
#3748=CARTESIAN_POINT('Ctrl Pts',(-31.2203757771854,-3.5,19.0278317419919));
#3749=CARTESIAN_POINT('Ctrl Pts',(-30.5100612325999,-3.5,19.5793852933701));
#3750=CARTESIAN_POINT('Ctrl Pts',(-29.8200209221405,-3.76793523754246,20.1496842209269));
#3751=CARTESIAN_POINT('Ctrl Pts',(-29.256129625574,-4.23444146221298,20.6434138395808));
#3752=CARTESIAN_POINT('Ctrl Pts',(-31.1166582201894,-3.5,18.8988026516714));
#3753=CARTESIAN_POINT('Ctrl Pts',(-30.4030573976273,-3.50251371049403,19.4548461437143));
#3754=CARTESIAN_POINT('Ctrl Pts',(-29.7091547146014,-3.77702120937759,20.0284390196379));
#3755=CARTESIAN_POINT('Ctrl Pts',(-29.1498781676032,-4.25687053402934,20.5259772715224));
#3756=CARTESIAN_POINT('Ctrl Pts',(-30.9097213566806,-3.58412500832525,18.6413643160062));
#3757=CARTESIAN_POINT('Ctrl Pts',(-30.2029160372724,-3.59014599370827,19.1972587721632));
#3758=CARTESIAN_POINT('Ctrl Pts',(-29.5146293544427,-3.87255751298032,19.7687842628222));
#3759=CARTESIAN_POINT('Ctrl Pts',(-28.9745550185905,-4.36781438409406,20.2710181966744));
#3760=CARTESIAN_POINT('Ctrl Pts',(-30.6337453463054,-3.98895144509817,18.2980383199035));
#3761=CARTESIAN_POINT('Ctrl Pts',(-29.9807349915605,-3.99503607034454,18.820421029348));
#3762=CARTESIAN_POINT('Ctrl Pts',(-29.3464332837275,-4.26946574139992,19.3587937439258));
#3763=CARTESIAN_POINT('Ctrl Pts',(-28.8637472470435,-4.74893284681019,19.852530335931));
#3764=CARTESIAN_POINT('Ctrl Pts',(-30.5766953139485,-4.42181922408312,18.2270656322413));
#3765=CARTESIAN_POINT('Ctrl Pts',(-29.9870658022722,-4.42396153051219,18.7015679160282));
#3766=CARTESIAN_POINT('Ctrl Pts',(-29.4189609402922,-4.67479406720251,19.195989033326));
#3767=CARTESIAN_POINT('Ctrl Pts',(-28.9857979117959,-5.1114964991359,19.6660926027985));
#3768=CARTESIAN_POINT('Ctrl Pts',(-30.6026247031975,-4.66666666666667,18.2593229048215));
#3769=CARTESIAN_POINT('Ctrl Pts',(-30.0501675735966,-4.66666666666667,18.7034049617042));
#3770=CARTESIAN_POINT('Ctrl Pts',(-29.5216966120116,-4.90103082243667,19.1712361630325));
#3771=CARTESIAN_POINT('Ctrl Pts',(-29.1147553657955,-5.30908591257401,19.6225965026065));
#3772=CARTESIAN_POINT('',(-30.6026247031975,-4.66666666666667,18.2593229048215));
#3773=CARTESIAN_POINT('Ctrl Pts',(-29.1147553657955,-5.30908591257401,19.6225965026065));
#3774=CARTESIAN_POINT('Ctrl Pts',(-29.5216966120116,-4.90103082243667,19.1712361630325));
#3775=CARTESIAN_POINT('Ctrl Pts',(-30.0501675735966,-4.66666666666667,18.7034049617042));
#3776=CARTESIAN_POINT('Ctrl Pts',(-30.6026247031975,-4.66666666666667,18.2593229048215));
#3777=CARTESIAN_POINT('',(-31.2203757771854,-3.5,19.0278317419919));
#3778=CARTESIAN_POINT('Origin',(-31.2203757771854,-4.5,19.0278317419919));
#3779=CARTESIAN_POINT('Ctrl Pts',(-31.2203757771854,-3.5,19.0278317419919));
#3780=CARTESIAN_POINT('Ctrl Pts',(-30.5100612325999,-3.5,19.5793852933701));
#3781=CARTESIAN_POINT('Ctrl Pts',(-29.8200209221405,-3.76793523754246,20.1496842209269));
#3782=CARTESIAN_POINT('Ctrl Pts',(-29.256129625574,-4.23444146221298,20.6434138395808));
#3783=CARTESIAN_POINT('Origin',(-8.72428665440752,-4.5,37.1108810759327));
#3784=CARTESIAN_POINT('',(-32.881737388632,-4.66666666666667,16.4273019298249));
#3785=CARTESIAN_POINT('',(-33.4994888734051,-3.5,17.1958104367935));
#3786=CARTESIAN_POINT('Origin',(-33.4994888734051,-4.5,17.1958104367935));
#3787=CARTESIAN_POINT('',(-8.72428665440752,-3.5,37.1108810759327));
#3788=CARTESIAN_POINT('',(-8.10653558041966,-4.66666666666667,36.3423722387622));
#3789=CARTESIAN_POINT('Origin',(30.2605015013015,-12.,27.531569204852));
#3790=CARTESIAN_POINT('',(41.9158875813525,-12.,43.627486247216));
#3791=CARTESIAN_POINT('',(31.2651435486479,-12.,30.377518264243));
#3792=CARTESIAN_POINT('',(29.4810916199501,-12.,28.158083559717));
#3793=CARTESIAN_POINT('',(32.0445534299993,-13.,29.751003909378));
#3794=CARTESIAN_POINT('Origin',(32.0445534299993,-12.,29.751003909378));
#3795=CARTESIAN_POINT('',(42.7909491012891,-13.,43.1199665038901));
#3796=CARTESIAN_POINT('',(30.2605015013015,-13.,27.531569204852));
#3797=CARTESIAN_POINT('Ctrl Pts',(42.7909491012891,-13.,43.1199665038901));
#3798=CARTESIAN_POINT('Ctrl Pts',(42.789642271627,-13.,43.1207258990397));
#3799=CARTESIAN_POINT('Ctrl Pts',(42.7883354406502,-12.9999966504761,43.1214852884881));
#3800=CARTESIAN_POINT('Ctrl Pts',(42.727219945753,-12.9996833611487,43.1569987309081));
#3801=CARTESIAN_POINT('Ctrl Pts',(42.6675757731329,-12.9923617780504,43.191643520381));
#3802=CARTESIAN_POINT('Ctrl Pts',(42.5505439425076,-12.9639130084261,43.2595964922953));
#3803=CARTESIAN_POINT('Ctrl Pts',(42.4934372995482,-12.9428664233748,43.2927415469121));
#3804=CARTESIAN_POINT('Ctrl Pts',(42.3345660762628,-12.8629628065791,43.3849190399607));
#3805=CARTESIAN_POINT('Ctrl Pts',(42.2402002674166,-12.7878471512225,43.4396280082933));
#3806=CARTESIAN_POINT('Ctrl Pts',(42.0826932728113,-12.6011282311558,43.5309017185988));
#3807=CARTESIAN_POINT('Ctrl Pts',(42.0206842899611,-12.4917286957853,43.5668121730729));
#3808=CARTESIAN_POINT('Ctrl Pts',(41.9371996683591,-12.2535136691337,43.6151512713498));
#3809=CARTESIAN_POINT('Ctrl Pts',(41.9158875813524,-12.1273860194336,43.6274862472159));
#3810=CARTESIAN_POINT('Ctrl Pts',(41.9158875813524,-12.,43.6274862472159));
#3811=CARTESIAN_POINT('Origin',(32.0445534299993,-3.,29.751003909378));
#3812=CARTESIAN_POINT('',(29.7059011864865,-11.649051139205,28.4377559985369));
#3813=CARTESIAN_POINT('',(30.3120619164866,-12.6100568213389,27.5957125030379));
#3814=CARTESIAN_POINT('Origin',(30.4853110678378,-11.649051139205,27.8112416436719));
#3815=CARTESIAN_POINT('Origin',(32.0445534299993,-3.,29.751003909378));
#3816=CARTESIAN_POINT('Origin',(31.2651435486479,-3.,30.377518264243));
#3817=CARTESIAN_POINT('Ctrl Pts',(28.040145986549,-8.77777777777778,22.4979236279267));
#3818=CARTESIAN_POINT('Ctrl Pts',(28.1355309476543,-9.53967059330578,23.113233044817));
#3819=CARTESIAN_POINT('Ctrl Pts',(28.5196461124718,-11.1497560559913,24.7358648142806));
#3820=CARTESIAN_POINT('Ctrl Pts',(29.5129464212365,-12.2430343458588,26.6015796336113));
#3821=CARTESIAN_POINT('Ctrl Pts',(30.3120619164866,-12.6100568213389,27.5957125030379));
#3822=CARTESIAN_POINT('Ctrl Pts',(27.8582710669818,-8.71759067460072,22.5894560097734));
#3823=CARTESIAN_POINT('Ctrl Pts',(27.936717434352,-9.47973007936714,23.2073938615418));
#3824=CARTESIAN_POINT('Ctrl Pts',(28.2796170229692,-11.1026170935592,24.8417648219403));
#3825=CARTESIAN_POINT('Ctrl Pts',(29.2627130679835,-12.2324654911893,26.7568849994953));
#3826=CARTESIAN_POINT('Ctrl Pts',(30.0788630253067,-12.6100568213389,27.7831651596677));
#3827=CARTESIAN_POINT('Ctrl Pts',(27.6035535445351,-8.5417345615341,22.8271689788191));
#3828=CARTESIAN_POINT('Ctrl Pts',(27.6585464471666,-9.2838000018539,23.4564457911893));
#3829=CARTESIAN_POINT('Ctrl Pts',(27.9409476582155,-10.8710346233328,25.1243402943918));
#3830=CARTESIAN_POINT('Ctrl Pts',(28.891280282954,-11.9947403953518,27.1039809815144));
#3831=CARTESIAN_POINT('Ctrl Pts',(29.7187427848413,-12.3686277862199,28.1617740539177));
#3832=CARTESIAN_POINT('Ctrl Pts',(27.5442056897224,-8.30248176372207,23.1197207656606));
#3833=CARTESIAN_POINT('Ctrl Pts',(27.6047307962997,-9.00506491843379,23.7565790567211));
#3834=CARTESIAN_POINT('Ctrl Pts',(27.9049941168328,-10.4955463451636,25.4351775823224));
#3835=CARTESIAN_POINT('Ctrl Pts',(28.8570408354401,-11.5213606768397,27.368986052823));
#3836=CARTESIAN_POINT('Ctrl Pts',(29.6670241678346,-11.8647003099943,28.3893913724761));
#3837=CARTESIAN_POINT('Ctrl Pts',(27.557225909235,-8.2,23.240902382449));
#3838=CARTESIAN_POINT('Ctrl Pts',(27.6256644016938,-8.88570353397521,23.8778722245198));
#3839=CARTESIAN_POINT('Ctrl Pts',(27.9476676187492,-10.3347804503921,25.5504315453432));
#3840=CARTESIAN_POINT('Ctrl Pts',(28.9067856912365,-11.3187309112729,27.4436231291103));
#3841=CARTESIAN_POINT('Ctrl Pts',(29.7059011864865,-11.649051139205,28.4377559985369));
#3842=CARTESIAN_POINT('',(27.557225909235,-8.2,23.240902382449));
#3843=CARTESIAN_POINT('Ctrl Pts',(29.7059011864865,-11.649051139205,28.4377559985369));
#3844=CARTESIAN_POINT('Ctrl Pts',(28.9067856912365,-11.3187309112729,27.4436231291103));
#3845=CARTESIAN_POINT('Ctrl Pts',(27.9476676187492,-10.3347804503921,25.5504315453432));
#3846=CARTESIAN_POINT('Ctrl Pts',(27.6256644016938,-8.88570353397521,23.8778722245198));
#3847=CARTESIAN_POINT('Ctrl Pts',(27.557225909235,-8.2,23.240902382449));
#3848=CARTESIAN_POINT('',(28.040145986549,-8.77777777777778,22.4979236279267));
#3849=CARTESIAN_POINT('Origin',(28.5515033183115,-8.2,23.1340733891928));
#3850=CARTESIAN_POINT('Ctrl Pts',(28.040145986549,-8.77777777777778,22.4979236279267));
#3851=CARTESIAN_POINT('Ctrl Pts',(28.1355309476543,-9.53967059330578,23.113233044817));
#3852=CARTESIAN_POINT('Ctrl Pts',(28.5196461124718,-11.1497560559913,24.7358648142806));
#3853=CARTESIAN_POINT('Ctrl Pts',(29.5129464212365,-12.2430343458588,26.6015796336113));
#3854=CARTESIAN_POINT('Ctrl Pts',(30.3120619164866,-12.6100568213389,27.5957125030379));
#3855=CARTESIAN_POINT('Origin',(-32.0445495987647,-3.,29.7510210379128));
#3856=CARTESIAN_POINT('',(-30.31205899332,-12.6100567092804,27.5957284019907));
#3857=CARTESIAN_POINT('',(-29.7058978376272,-11.6490510383524,28.4377716038356));
#3858=CARTESIAN_POINT('Origin',(-30.4853080538645,-11.6490510383524,27.8112576655829));
#3859=CARTESIAN_POINT('',(-31.2651393825274,-12.,30.3775349761655));
#3860=CARTESIAN_POINT('Origin',(-31.2651393825274,-3.,30.3775349761655));
#3861=CARTESIAN_POINT('',(-32.0445495987647,-13.,29.7510210379128));
#3862=CARTESIAN_POINT('Origin',(-32.0445495987647,-12.,29.7510210379128));
#3863=CARTESIAN_POINT('Origin',(-32.0445495987647,-3.,29.7510210379128));
#3864=CARTESIAN_POINT('Origin',(-38.7184396374041,-12.,38.053626551633));
#3865=CARTESIAN_POINT('',(-42.7909381240413,-13.,43.1199893766137));
#3866=CARTESIAN_POINT('',(-38.7184396374041,-13.,38.053626551633));
#3867=CARTESIAN_POINT('',(-41.915876332824,-12.,43.6275086521993));
#3868=CARTESIAN_POINT('',(-37.9390294211668,-12.,38.6801404898857));
#3869=CARTESIAN_POINT('Ctrl Pts',(-42.7909381240414,-13.,43.1199893766136));
#3870=CARTESIAN_POINT('Ctrl Pts',(-42.7896312939732,-13.,43.1207487710647));
#3871=CARTESIAN_POINT('Ctrl Pts',(-42.7883244625906,-12.9999966504761,43.1215081598146));
#3872=CARTESIAN_POINT('Ctrl Pts',(-42.6719161583248,-12.9993999201693,43.1891514723751));
#3873=CARTESIAN_POINT('Ctrl Pts',(-42.5579229639763,-12.9728311768394,43.2553393868451));
#3874=CARTESIAN_POINT('Ctrl Pts',(-42.3459468988439,-12.8708658885884,43.3783353385529));
#3875=CARTESIAN_POINT('Ctrl Pts',(-42.2498096476075,-12.7966886208508,43.4340738682065));
#3876=CARTESIAN_POINT('Ctrl Pts',(-42.0888578210449,-12.610743863149,43.5273469818023));
#3877=CARTESIAN_POINT('Ctrl Pts',(-42.0252277211245,-12.5012139243175,43.5641970431802));
#3878=CARTESIAN_POINT('Ctrl Pts',(-41.9387605245791,-12.2612230018254,43.614263757036));
#3879=CARTESIAN_POINT('Ctrl Pts',(-41.9163542594315,-12.1334079354753,43.6272320022898));
#3880=CARTESIAN_POINT('Ctrl Pts',(-41.9158788530414,-12.0027705959586,43.6275071933604));
#3881=CARTESIAN_POINT('Ctrl Pts',(-41.915876332824,-12.001385223579,43.6275086521993));
#3882=CARTESIAN_POINT('Ctrl Pts',(-41.915876332824,-12.,43.6275086521993));
#3883=CARTESIAN_POINT('Ctrl Pts',(-30.31205899332,-12.6100567092804,27.5957284019907));
#3884=CARTESIAN_POINT('Ctrl Pts',(-29.5129440917034,-12.2430342064225,26.6015951828568));
#3885=CARTESIAN_POINT('Ctrl Pts',(-28.5196448358963,-11.149755935664,24.7358800026255));
#3886=CARTESIAN_POINT('Ctrl Pts',(-28.1355305088925,-9.53967055219955,23.1132481716064));
#3887=CARTESIAN_POINT('Ctrl Pts',(-28.0401458571387,-8.77777777777778,22.4979387567762));
#3888=CARTESIAN_POINT('Ctrl Pts',(-30.0788600019425,-12.6100567092804,27.7831809339703));
#3889=CARTESIAN_POINT('Ctrl Pts',(-29.2627106580471,-12.2324653512084,26.7569004175441));
#3890=CARTESIAN_POINT('Ctrl Pts',(-28.2796156913402,-11.1026169765967,24.8417798899708));
#3891=CARTESIAN_POINT('Ctrl Pts',(-27.9367169417481,-9.47973004218628,23.20740888966));
#3892=CARTESIAN_POINT('Ctrl Pts',(-27.8582708833525,-8.71759067807772,22.5894710488191));
#3893=CARTESIAN_POINT('Ctrl Pts',(-29.7187395652542,-12.3686276769571,28.1617896433424));
#3894=CARTESIAN_POINT('Ctrl Pts',(-28.8912776960071,-11.994740258575,27.1039962104869));
#3895=CARTESIAN_POINT('Ctrl Pts',(-27.9409461802346,-10.87103451126,25.1243551974379));
#3896=CARTESIAN_POINT('Ctrl Pts',(-27.6585458189027,-9.28379996746543,23.4564606880971));
#3897=CARTESIAN_POINT('Ctrl Pts',(-27.6035532288417,-8.54173456646345,22.8271838997139));
#3898=CARTESIAN_POINT('Ctrl Pts',(-29.6670208393524,-11.8647002066271,28.3894069501832));
#3899=CARTESIAN_POINT('Ctrl Pts',(-28.8570381166016,-11.5213605479732,27.3690012766583));
#3900=CARTESIAN_POINT('Ctrl Pts',(-27.9049924814913,-10.4955462357339,25.4351924752401));
#3901=CARTESIAN_POINT('Ctrl Pts',(-27.604730016991,-9.00506488221598,23.7565939386998));
#3902=CARTESIAN_POINT('Ctrl Pts',(-27.5442052267101,-8.30248176519697,23.1197356706764));
#3903=CARTESIAN_POINT('Ctrl Pts',(-29.7058978376272,-11.6490510383524,28.4377716038356));
#3904=CARTESIAN_POINT('Ctrl Pts',(-28.9067829360105,-11.3187307857803,27.4436383847017));
#3905=CARTESIAN_POINT('Ctrl Pts',(-27.9476659257011,-10.3347803420976,25.5504464626997));
#3906=CARTESIAN_POINT('Ctrl Pts',(-27.6256635633542,-8.88570349697959,23.8778871213925));
#3907=CARTESIAN_POINT('Ctrl Pts',(-27.5572253876274,-8.2,23.2409172991594));
#3908=CARTESIAN_POINT('',(-28.0401458571387,-8.77777777777778,22.4979387567762));
#3909=CARTESIAN_POINT('',(-27.5572253876274,-8.2,23.2409172991594));
#3910=CARTESIAN_POINT('Origin',(-28.5515028488647,-8.2,23.1340887913743));
#3911=CARTESIAN_POINT('Ctrl Pts',(-27.5572253876274,-8.2,23.2409172991594));
#3912=CARTESIAN_POINT('Ctrl Pts',(-27.6256635633542,-8.88570349697959,23.8778871213925));
#3913=CARTESIAN_POINT('Ctrl Pts',(-27.9476659257011,-10.3347803420976,25.5504464626997));
#3914=CARTESIAN_POINT('Ctrl Pts',(-28.9067829360105,-11.3187307857803,27.4436383847017));
#3915=CARTESIAN_POINT('Ctrl Pts',(-29.7058978376272,-11.6490510383524,28.4377716038356));
#3916=CARTESIAN_POINT('Ctrl Pts',(-30.31205899332,-12.6100567092804,27.5957284019907));
#3917=CARTESIAN_POINT('Ctrl Pts',(-29.5129440917034,-12.2430342064225,26.6015951828568));
#3918=CARTESIAN_POINT('Ctrl Pts',(-28.5196448358963,-11.149755935664,24.7358800026255));
#3919=CARTESIAN_POINT('Ctrl Pts',(-28.1355305088925,-9.53967055219955,23.1132481716064));
#3920=CARTESIAN_POINT('Ctrl Pts',(-28.0401458571387,-8.77777777777778,22.4979387567762));
#3921=CARTESIAN_POINT('Ctrl Pts',(28.1431555518302,-7.35450721948888,21.3371461065871));
#3922=CARTESIAN_POINT('Ctrl Pts',(28.1077113016863,-7.51587593896228,21.4657864954946));
#3923=CARTESIAN_POINT('Ctrl Pts',(28.0779392489182,-7.6771438355923,21.5966950686419));
#3924=CARTESIAN_POINT('Ctrl Pts',(28.0530197531072,-7.83725701762332,21.7302646827672));
#3925=CARTESIAN_POINT('Ctrl Pts',(27.974864802339,-7.24891394693566,21.4068899035088));
#3926=CARTESIAN_POINT('Ctrl Pts',(27.9427636212466,-7.41629586392945,21.533725100674));
#3927=CARTESIAN_POINT('Ctrl Pts',(27.916384946545,-7.58295734394669,21.6623976940046));
#3928=CARTESIAN_POINT('Ctrl Pts',(27.8950649795698,-7.74793275757976,21.7938926310093));
#3929=CARTESIAN_POINT('Ctrl Pts',(27.7165018053749,-6.97814010105518,21.6427321325049));
#3930=CARTESIAN_POINT('Ctrl Pts',(27.6852556127932,-7.15898221380392,21.7589883681486));
#3931=CARTESIAN_POINT('Ctrl Pts',(27.6610837995078,-7.33791054127896,21.8773597769568));
#3932=CARTESIAN_POINT('Ctrl Pts',(27.6421227559015,-7.51426946362865,21.9988762062809));
#3933=CARTESIAN_POINT('Ctrl Pts',(27.7124432013169,-6.69219922110447,21.9802418533977));
#3934=CARTESIAN_POINT('Ctrl Pts',(27.6654560688557,-6.87829674957602,22.0818107350455));
#3935=CARTESIAN_POINT('Ctrl Pts',(27.6269296620558,-7.0631116850356,22.1855007105146));
#3936=CARTESIAN_POINT('Ctrl Pts',(27.5958054621851,-7.24598220394066,22.2929395058907));
#3937=CARTESIAN_POINT('Ctrl Pts',(27.7747042197789,-6.57285555092918,22.1421571607377));
#3938=CARTESIAN_POINT('Ctrl Pts',(27.7168995548484,-6.75733924913796,22.2385874077129));
#3939=CARTESIAN_POINT('Ctrl Pts',(27.6685193400751,-6.94170768231228,22.3367634391032));
#3940=CARTESIAN_POINT('Ctrl Pts',(27.6282314739149,-7.12475599582342,22.4386440354768));
#3941=CARTESIAN_POINT('',(28.0530197531072,-7.83725701762332,21.7302646827672));
#3942=CARTESIAN_POINT('',(27.6282314739149,-7.12475599582342,22.4386440354768));
#3943=CARTESIAN_POINT('Origin',(28.6013574309669,-7.35353131586099,22.4124195306529));
#3944=CARTESIAN_POINT('',(27.7747042197789,-6.57285555092918,22.1421571607377));
#3945=CARTESIAN_POINT('Ctrl Pts',(27.6282314739149,-7.12475599582342,22.4386440354768));
#3946=CARTESIAN_POINT('Ctrl Pts',(27.6685193400751,-6.94170768231228,22.3367634391032));
#3947=CARTESIAN_POINT('Ctrl Pts',(27.7168995548484,-6.75733924913796,22.2385874077129));
#3948=CARTESIAN_POINT('Ctrl Pts',(27.7747042197789,-6.57285555092918,22.1421571607377));
#3949=CARTESIAN_POINT('',(28.1431555518302,-7.35450721948888,21.3371461065871));
#3950=CARTESIAN_POINT('Origin',(28.7071516485188,-6.91905649753999,22.038780677909));
#3951=CARTESIAN_POINT('Ctrl Pts',(28.1431555518302,-7.35450721948888,21.3371461065871));
#3952=CARTESIAN_POINT('Ctrl Pts',(28.1077113016863,-7.51587593896228,21.4657864954946));
#3953=CARTESIAN_POINT('Ctrl Pts',(28.0779392489182,-7.6771438355923,21.5966950686419));
#3954=CARTESIAN_POINT('Ctrl Pts',(28.0530197531072,-7.83725701762332,21.7302646827672));
#3955=CARTESIAN_POINT('Ctrl Pts',(27.7747042197789,-6.57285555092918,22.1421571607377));
#3956=CARTESIAN_POINT('Ctrl Pts',(27.8907031483462,-6.20634445451141,21.9610368001713));
#3957=CARTESIAN_POINT('Ctrl Pts',(28.2474808352958,-5.34112559047533,21.5491448546395));
#3958=CARTESIAN_POINT('Ctrl Pts',(28.8467245193888,-4.57314777355275,21.0018635258813));
#3959=CARTESIAN_POINT('Ctrl Pts',(29.256102439421,-4.23446348039949,20.643421012433));
#3960=CARTESIAN_POINT('Ctrl Pts',(27.703548770108,-6.7092483168438,21.9571110952062));
#3961=CARTESIAN_POINT('Ctrl Pts',(27.7925905358234,-6.33888374996322,21.7629738207357));
#3962=CARTESIAN_POINT('Ctrl Pts',(28.0769724694151,-5.4516512253389,21.3284889103226));
#3963=CARTESIAN_POINT('Ctrl Pts',(28.6407560894963,-4.63795325839594,20.7727064864045));
#3964=CARTESIAN_POINT('Ctrl Pts',(29.0435998606197,-4.2793229011555,20.4085483528464));
#3965=CARTESIAN_POINT('Ctrl Pts',(27.7277937728784,-7.00187338200751,21.6183240433289));
#3966=CARTESIAN_POINT('Ctrl Pts',(27.7856870640048,-6.64494040419456,21.3897168528566));
#3967=CARTESIAN_POINT('Ctrl Pts',(27.9742122366982,-5.78100835124193,20.8765533502699));
#3968=CARTESIAN_POINT('Ctrl Pts',(28.447682283978,-4.96196792443215,20.2927605211273));
#3969=CARTESIAN_POINT('Ctrl Pts',(28.8125949873793,-4.60107909390789,19.9273259398087));
#3970=CARTESIAN_POINT('Ctrl Pts',(27.9989063379806,-7.26399870015755,21.3969265039486));
#3971=CARTESIAN_POINT('Ctrl Pts',(28.0625475728842,-6.93349932419748,21.1456260117935));
#3972=CARTESIAN_POINT('Ctrl Pts',(28.2560350766294,-6.14630844940805,20.581464009443));
#3973=CARTESIAN_POINT('Ctrl Pts',(28.6713491320881,-5.42841756500613,20.0073426150931));
#3974=CARTESIAN_POINT('Ctrl Pts',(28.9857764257118,-5.11151711327969,19.6660988736947));
#3975=CARTESIAN_POINT('Ctrl Pts',(28.1431555518302,-7.35450721948888,21.3371461065871));
#3976=CARTESIAN_POINT('Ctrl Pts',(28.2135721312248,-7.0339183171849,21.0815781055121));
#3977=CARTESIAN_POINT('Ctrl Pts',(28.4208388489398,-6.27710749048672,20.5102887843631));
#3978=CARTESIAN_POINT('Ctrl Pts',(28.8193016397507,-5.60535384447878,19.9502859985406));
#3979=CARTESIAN_POINT('Ctrl Pts',(29.1147350873135,-5.30910517198064,19.6226018327402));
#3980=CARTESIAN_POINT('',(29.256102439421,-4.23446348039949,20.643421012433));
#3981=CARTESIAN_POINT('',(29.1147350873135,-5.30910517198064,19.6226018327401));
#3982=CARTESIAN_POINT('Origin',(29.7243178860789,-5.07819465478258,20.3809481550076));
#3983=CARTESIAN_POINT('Ctrl Pts',(29.1147350873135,-5.30910517198064,19.6226018327402));
#3984=CARTESIAN_POINT('Ctrl Pts',(28.8193016397507,-5.60535384447878,19.9502859985406));
#3985=CARTESIAN_POINT('Ctrl Pts',(28.4208388489398,-6.27710749048672,20.5102887843631));
#3986=CARTESIAN_POINT('Ctrl Pts',(28.2135721312248,-7.0339183171849,21.0815781055121));
#3987=CARTESIAN_POINT('Ctrl Pts',(28.1431555518302,-7.35450721948888,21.3371461065871));
#3988=CARTESIAN_POINT('Ctrl Pts',(27.7747042197789,-6.57285555092918,22.1421571607377));
#3989=CARTESIAN_POINT('Ctrl Pts',(27.8907031483462,-6.20634445451141,21.9610368001713));
#3990=CARTESIAN_POINT('Ctrl Pts',(28.2474808352958,-5.34112559047533,21.5491448546395));
#3991=CARTESIAN_POINT('Ctrl Pts',(28.8467245193888,-4.57314777355275,21.0018635258813));
#3992=CARTESIAN_POINT('Ctrl Pts',(29.256102439421,-4.23446348039949,20.643421012433));
#3993=CARTESIAN_POINT('Ctrl Pts',(30.602622938529,-4.66666666666666,18.2593061076004));
#3994=CARTESIAN_POINT('Ctrl Pts',(30.0501573445718,-4.66666666666666,18.7033954545087));
#3995=CARTESIAN_POINT('Ctrl Pts',(29.5216787966094,-4.90103853411364,19.1712344909294));
#3996=CARTESIAN_POINT('Ctrl Pts',(29.1147350873135,-5.30910517198064,19.6226018327401));
#3997=CARTESIAN_POINT('Ctrl Pts',(30.5853366675348,-4.50343503827763,18.2378012684536));
#3998=CARTESIAN_POINT('Ctrl Pts',(30.0081012893017,-4.50485788849875,18.7021187397704));
#3999=CARTESIAN_POINT('Ctrl Pts',(29.4532319365478,-4.75026603775124,19.1878130177354));
#4000=CARTESIAN_POINT('Ctrl Pts',(29.0287626462457,-5.17737979951334,19.6515998600432));
#4001=CARTESIAN_POINT('Ctrl Pts',(30.6028155161496,-4.16373509789338,18.2595456821596));
#4002=CARTESIAN_POINT('Ctrl Pts',(29.9751951866538,-4.16823431362595,18.7630827145057));
#4003=CARTESIAN_POINT('Ctrl Pts',(29.3674270856504,-4.43355508192982,19.284021868187));
#4004=CARTESIAN_POINT('Ctrl Pts',(28.904999967027,-4.89637973788494,19.7689555517415));
#4005=CARTESIAN_POINT('Ctrl Pts',(30.8069016162263,-3.66193048626019,18.5134372679008));
#4006=CARTESIAN_POINT('Ctrl Pts',(30.1091628455586,-3.66896407769916,19.0653063928958));
#4007=CARTESIAN_POINT('Ctrl Pts',(29.4293801145342,-3.95308885644901,19.6322167812236));
#4008=CARTESIAN_POINT('Ctrl Pts',(28.9029097189142,-4.45107124963955,20.1355027440109));
#4009=CARTESIAN_POINT('Ctrl Pts',(31.0647979843546,-3.5,18.8342710622473));
#4010=CARTESIAN_POINT('Ctrl Pts',(30.3493364272948,-3.50382332836549,19.3927299661871));
#4011=CARTESIAN_POINT('Ctrl Pts',(29.6537873268722,-3.78134136982236,19.967762618903));
#4012=CARTESIAN_POINT('Ctrl Pts',(29.09672550532,-4.26810804596649,20.467266517743));
#4013=CARTESIAN_POINT('Ctrl Pts',(31.220374423302,-3.5,19.0278146145689));
#4014=CARTESIAN_POINT('Ctrl Pts',(30.5100489763781,-3.5,19.5793772173148));
#4015=CARTESIAN_POINT('Ctrl Pts',(29.8199985407465,-3.76794405386511,20.1496856984551));
#4016=CARTESIAN_POINT('Ctrl Pts',(29.256102439421,-4.23446348039949,20.643421012433));
#4017=CARTESIAN_POINT('',(31.220374423302,-3.5,19.0278146145689));
#4018=CARTESIAN_POINT('Ctrl Pts',(29.256102439421,-4.23446348039949,20.643421012433));
#4019=CARTESIAN_POINT('Ctrl Pts',(29.8199985407465,-3.76794405386511,20.1496856984551));
#4020=CARTESIAN_POINT('Ctrl Pts',(30.5100489763781,-3.5,19.5793772173148));
#4021=CARTESIAN_POINT('Ctrl Pts',(31.220374423302,-3.5,19.0278146145689));
#4022=CARTESIAN_POINT('',(30.602622938529,-4.66666666666666,18.2593061076004));
#4023=CARTESIAN_POINT('Origin',(31.220374423302,-4.5,19.0278146145689));
#4024=CARTESIAN_POINT('Ctrl Pts',(30.602622938529,-4.66666666666666,18.2593061076004));
#4025=CARTESIAN_POINT('Ctrl Pts',(30.0501573445718,-4.66666666666666,18.7033954545087));
#4026=CARTESIAN_POINT('Ctrl Pts',(29.5216787966094,-4.90103853411364,19.1712344909294));
#4027=CARTESIAN_POINT('Ctrl Pts',(29.1147350873135,-5.30910517198064,19.6226018327401));
#4028=CARTESIAN_POINT('Origin',(13.4007496613218,-4.5,33.3517935360719));
#4029=CARTESIAN_POINT('',(33.4994789992039,-3.5,17.195798152877));
#4030=CARTESIAN_POINT('',(32.8817275144308,-4.66666666666667,16.4272896459086));
#4031=CARTESIAN_POINT('Origin',(33.4994789992039,-4.5,17.195798152877));
#4032=CARTESIAN_POINT('',(12.7829981765488,-4.66666666666667,32.5832850291034));
#4033=CARTESIAN_POINT('',(13.4007496613218,-3.5,33.3517935360719));
#4034=CARTESIAN_POINT('Ctrl Pts',(27.557225909235,-8.2,23.2409023824489));
#4035=CARTESIAN_POINT('Ctrl Pts',(27.5288119821967,-7.83837091870594,22.9764486522749));
#4036=CARTESIAN_POINT('Ctrl Pts',(27.5530956562995,-7.47523024796551,22.7079816195525));
#4037=CARTESIAN_POINT('Ctrl Pts',(27.6282314739149,-7.12475599582342,22.4386440354768));
#4038=CARTESIAN_POINT('Ctrl Pts',(27.5420356531369,-8.31956205767575,23.0995238295292));
#4039=CARTESIAN_POINT('Ctrl Pts',(27.5079466581086,-7.95912675059415,22.8332633324445));
#4040=CARTESIAN_POINT('Ctrl Pts',(27.5265483574773,-7.59651867547815,22.5634105685094));
#4041=CARTESIAN_POINT('Ctrl Pts',(27.5958054621851,-7.24598220394066,22.2929395058907));
#4042=CARTESIAN_POINT('Ctrl Pts',(27.6174313336939,-8.55844419693458,22.8056911548676));
#4043=CARTESIAN_POINT('Ctrl Pts',(27.5754895488615,-8.20868765671591,22.5383813720706));
#4044=CARTESIAN_POINT('Ctrl Pts',(27.5842987299782,-7.85575334044467,22.2685253985459));
#4045=CARTESIAN_POINT('Ctrl Pts',(27.6421249536718,-7.51426909535013,21.9988771537792));
#4046=CARTESIAN_POINT('Ctrl Pts',(27.8810054319277,-8.72511406249785,22.5780144620425));
#4047=CARTESIAN_POINT('Ctrl Pts',(27.8395601640038,-8.39710015153348,22.3172992047524));
#4048=CARTESIAN_POINT('Ctrl Pts',(27.8448206957442,-8.06697731915053,22.0553104392327));
#4049=CARTESIAN_POINT('Ctrl Pts',(27.8950649795698,-7.74793275757976,21.7938926310093));
#4050=CARTESIAN_POINT('Ctrl Pts',(28.040145986549,-8.77777777777778,22.4979236279267));
#4051=CARTESIAN_POINT('Ctrl Pts',(28.0005445688669,-8.4614591960312,22.2424627571594));
#4052=CARTESIAN_POINT('Ctrl Pts',(28.0053075317237,-8.14381842020625,21.9860043272443));
#4053=CARTESIAN_POINT('Ctrl Pts',(28.0530197531072,-7.83725701762333,21.7302646827672));
#4054=CARTESIAN_POINT('Ctrl Pts',(28.0530197531072,-7.83725701762333,21.7302646827672));
#4055=CARTESIAN_POINT('Ctrl Pts',(28.0053075317237,-8.14381842020625,21.9860043272443));
#4056=CARTESIAN_POINT('Ctrl Pts',(28.0005445688669,-8.4614591960312,22.2424627571594));
#4057=CARTESIAN_POINT('Ctrl Pts',(28.040145986549,-8.77777777777778,22.4979236279267));
#4058=CARTESIAN_POINT('Ctrl Pts',(27.557225909235,-8.2,23.2409023824489));
#4059=CARTESIAN_POINT('Ctrl Pts',(27.5288119821967,-7.83837091870594,22.9764486522749));
#4060=CARTESIAN_POINT('Ctrl Pts',(27.5530956562995,-7.47523024796551,22.7079816195525));
#4061=CARTESIAN_POINT('Ctrl Pts',(27.6282314739149,-7.12475599582342,22.4386440354768));
#4062=CARTESIAN_POINT('Ctrl Pts',(-27.628231359957,-7.12475592547163,22.4386589644325));
#4063=CARTESIAN_POINT('Ctrl Pts',(-27.5530953992044,-7.47523020104687,22.7079965178969));
#4064=CARTESIAN_POINT('Ctrl Pts',(-27.528811588776,-7.83837089606208,22.9764635463943));
#4065=CARTESIAN_POINT('Ctrl Pts',(-27.5572253876274,-8.2,23.2409172991594));
#4066=CARTESIAN_POINT('Ctrl Pts',(-27.5958054174524,-7.24598213385648,22.2929544111098));
#4067=CARTESIAN_POINT('Ctrl Pts',(-27.526548169404,-7.59651862942104,22.563425446503));
#4068=CARTESIAN_POINT('Ctrl Pts',(-27.5079463334404,-7.95912672931549,22.8332782095468));
#4069=CARTESIAN_POINT('Ctrl Pts',(-27.5420351998905,-8.31956205939646,23.0995387325959));
#4070=CARTESIAN_POINT('Ctrl Pts',(-27.6421250560291,-7.51426902927756,21.9988920659314));
#4071=CARTESIAN_POINT('Ctrl Pts',(-27.5842986902787,-7.85575329830606,22.2685402897917));
#4072=CARTESIAN_POINT('Ctrl Pts',(-27.5754893732663,-8.20868763919332,22.5383962680557));
#4073=CARTESIAN_POINT('Ctrl Pts',(-27.6174310294975,-8.55844420205492,22.8057060816088));
#4074=CARTESIAN_POINT('Ctrl Pts',(-27.8950651979052,-7.74793269556419,21.7939076623549));
#4075=CARTESIAN_POINT('Ctrl Pts',(-27.8448207768351,-8.06697727891202,22.0553254530936));
#4076=CARTESIAN_POINT('Ctrl Pts',(-27.8395601131144,-8.39710013376075,22.3173142247427));
#4077=CARTESIAN_POINT('Ctrl Pts',(-27.8810052550758,-8.72511406554023,22.5780295123138));
#4078=CARTESIAN_POINT('Ctrl Pts',(-28.0530200109921,-7.8372569560863,21.7302797933782));
#4079=CARTESIAN_POINT('Ctrl Pts',(-28.0053076554593,-8.14381837916631,21.9860194212273));
#4080=CARTESIAN_POINT('Ctrl Pts',(-28.0005445632751,-8.46145917622451,22.2424778570855));
#4081=CARTESIAN_POINT('Ctrl Pts',(-28.0401458571387,-8.77777777777778,22.4979387567762));
#4082=CARTESIAN_POINT('Ctrl Pts',(-28.0401458571387,-8.77777777777778,22.4979387567762));
#4083=CARTESIAN_POINT('Ctrl Pts',(-28.0005445632751,-8.46145917622451,22.2424778570855));
#4084=CARTESIAN_POINT('Ctrl Pts',(-28.0053076554593,-8.14381837916631,21.9860194212273));
#4085=CARTESIAN_POINT('Ctrl Pts',(-28.0530200109921,-7.8372569560863,21.7302797933782));
#4086=CARTESIAN_POINT('Ctrl Pts',(-27.628231359957,-7.12475592547163,22.4386589644325));
#4087=CARTESIAN_POINT('Ctrl Pts',(-27.5530953992044,-7.47523020104687,22.7079965178969));
#4088=CARTESIAN_POINT('Ctrl Pts',(-27.528811588776,-7.83837089606208,22.9764635463943));
#4089=CARTESIAN_POINT('Ctrl Pts',(-27.5572253876274,-8.2,23.2409172991594));
#4090=CARTESIAN_POINT('Origin',(3.61494867817669E-6,-13.,61.0326235961745));
#4091=CARTESIAN_POINT('',(45.9928285007231,-13.,60.8128015499114));
#4092=CARTESIAN_POINT('Origin',(1.E-5,-13.,59.9999999999992));
#4093=CARTESIAN_POINT('',(39.8386522435128,-13.,23.4858603607283));
#4094=CARTESIAN_POINT('',(18.9605130242794,-13.,40.2683700987881));
#4095=CARTESIAN_POINT('',(49.0037316708781,-13.,34.8875998637251));
#4096=CARTESIAN_POINT('',(46.5125441054921,-13.,31.7884590544456));
#4097=CARTESIAN_POINT('',(49.8010906437515,-13.,38.2138930776218));
#4098=CARTESIAN_POINT('Origin',(45.8860921454727,-13.,37.393657283185));
#4099=CARTESIAN_POINT('',(47.0686355506452,-13.,51.2559447153097));
#4100=CARTESIAN_POINT('',(45.6149494247516,-13.,58.1944117249697));
#4101=CARTESIAN_POINT('Origin',(96.9848664036988,-13.,61.7139510943793));
#4102=CARTESIAN_POINT('Origin',(3.61494867817669E-6,-13.,61.0326235961745));
#4103=CARTESIAN_POINT('',(-45.9928080662559,-13.,60.8128261341089));
#4104=CARTESIAN_POINT('Origin',(1.E-5,-13.,59.9999999999992));
#4105=CARTESIAN_POINT('',(-47.0686202245331,-13.,51.2559698745516));
#4106=CARTESIAN_POINT('Origin',(-96.9848454875395,-13.,61.7140029349697));
#4107=CARTESIAN_POINT('',(-49.8010822889093,-13.,38.2139196974246));
#4108=CARTESIAN_POINT('',(-45.6149306699646,-13.,58.1944347703031));
#4109=CARTESIAN_POINT('',(-49.0037250940148,-13.,34.8876260573221));
#4110=CARTESIAN_POINT('Origin',(-45.8860842290657,-13.,37.393681810333));
#4111=CARTESIAN_POINT('',(-39.8386517611375,-13.,23.4858816553854));
#4112=CARTESIAN_POINT('',(-38.0546036333649,-13.,21.2664492499023));
#4113=CARTESIAN_POINT('',(-14.2840463202982,-13.,44.0274606104667));
#4114=CARTESIAN_POINT('Origin',(18.9605130242794,-3.,40.2683700987881));
#4115=CARTESIAN_POINT('',(32.7940988135117,-3.,16.3182759020797));
#4116=CARTESIAN_POINT('Origin',(39.0592423621614,-3.,24.1123747155932));
#4117=CARTESIAN_POINT('',(33.5735086948631,-3.,15.6917615472148));
#4118=CARTESIAN_POINT('',(12.6953694756297,-3.,32.4742712852746));
#4119=CARTESIAN_POINT('Origin',(39.8386522435128,-3.,23.4858603607283));
#4120=CARTESIAN_POINT('Origin',(25.9846758163768,-3.5,23.8083970673693));
#4121=CARTESIAN_POINT('',(31.2717631779226,-3.5,19.1047889493305));
#4122=CARTESIAN_POINT('Ctrl Pts',(31.2717644180174,-3.5,19.104788137595));
#4123=CARTESIAN_POINT('Ctrl Pts',(31.2548696947506,-3.5,19.0789799847663));
#4124=CARTESIAN_POINT('Ctrl Pts',(31.2377405599605,-3.5,19.0533225026304));
#4125=CARTESIAN_POINT('Ctrl Pts',(31.220374423302,-3.5,19.0278146145689));
#4126=CARTESIAN_POINT('',(33.5572375757472,-3.5,17.2676522212492));
#4127=CARTESIAN_POINT('',(25.7631387622337,-3.5,23.532795769899));
#4128=CARTESIAN_POINT('',(35.9266705878366,-3.5,20.2153253088365));
#4129=CARTESIAN_POINT('Ctrl Pts',(29.1739496597311,-4.20487286007731,20.421049994143));
#4130=CARTESIAN_POINT('Ctrl Pts',(29.2047909825098,-4.21416712554839,20.493002099562));
#4131=CARTESIAN_POINT('Ctrl Pts',(29.23216361904,-4.22400271878476,20.5670908487886));
#4132=CARTESIAN_POINT('Ctrl Pts',(29.2561024394252,-4.23446348040133,20.6434210124464));
#4133=CARTESIAN_POINT('Ctrl Pts',(29.7846338237086,-3.74707158634191,20.0052874417418));
#4134=CARTESIAN_POINT('Ctrl Pts',(29.8304101811036,-3.75046127131654,20.0933715795596));
#4135=CARTESIAN_POINT('Ctrl Pts',(29.8720093750255,-3.75416146049546,20.1839793671829));
#4136=CARTESIAN_POINT('Ctrl Pts',(29.9094098369794,-3.75799114485352,20.2771890552669));
#4137=CARTESIAN_POINT('Ctrl Pts',(30.5019453295161,-3.5,19.5169314631313));
#4138=CARTESIAN_POINT('Ctrl Pts',(30.5669297433276,-3.49996577893723,19.6228519703924));
#4139=CARTESIAN_POINT('Ctrl Pts',(30.6270475574459,-3.50004018366147,19.7317962721626));
#4140=CARTESIAN_POINT('Ctrl Pts',(30.6824075135453,-3.5,19.8438609572784));
#4141=CARTESIAN_POINT('Ctrl Pts',(31.220374423302,-3.5,19.0278146145689));
#4142=CARTESIAN_POINT('Ctrl Pts',(31.3046355585462,-3.5,19.1515798277541));
#4143=CARTESIAN_POINT('Ctrl Pts',(31.3833171337761,-3.5,19.2788668237933));
#4144=CARTESIAN_POINT('Ctrl Pts',(31.4567150387261,-3.5,19.4097985825565));
#4145=CARTESIAN_POINT('',(29.996545381365,-3.80820191269775,20.2283424922464));
#4146=CARTESIAN_POINT('Origin',(31.4567150387132,-8.2,19.4097985825335));
#4147=CARTESIAN_POINT('Ctrl Pts',(31.2717631770651,-3.5,19.1047889482885));
#4148=CARTESIAN_POINT('Ctrl Pts',(30.8150119138853,-3.50000000003423,19.4642485696765));
#4149=CARTESIAN_POINT('Ctrl Pts',(30.3807042614794,-3.60980299961274,19.8491437431154));
#4150=CARTESIAN_POINT('Ctrl Pts',(29.9965453813743,-3.80820191269547,20.2283424922506));
#4151=CARTESIAN_POINT('Ctrl Pts',(27.8707249487549,-5.92192773253032,21.4200378267297));
#4152=CARTESIAN_POINT('Ctrl Pts',(27.8743435589042,-6.08977764848565,21.6167062282203));
#4153=CARTESIAN_POINT('Ctrl Pts',(27.8418952414844,-6.30659710495045,21.8565329084005));
#4154=CARTESIAN_POINT('Ctrl Pts',(27.7747042197789,-6.57285555092919,22.1421571607377));
#4155=CARTESIAN_POINT('Ctrl Pts',(28.3348051800517,-4.96183511611274,21.1598830940045));
#4156=CARTESIAN_POINT('Ctrl Pts',(28.3602774261713,-5.070846183665,21.434867141575));
#4157=CARTESIAN_POINT('Ctrl Pts',(28.3184479275828,-5.21450775096846,21.7534361072691));
#4158=CARTESIAN_POINT('Ctrl Pts',(28.2064894455263,-5.39560378531093,22.0942869681677));
#4159=CARTESIAN_POINT('Ctrl Pts',(29.1018649529717,-4.19913944224149,20.7298836741829));
#4160=CARTESIAN_POINT('Ctrl Pts',(29.2060304919401,-4.25146831959774,21.1111661358028));
#4161=CARTESIAN_POINT('Ctrl Pts',(29.2149693626683,-4.32144589743557,21.5456579052484));
#4162=CARTESIAN_POINT('Ctrl Pts',(29.1274777004256,-4.40888313916387,21.9921809152327));
#4163=CARTESIAN_POINT('Ctrl Pts',(29.9965453813622,-3.8082019126969,20.2283424922368));
#4164=CARTESIAN_POINT('Ctrl Pts',(30.2055485267563,-3.83157635750535,20.7265880821951));
#4165=CARTESIAN_POINT('Ctrl Pts',(30.2938075923822,-3.86218628290675,21.2914265540222));
#4166=CARTESIAN_POINT('Ctrl Pts',(30.268160638317,-3.90143719640474,21.8657182466604));
#4167=CARTESIAN_POINT('',(28.457328926129,-5.33074128155672,22.0664774612078));
#4168=CARTESIAN_POINT('Origin',(32.1572071348566,-8.2,21.6562876914429));
#4169=CARTESIAN_POINT('Ctrl Pts',(29.9965453813698,-3.80820191269775,20.228342492255));
#4170=CARTESIAN_POINT('Ctrl Pts',(29.3370376874236,-4.14880476330314,20.8793348434436));
#4171=CARTESIAN_POINT('Ctrl Pts',(28.8453227483082,-4.74747100573212,21.4862010772954));
#4172=CARTESIAN_POINT('Ctrl Pts',(28.457328926129,-5.33074128155671,22.0664774612078));
#4173=CARTESIAN_POINT('Ctrl Pts',(27.6907365343051,-6.8232507421662,22.151466301101));
#4174=CARTESIAN_POINT('Ctrl Pts',(27.671620565141,-6.91742270024796,22.2408689090929));
#4175=CARTESIAN_POINT('Ctrl Pts',(27.6506094231414,-7.01783652927235,22.3362980831484));
#4176=CARTESIAN_POINT('Ctrl Pts',(27.6282314739149,-7.12475599582343,22.4386440354768));
#4177=CARTESIAN_POINT('Ctrl Pts',(27.8546586139219,-6.28491582280853,22.1332929569248));
#4178=CARTESIAN_POINT('Ctrl Pts',(27.8275501850836,-6.36677046767298,22.2284968998945));
#4179=CARTESIAN_POINT('Ctrl Pts',(27.7971258631479,-6.45435740922441,22.3288352709593));
#4180=CARTESIAN_POINT('Ctrl Pts',(27.7637127296829,-6.54805011003866,22.4349929882309));
#4181=CARTESIAN_POINT('Ctrl Pts',(28.1157018263434,-5.77668032722795,22.1043522055916));
#4182=CARTESIAN_POINT('Ctrl Pts',(28.0847910262016,-5.84517975422905,22.2078153152546));
#4183=CARTESIAN_POINT('Ctrl Pts',(28.049279675491,-5.91864380496041,22.3156536076161));
#4184=CARTESIAN_POINT('Ctrl Pts',(28.0094262525579,-5.99746504955391,22.4283713218173));
#4185=CARTESIAN_POINT('Ctrl Pts',(28.457328926129,-5.33074128155672,22.0664774612078));
#4186=CARTESIAN_POINT('Ctrl Pts',(28.4265119232762,-5.3867362847548,22.1801931051365));
#4187=CARTESIAN_POINT('Ctrl Pts',(28.3900099105566,-5.44687179589296,22.2976604016074));
#4188=CARTESIAN_POINT('Ctrl Pts',(28.3481737290797,-5.51153810912601,22.4192425088741));
#4189=CARTESIAN_POINT('',(28.2363631231226,-5.67950191309069,22.4222556622622));
#4190=CARTESIAN_POINT('Origin',(32.2019234720595,-8.2,22.3153888628043));
#4191=CARTESIAN_POINT('Ctrl Pts',(28.457328926129,-5.33074128155672,22.0664774612078));
#4192=CARTESIAN_POINT('Ctrl Pts',(28.3802239294471,-5.44700354110306,22.1842458903169));
#4193=CARTESIAN_POINT('Ctrl Pts',(28.3068494617763,-5.56352879398275,22.3025534235677));
#4194=CARTESIAN_POINT('Ctrl Pts',(28.2363631231225,-5.67950191309084,22.4222556622617));
#4195=CARTESIAN_POINT('Origin',(45.8860921454727,-12.,37.393657283185));
#4196=CARTESIAN_POINT('',(50.7798402683211,-12.,38.4189520262311));
#4197=CARTESIAN_POINT('Origin',(49.8010906437515,-12.,38.2138930776218));
#4198=CARTESIAN_POINT('',(49.7831415522295,-12.,34.2610855088602));
#4199=CARTESIAN_POINT('Origin',(49.0037316708781,-12.,34.8875998637251));
#4200=CARTESIAN_POINT('Origin',(45.8860921454727,-12.,37.393657283185));
#4201=CARTESIAN_POINT('Origin',(46.5125441054921,-12.,31.7884590544456));
#4202=CARTESIAN_POINT('',(40.6180621248642,-12.,22.8593460058633));
#4203=CARTESIAN_POINT('Origin',(39.8386522435128,-12.,23.4858603607283));
#4204=CARTESIAN_POINT('',(47.2919539868435,-12.,31.1619446995806));
#4205=CARTESIAN_POINT('Origin',(39.8386522435128,-3.,23.4858603607283));
#4206=CARTESIAN_POINT('',(34.9794329310794,-3.,15.8446570737011));
#4207=CARTESIAN_POINT('Origin',(34.200023049728,-3.,16.4711714285661));
#4208=CARTESIAN_POINT('Origin',(40.6180621248642,-3.,22.8593460058633));
#4209=CARTESIAN_POINT('Origin',(34.2000230497281,0.,16.4711714285661));
#4210=CARTESIAN_POINT('',(34.9794329310794,3.,15.8446570737011));
#4211=CARTESIAN_POINT('Origin',(34.2000230497281,3.,16.4711714285661));
#4212=CARTESIAN_POINT('',(34.9794329310794,0.,15.8446570737011));
#4213=CARTESIAN_POINT('',(33.5735086948631,0.,15.6917615472148));
#4214=CARTESIAN_POINT('Origin',(39.8386522435128,3.,23.4858603607283));
#4215=CARTESIAN_POINT('',(40.6180621248642,12.,22.8593460058633));
#4216=CARTESIAN_POINT('Origin',(39.8386522435128,12.,23.4858603607283));
#4217=CARTESIAN_POINT('Origin',(40.6180621248642,3.,22.8593460058633));
#4218=CARTESIAN_POINT('Origin',(46.5125441054921,12.,31.7884590544456));
#4219=CARTESIAN_POINT('',(49.7831415522295,12.,34.2610855088602));
#4220=CARTESIAN_POINT('Origin',(49.0037316708781,12.,34.8875998637251));
#4221=CARTESIAN_POINT('',(47.2919539868435,12.,31.1619446995806));
#4222=CARTESIAN_POINT('Origin',(45.8860921454727,12.,37.393657283185));
#4223=CARTESIAN_POINT('',(50.7798402683211,12.,38.4189520262311));
#4224=CARTESIAN_POINT('Origin',(49.8010906437515,12.,38.2138930776218));
#4225=CARTESIAN_POINT('Origin',(45.8860921454727,12.,37.393657283185));
#4226=CARTESIAN_POINT('Origin',(45.6149494247516,12.,58.1944117249697));
#4227=CARTESIAN_POINT('',(48.0473851752149,12.,51.4610036639189));
#4228=CARTESIAN_POINT('Origin',(47.0686355506452,12.,51.2559447153097));
#4229=CARTESIAN_POINT('',(46.5936990493212,12.,58.3994706735789));
#4230=CARTESIAN_POINT('Origin',(96.9848664036988,12.,61.7139510943793));
#4231=CARTESIAN_POINT('',(46.9926723811736,12.,60.8304711488225));
#4232=CARTESIAN_POINT('Origin',(45.9928285007231,12.,60.8128015499114));
#4233=CARTESIAN_POINT('Origin',(96.9848664036988,12.,61.7139510943793));
#4234=CARTESIAN_POINT('Origin',(1.E-5,12.,59.9999999999992));
#4235=CARTESIAN_POINT('',(-46.9926519372614,12.,60.8304962674591));
#4236=CARTESIAN_POINT('Origin',(-45.9928080662558,12.,60.8128261341089));
#4237=CARTESIAN_POINT('Origin',(1.E-5,12.,59.9999999999992));
#4238=CARTESIAN_POINT('Origin',(1.E-5,12.,59.9999999999992));
#4239=CARTESIAN_POINT('Origin',(-96.9848454875395,12.,61.7140029349697));
#4240=CARTESIAN_POINT('',(-48.047369739494,12.,51.4610293463245));
#4241=CARTESIAN_POINT('Origin',(-47.068620224533,12.,51.2559698745516));
#4242=CARTESIAN_POINT('Origin',(-96.9848454875395,12.,61.7140029349697));
#4243=CARTESIAN_POINT('Origin',(-45.6149306699646,12.,58.1944347703031));
#4244=CARTESIAN_POINT('',(-50.7798318038703,12.,38.4189791691975));
#4245=CARTESIAN_POINT('Origin',(-49.8010822889093,12.,38.2139196974246));
#4246=CARTESIAN_POINT('',(-46.5936801849255,12.,58.399494242076));
#4247=CARTESIAN_POINT('Origin',(-45.8860842290657,12.,37.393681810333));
#4248=CARTESIAN_POINT('',(-49.7831353102521,12.,34.2611121190693));
#4249=CARTESIAN_POINT('Origin',(-49.0037250940148,12.,34.8876260573221));
#4250=CARTESIAN_POINT('Origin',(-45.8860842290657,12.,37.393681810333));
#4251=CARTESIAN_POINT('Origin',(-38.0546036333649,12.,21.2664492499023));
#4252=CARTESIAN_POINT('',(-40.6180619773748,12.,22.8593677171327));
#4253=CARTESIAN_POINT('Origin',(-39.8386517611375,12.,23.4858816553854));
#4254=CARTESIAN_POINT('',(-38.8340138496022,12.,20.6399353116496));
#4255=CARTESIAN_POINT('Origin',(-39.8386517611375,3.,23.4858816553854));
#4256=CARTESIAN_POINT('',(-33.5735123786101,3.,15.6917794930126));
#4257=CARTESIAN_POINT('',(-34.9794365331001,3.,15.8446757709971));
#4258=CARTESIAN_POINT('Origin',(-34.2000263168628,3.,16.4711897092499));
#4259=CARTESIAN_POINT('Origin',(-40.6180619773748,3.,22.8593677171327));
#4260=CARTESIAN_POINT('Origin',(-39.8386517611375,3.,23.4858816553854));
#4261=CARTESIAN_POINT('Origin',(-34.2000263168628,0.,16.4711897092499));
#4262=CARTESIAN_POINT('',(-33.5735123786101,-3.,15.6917794930126));
#4263=CARTESIAN_POINT('',(-34.9794365331001,-3.,15.8446757709971));
#4264=CARTESIAN_POINT('Origin',(-34.2000263168628,-3.,16.4711897092499));
#4265=CARTESIAN_POINT('',(-34.9794365331001,0.,15.8446757709971));
#4266=CARTESIAN_POINT('',(-33.5735123786101,0.,15.6917794930126));
#4267=CARTESIAN_POINT('Origin',(-39.8386517611375,-3.,23.4858816553854));
#4268=CARTESIAN_POINT('',(-40.6180619773748,-12.,22.8593677171327));
#4269=CARTESIAN_POINT('Origin',(-39.8386517611375,-12.,23.4858816553854));
#4270=CARTESIAN_POINT('Origin',(-40.6180619773748,-3.,22.8593677171327));
#4271=CARTESIAN_POINT('Origin',(-39.8386517611375,-3.,23.4858816553854));
#4272=CARTESIAN_POINT('Origin',(-38.0546036333649,-12.,21.2664492499023));
#4273=CARTESIAN_POINT('',(-49.7831353102521,-12.,34.2611121190693));
#4274=CARTESIAN_POINT('Origin',(-49.0037250940148,-12.,34.8876260573221));
#4275=CARTESIAN_POINT('',(-38.8340138496022,-12.,20.6399353116496));
#4276=CARTESIAN_POINT('Origin',(-45.8860842290657,-12.,37.393681810333));
#4277=CARTESIAN_POINT('',(-50.7798318038703,-12.,38.4189791691975));
#4278=CARTESIAN_POINT('Origin',(-49.8010822889093,-12.,38.2139196974246));
#4279=CARTESIAN_POINT('Origin',(-45.8860842290657,-12.,37.393681810333));
#4280=CARTESIAN_POINT('Origin',(-45.6149306699646,-12.,58.1944347703031));
#4281=CARTESIAN_POINT('',(-48.047369739494,-12.,51.4610293463245));
#4282=CARTESIAN_POINT('Origin',(-47.0686202245331,-12.,51.2559698745516));
#4283=CARTESIAN_POINT('',(-46.5936801849255,-12.,58.399494242076));
#4284=CARTESIAN_POINT('Origin',(-96.9848454875395,-12.,61.7140029349697));
#4285=CARTESIAN_POINT('',(-46.9926519372614,-12.,60.8304962674591));
#4286=CARTESIAN_POINT('Origin',(-45.9928080662559,-12.,60.8128261341089));
#4287=CARTESIAN_POINT('Origin',(-96.9848454875395,-12.,61.7140029349697));
#4288=CARTESIAN_POINT('Origin',(1.E-5,-12.,59.9999999999992));
#4289=CARTESIAN_POINT('',(46.9926723811736,-12.,60.8304711488225));
#4290=CARTESIAN_POINT('Origin',(45.9928285007231,-12.,60.8128015499114));
#4291=CARTESIAN_POINT('Origin',(1.E-5,-12.,59.9999999999992));
#4292=CARTESIAN_POINT('Origin',(1.E-5,-12.,59.9999999999992));
#4293=CARTESIAN_POINT('Origin',(96.9848664036988,-12.,61.7139510943793));
#4294=CARTESIAN_POINT('',(48.0473851752149,-12.,51.4610036639189));
#4295=CARTESIAN_POINT('Origin',(47.0686355506452,-12.,51.2559447153097));
#4296=CARTESIAN_POINT('Origin',(96.9848664036988,-12.,61.7139510943793));
#4297=CARTESIAN_POINT('Origin',(45.6149494247516,-12.,58.1944117249697));
#4298=CARTESIAN_POINT('',(46.5936990493212,-12.,58.3994706735789));
#4299=CARTESIAN_POINT('Origin',(34.3529185762144,0.,15.0652471923498));
#4300=CARTESIAN_POINT('',(32.7940988135117,0.,16.3182759020797));
#4301=CARTESIAN_POINT('Origin',(-34.3529225948474,0.,15.0652655547599));
#4302=CARTESIAN_POINT('',(-49.7831353102521,0.,34.2611121190693));
#4303=CARTESIAN_POINT('Origin',(-25.7631387622337,-4.,23.532795769899));
#4304=CARTESIAN_POINT('',(-31.5654537948371,-3.82608695652174,19.4701655682478));
#4305=CARTESIAN_POINT('',(-31.2717566871497,-3.5,19.1047941668133));
#4306=CARTESIAN_POINT('Origin',(-31.2717566863091,-4.,19.1047941657675));
#4307=CARTESIAN_POINT('',(-33.5572375757472,-3.5,17.2676522212492));
#4308=CARTESIAN_POINT('',(-25.7631387622337,-3.5,23.532795769899));
#4309=CARTESIAN_POINT('',(-33.8509346842752,-3.82608695652174,17.6330236237295));
#4310=CARTESIAN_POINT('Origin',(-33.5572375757472,-4.,17.2676522212492));
#4311=CARTESIAN_POINT('',(-26.0568358707617,-3.82608695652174,23.8981671723792));
#4312=CARTESIAN_POINT('Ctrl Pts',(-30.4426728569559,-4.08953077625735,20.5030481854754));
#4313=CARTESIAN_POINT('Ctrl Pts',(-29.8687034292898,-4.3806697546779,21.1140177240596));
#4314=CARTESIAN_POINT('Ctrl Pts',(-29.4648187103371,-4.89239434102202,21.7289369835115));
#4315=CARTESIAN_POINT('Ctrl Pts',(-29.1239774944938,-5.39095682659986,22.3625600993417));
#4316=CARTESIAN_POINT('Ctrl Pts',(-30.3892874290928,-3.99788408818977,20.4988706475951));
#4317=CARTESIAN_POINT('Ctrl Pts',(-29.7978327911729,-4.29325594452418,21.1222868019252));
#4318=CARTESIAN_POINT('Ctrl Pts',(-29.3764894271545,-4.80917373841917,21.7469260743528));
#4319=CARTESIAN_POINT('Ctrl Pts',(-29.0213182888906,-5.30239155089648,22.3811931759705));
#4320=CARTESIAN_POINT('Ctrl Pts',(-30.2419882424764,-3.84094092769163,20.4398771025639));
#4321=CARTESIAN_POINT('Ctrl Pts',(-29.612411809155,-4.14920859265601,21.0839320902305));
#4322=CARTESIAN_POINT('Ctrl Pts',(-29.1477459585121,-4.68197390591165,21.7183009532476));
#4323=CARTESIAN_POINT('Ctrl Pts',(-28.7520238956946,-5.18455789410143,22.337344219295));
#4324=CARTESIAN_POINT('Ctrl Pts',(-30.0711880310527,-3.79729968315903,20.3030152235996));
#4325=CARTESIAN_POINT('Ctrl Pts',(-29.4167795779885,-4.12677521537609,20.953825131423));
#4326=CARTESIAN_POINT('Ctrl Pts',(-28.9267839767516,-4.70209622060253,21.57142638187));
#4327=CARTESIAN_POINT('Ctrl Pts',(-28.5245297084786,-5.25753540344637,22.1605741715076));
#4328=CARTESIAN_POINT('Ctrl Pts',(-29.9965310165203,-3.80820646010194,20.2283563757486));
#4329=CARTESIAN_POINT('Ctrl Pts',(-29.3370209613822,-4.14881385801595,20.8793528427168));
#4330=CARTESIAN_POINT('Ctrl Pts',(-28.84530667068,-4.74748731887976,21.4862216185184));
#4331=CARTESIAN_POINT('Ctrl Pts',(-28.4573136305002,-5.33076226142256,22.0665011241865));
#4332=CARTESIAN_POINT('',(-29.1239774944938,-5.39095682659986,22.3625600993417));
#4333=CARTESIAN_POINT('',(-28.4573136305002,-5.33076226142256,22.0665011241864));
#4334=CARTESIAN_POINT('Origin',(-28.8509195039486,-5.63600031871803,22.0228646169314));
#4335=CARTESIAN_POINT('',(-29.9965310165155,-3.80820646010194,20.22835637574));
#4336=CARTESIAN_POINT('Ctrl Pts',(-28.4573136305002,-5.33076226142256,22.0665011241865));
#4337=CARTESIAN_POINT('Ctrl Pts',(-28.84530667068,-4.74748731887976,21.4862216185184));
#4338=CARTESIAN_POINT('Ctrl Pts',(-29.3370209613822,-4.14881385801595,20.8793528427168));
#4339=CARTESIAN_POINT('Ctrl Pts',(-29.9965310165203,-3.80820646010194,20.2283563757486));
#4340=CARTESIAN_POINT('',(-30.4426728569559,-4.08953077625735,20.5030481854754));
#4341=CARTESIAN_POINT('Origin',(-30.1518691210993,-4.2754185388145,20.1412762587821));
#4342=CARTESIAN_POINT('Ctrl Pts',(-30.4426728569559,-4.08953077625735,20.5030481854754));
#4343=CARTESIAN_POINT('Ctrl Pts',(-29.8687034292898,-4.3806697546779,21.1140177240596));
#4344=CARTESIAN_POINT('Ctrl Pts',(-29.4648187103371,-4.89239434102202,21.7289369835115));
#4345=CARTESIAN_POINT('Ctrl Pts',(-29.1239774944938,-5.39095682659986,22.3625600993417));
#4346=CARTESIAN_POINT('Ctrl Pts',(-29.1239774944938,-5.39095682659986,22.3625600993417));
#4347=CARTESIAN_POINT('Ctrl Pts',(-29.0560401654691,-5.49033155608569,22.4888554535913));
#4348=CARTESIAN_POINT('Ctrl Pts',(-28.9903900767046,-5.5899310175053,22.6160938472776));
#4349=CARTESIAN_POINT('Ctrl Pts',(-28.9263316024766,-5.68905852929478,22.7444401750485));
#4350=CARTESIAN_POINT('Ctrl Pts',(-29.065315091292,-5.3403480976265,22.373207571701));
#4351=CARTESIAN_POINT('Ctrl Pts',(-28.9957588651657,-5.43938313108021,22.4996815092241));
#4352=CARTESIAN_POINT('Ctrl Pts',(-28.9285592351548,-5.53861144716368,22.6269521931125));
#4353=CARTESIAN_POINT('Ctrl Pts',(-28.8630224657452,-5.6373606323737,22.7552484053481));
#4354=CARTESIAN_POINT('Ctrl Pts',(-28.9277864655074,-5.25770401908205,22.3690098359291));
#4355=CARTESIAN_POINT('Ctrl Pts',(-28.854347188658,-5.35711270641627,22.4950146040126));
#4356=CARTESIAN_POINT('Ctrl Pts',(-28.7834608867729,-5.45668044690305,22.6215665074087));
#4357=CARTESIAN_POINT('Ctrl Pts',(-28.7143682764329,-5.55579658664115,22.7489922835017));
#4358=CARTESIAN_POINT('Ctrl Pts',(-28.6671643189217,-5.20776790206792,22.2746550464769));
#4359=CARTESIAN_POINT('Ctrl Pts',(-28.5879834843776,-5.31242135081846,22.3972306044467));
#4360=CARTESIAN_POINT('Ctrl Pts',(-28.5117202786591,-5.41729911418418,22.5200649180577));
#4361=CARTESIAN_POINT('Ctrl Pts',(-28.4377511188492,-5.52184458396279,22.6437619086334));
#4362=CARTESIAN_POINT('Ctrl Pts',(-28.5149274116245,-5.26799638315726,22.1471351647475));
#4363=CARTESIAN_POINT('Ctrl Pts',(-28.4355966323252,-5.37988115608361,22.2662496760586));
#4364=CARTESIAN_POINT('Ctrl Pts',(-28.3598460957484,-5.49216214196596,22.3857097120125));
#4365=CARTESIAN_POINT('Ctrl Pts',(-28.2866302125058,-5.60397740846938,22.5062997310887));
#4366=CARTESIAN_POINT('Ctrl Pts',(-28.4573136305002,-5.33076226142256,22.0665011241865));
#4367=CARTESIAN_POINT('Ctrl Pts',(-28.3802110185942,-5.4470220910483,22.1842668198235));
#4368=CARTESIAN_POINT('Ctrl Pts',(-28.3068387249699,-5.56354483757925,22.3025716394845));
#4369=CARTESIAN_POINT('Ctrl Pts',(-28.2363544068053,-5.67951544390439,22.4222711215372));
#4370=CARTESIAN_POINT('',(-28.9263316024766,-5.68905852929478,22.7444401750485));
#4371=CARTESIAN_POINT('',(-28.2363544068053,-5.67951544390439,22.4222711215372));
#4372=CARTESIAN_POINT('Origin',(-28.6582234488504,-5.94765209880818,22.4109024953698));
#4373=CARTESIAN_POINT('Ctrl Pts',(-28.2363544068053,-5.67951544390439,22.4222711215372));
#4374=CARTESIAN_POINT('Ctrl Pts',(-28.3068387249699,-5.56354483757925,22.3025716394845));
#4375=CARTESIAN_POINT('Ctrl Pts',(-28.3802110185942,-5.4470220910483,22.1842668198235));
#4376=CARTESIAN_POINT('Ctrl Pts',(-28.4573136305002,-5.33076226142256,22.0665011241865));
#4377=CARTESIAN_POINT('Ctrl Pts',(-29.1239774944938,-5.39095682659986,22.3625600993417));
#4378=CARTESIAN_POINT('Ctrl Pts',(-29.0560401654691,-5.49033155608569,22.4888554535913));
#4379=CARTESIAN_POINT('Ctrl Pts',(-28.9903900767046,-5.5899310175053,22.6160938472776));
#4380=CARTESIAN_POINT('Ctrl Pts',(-28.9263316024766,-5.68905852929478,22.7444401750485));
#4381=CARTESIAN_POINT('Ctrl Pts',(-28.6200022185201,-7.84347826091009,25.1747371954902));
#4382=CARTESIAN_POINT('Ctrl Pts',(-28.9037175192788,-8.78708719488089,26.1779382318006));
#4383=CARTESIAN_POINT('Ctrl Pts',(-29.4096756216106,-9.58054436693457,27.2711914011039));
#4384=CARTESIAN_POINT('Ctrl Pts',(-30.2178753196022,-10.127444568488,28.2766265466869));
#4385=CARTESIAN_POINT('Ctrl Pts',(-28.5436134676301,-7.8264143214659,25.2138751519812));
#4386=CARTESIAN_POINT('Ctrl Pts',(-28.8316437651328,-8.77644189925342,26.2164834579836));
#4387=CARTESIAN_POINT('Ctrl Pts',(-29.3436823040784,-9.57672193665779,27.3127024418988));
#4388=CARTESIAN_POINT('Ctrl Pts',(-30.1595755678307,-10.1274445541198,28.3234896906541));
#4389=CARTESIAN_POINT('Ctrl Pts',(-28.3706395806642,-7.82596134254711,25.266178890194));
#4390=CARTESIAN_POINT('Ctrl Pts',(-28.6723826499223,-8.78867079982259,26.2740632327815));
#4391=CARTESIAN_POINT('Ctrl Pts',(-29.2004523541051,-9.60116440317391,27.381242107006));
#4392=CARTESIAN_POINT('Ctrl Pts',(-30.0348241084131,-10.1589514736426,28.4066307626917));
#4393=CARTESIAN_POINT('Ctrl Pts',(-28.0760731753654,-7.94235107356779,25.2438155070844));
#4394=CARTESIAN_POINT('Ctrl Pts',(-28.4037621068782,-8.92093368322284,26.2835754812443));
#4395=CARTESIAN_POINT('Ctrl Pts',(-28.9617879734768,-9.74642874433352,27.4261032307875));
#4396=CARTESIAN_POINT('Ctrl Pts',(-29.8300171547121,-10.3129550901092,28.4874915881664));
#4397=CARTESIAN_POINT('Ctrl Pts',(-27.9468372783623,-8.10296444720574,25.1298094332777));
#4398=CARTESIAN_POINT('Ctrl Pts',(-28.2798881573098,-9.08663066498756,26.2043677643725));
#4399=CARTESIAN_POINT('Ctrl Pts',(-28.8481952506096,-9.91464212502791,27.380813157924));
#4400=CARTESIAN_POINT('Ctrl Pts',(-29.733335679558,-10.4844832512052,28.4719054562636));
#4401=CARTESIAN_POINT('Ctrl Pts',(-27.9214435826679,-8.20000000004237,25.0451323448915));
#4402=CARTESIAN_POINT('Ctrl Pts',(-28.2488586637928,-9.18650024919364,26.1369212714409));
#4403=CARTESIAN_POINT('Ctrl Pts',(-28.8164914445332,-10.0160236563407,27.3313118958561));
#4404=CARTESIAN_POINT('Ctrl Pts',(-29.7058978376272,-10.5877829579647,28.4377716038356));
#4405=CARTESIAN_POINT('',(-30.2178753196022,-10.127444568488,28.2766265466869));
#4406=CARTESIAN_POINT('',(-29.7058978376272,-10.5877829579647,28.4377716038356));
#4407=CARTESIAN_POINT('Origin',(-30.0956029457458,-10.5877829579647,28.1245146347093));
#4408=CARTESIAN_POINT('',(-27.9214435826679,-8.20000000002118,25.0451323448915));
#4409=CARTESIAN_POINT('Ctrl Pts',(-29.7058978376272,-10.5877829579647,28.4377716038356));
#4410=CARTESIAN_POINT('Ctrl Pts',(-28.8164914445332,-10.0160236563407,27.3313118958561));
#4411=CARTESIAN_POINT('Ctrl Pts',(-28.2488586637928,-9.18650024919364,26.1369212714409));
#4412=CARTESIAN_POINT('Ctrl Pts',(-27.9214435826679,-8.20000000004237,25.0451323448915));
#4413=CARTESIAN_POINT('',(-28.6200022185201,-7.84347826091009,25.1747371954902));
#4414=CARTESIAN_POINT('Origin',(-28.4003714035345,-8.20000000004237,24.9015073387124));
#4415=CARTESIAN_POINT('Ctrl Pts',(-28.6200022185201,-7.84347826091009,25.1747371954902));
#4416=CARTESIAN_POINT('Ctrl Pts',(-28.9037175192788,-8.78708719488089,26.1779382318006));
#4417=CARTESIAN_POINT('Ctrl Pts',(-29.4096756216106,-9.58054436693457,27.2711914011039));
#4418=CARTESIAN_POINT('Ctrl Pts',(-30.2178753196022,-10.127444568488,28.2766265466869));
#4419=CARTESIAN_POINT('Ctrl Pts',(-30.2178753196022,-10.127444568488,28.2766265466869));
#4420=CARTESIAN_POINT('Ctrl Pts',(-31.6569469582262,-11.1012491506588,30.0668934894732));
#4421=CARTESIAN_POINT('Ctrl Pts',(-34.406888356362,-11.361591390776,33.4879387297151));
#4422=CARTESIAN_POINT('Ctrl Pts',(-37.6804057612575,-8.45513746261844,37.5603350158537));
#4423=CARTESIAN_POINT('Ctrl Pts',(-38.9067112339362,-5.66449394968185,39.0859117075004));
#4424=CARTESIAN_POINT('Ctrl Pts',(-39.2972372397259,-4.12248115733429,39.5717428361939));
#4425=CARTESIAN_POINT('Ctrl Pts',(-30.115850754002,-10.1274445433437,28.3586370486294));
#4426=CARTESIAN_POINT('Ctrl Pts',(-31.5547848017292,-11.1011560305463,30.1487328076329));
#4427=CARTESIAN_POINT('Ctrl Pts',(-34.304987315356,-11.361319860732,33.5701028582988));
#4428=CARTESIAN_POINT('Ctrl Pts',(-37.5782410184132,-8.4550517116911,37.6421710543466));
#4429=CARTESIAN_POINT('Ctrl Pts',(-38.804724076915,-5.66434654867022,39.1679686576705));
#4430=CARTESIAN_POINT('Ctrl Pts',(-39.1952127508651,-4.12248118164543,39.6537533399366));
#4431=CARTESIAN_POINT('Ctrl Pts',(-29.8861830443146,-10.2273034511639,28.4889333939865));
#4432=CARTESIAN_POINT('Ctrl Pts',(-31.339498457711,-11.2107466538893,30.2969201406148));
#4433=CARTESIAN_POINT('Ctrl Pts',(-34.1164521489908,-11.4737262551595,33.7515697113622));
#4434=CARTESIAN_POINT('Ctrl Pts',(-37.4223511547777,-8.53854091786694,37.8642499547458));
#4435=CARTESIAN_POINT('Ctrl Pts',(-38.6606784122785,-5.72040527687641,39.4047822084269));
#4436=CARTESIAN_POINT('Ctrl Pts',(-39.0550698143006,-4.16312981427922,39.8954220387537));
#4437=CARTESIAN_POINT('Ctrl Pts',(-29.7379086532131,-10.4672666334119,28.4775944316682));
#4438=CARTESIAN_POINT('Ctrl Pts',(-31.2252361903825,-11.4737254521975,30.3278936928316));
#4439=CARTESIAN_POINT('Ctrl Pts',(-34.0675107055057,-11.7427624334862,33.8638051223386));
#4440=CARTESIAN_POINT('Ctrl Pts',(-37.4508091789862,-8.73882632884795,38.0727735637809));
#4441=CARTESIAN_POINT('Ctrl Pts',(-38.7183036062306,-5.85452981179505,39.6495910066051));
#4442=CARTESIAN_POINT('Ctrl Pts',(-39.1219249916137,-4.26080926890809,40.151713324992));
#4443=CARTESIAN_POINT('Ctrl Pts',(-29.7058978376272,-10.5877829579647,28.4377716038356));
#4444=CARTESIAN_POINT('Ctrl Pts',(-31.2103818689357,-11.6058513847797,30.3094142801948));
#4445=CARTESIAN_POINT('Ctrl Pts',(-34.0853206902479,-11.878027363084,33.8859615069605));
#4446=CARTESIAN_POINT('Ctrl Pts',(-37.5076344442628,-8.83946189273746,38.1434666320461));
#4447=CARTESIAN_POINT('Ctrl Pts',(-38.7896811135415,-5.92197094739467,39.7383876876183));
#4448=CARTESIAN_POINT('Ctrl Pts',(-39.197958313753,-4.30986666448585,40.2463020395146));
#4449=CARTESIAN_POINT('',(-39.2972372397259,-4.12248115733429,39.5717428361939));
#4450=CARTESIAN_POINT('',(-39.197958313753,-4.30986666448647,40.2463020395146));
#4451=CARTESIAN_POINT('Origin',(-39.5876634218716,-4.30986666448585,39.9330450703882));
#4452=CARTESIAN_POINT('Origin',(-32.5181605662575,0.,31.9363470825404));
#4453=CARTESIAN_POINT('Ctrl Pts',(-30.2178753196022,-10.127444568488,28.2766265466869));
#4454=CARTESIAN_POINT('Ctrl Pts',(-31.6569469582262,-11.1012491506588,30.0668934894732));
#4455=CARTESIAN_POINT('Ctrl Pts',(-34.406888356362,-11.361591390776,33.4879387297151));
#4456=CARTESIAN_POINT('Ctrl Pts',(-37.6804057612575,-8.45513746261844,37.5603350158537));
#4457=CARTESIAN_POINT('Ctrl Pts',(-38.9067112339362,-5.66449394968185,39.0859117075004));
#4458=CARTESIAN_POINT('Ctrl Pts',(-39.2972372397259,-4.12248115733429,39.5717428361939));
#4459=CARTESIAN_POINT('Ctrl Pts',(-39.4796542534175,-3.99744637478878,40.5967438730344));
#4460=CARTESIAN_POINT('Ctrl Pts',(-39.4191787312345,-4.00013749787921,40.5215097290772));
#4461=CARTESIAN_POINT('Ctrl Pts',(-39.2993780227979,-4.0630858659689,40.3724725084077));
#4462=CARTESIAN_POINT('Ctrl Pts',(-39.2206315929865,-4.22034001312981,40.2745085715504));
#4463=CARTESIAN_POINT('Ctrl Pts',(-39.1979583137529,-4.30986666448612,40.2463020395145));
#4464=CARTESIAN_POINT('Ctrl Pts',(-39.477368731862,-3.86659752439624,40.593900586172));
#4465=CARTESIAN_POINT('Ctrl Pts',(-39.4010315618842,-3.86999448963633,40.4989338714559));
#4466=CARTESIAN_POINT('Ctrl Pts',(-39.2498838993723,-3.94939292810719,40.3108996954096));
#4467=CARTESIAN_POINT('Ctrl Pts',(-39.1505450627842,-4.14780138366221,40.1873179214788));
#4468=CARTESIAN_POINT('Ctrl Pts',(-39.1219249916136,-4.26080926890843,40.1517133249919));
#4469=CARTESIAN_POINT('Ctrl Pts',(-39.5573546089217,-3.60606077840502,40.5202860829135));
#4470=CARTESIAN_POINT('Ctrl Pts',(-39.4495723004838,-3.61085704879127,40.3862002915106));
#4471=CARTESIAN_POINT('Ctrl Pts',(-39.235929785721,-3.72314991921369,40.1204198853953));
#4472=CARTESIAN_POINT('Ctrl Pts',(-39.0954789082176,-4.00357118093046,39.945692999614));
#4473=CARTESIAN_POINT('Ctrl Pts',(-39.0550695385778,-4.1631297383143,39.8954220192762));
#4474=CARTESIAN_POINT('Ctrl Pts',(-39.7586047486477,-3.49764057988936,40.3546368346664));
#4475=CARTESIAN_POINT('Ctrl Pts',(-39.637526464724,-3.50302850047763,40.2040103239503));
#4476=CARTESIAN_POINT('Ctrl Pts',(-39.3979981557183,-3.62879545693078,39.9060269678636));
#4477=CARTESIAN_POINT('Ctrl Pts',(-39.2406070077235,-3.94323957511265,39.7102257171091));
#4478=CARTESIAN_POINT('Ctrl Pts',(-39.195212750865,-4.12248118164598,39.6537533399365));
#4479=CARTESIAN_POINT('Ctrl Pts',(-39.8606293063738,-3.49764057794018,40.2726263526607));
#4480=CARTESIAN_POINT('Ctrl Pts',(-39.7396782217935,-3.50302282412104,40.1221580970718));
#4481=CARTESIAN_POINT('Ctrl Pts',(-39.5000767252567,-3.62891956030042,39.824083719769));
#4482=CARTESIAN_POINT('Ctrl Pts',(-39.3425838132699,-3.94342785462224,39.6281558881461));
#4483=CARTESIAN_POINT('Ctrl Pts',(-39.2972372397258,-4.12248115733484,39.5717428361937));
#4484=CARTESIAN_POINT('',(-39.860629312179,-3.49764057794021,40.2726263479943));
#4485=CARTESIAN_POINT('',(-39.4796542534175,-3.99744637478876,40.5967438730344));
#4486=CARTESIAN_POINT('Origin',(-39.8693593615361,-3.99744637478878,40.2834869039081));
#4487=CARTESIAN_POINT('Origin',(-39.4883843027745,-4.49725217163741,40.6076044289482));
#4488=CARTESIAN_POINT('Origin',(-39.8780894108932,-4.49725217163741,40.2943474598219));
#4489=CARTESIAN_POINT('Ctrl Pts',(-39.8606293063738,-3.49764057794021,40.2726263526607));
#4490=CARTESIAN_POINT('Ctrl Pts',(-40.5048591843821,-3.46897274668613,41.0740760832843));
#4491=CARTESIAN_POINT('Ctrl Pts',(-41.4444001649612,-2.69925786243233,42.2429055516146));
#4492=CARTESIAN_POINT('Ctrl Pts',(-42.155324261278,-0.309715905698299,43.1273257639282));
#4493=CARTESIAN_POINT('Ctrl Pts',(-41.7717700196972,2.44260202863359,42.6501677585516));
#4494=CARTESIAN_POINT('Ctrl Pts',(-40.504463902528,3.47117738340068,41.0735843356235));
#4495=CARTESIAN_POINT('Ctrl Pts',(-39.8602307695692,3.49965825470789,40.2721305557012));
#4496=CARTESIAN_POINT('Ctrl Pts',(-39.7586047486477,-3.49764057988939,40.3546368346664));
#4497=CARTESIAN_POINT('Ctrl Pts',(-40.4026410521737,-3.468981384061,41.1558457295004));
#4498=CARTESIAN_POINT('Ctrl Pts',(-41.3423116390078,-2.69893844626993,42.3248364030698));
#4499=CARTESIAN_POINT('Ctrl Pts',(-42.0529646396679,-0.309795037679829,
43.2089193377882));
#4500=CARTESIAN_POINT('Ctrl Pts',(-41.6696277923284,2.44235370514523,42.7320317925442));
#4501=CARTESIAN_POINT('Ctrl Pts',(-40.4022457693301,3.47118596458347,41.1553539806214));
#4502=CARTESIAN_POINT('Ctrl Pts',(-39.7582062118364,3.49965825664436,40.3541410377115));
#4503=CARTESIAN_POINT('Ctrl Pts',(-39.5573565642366,-3.60606323119483,40.5202845989074));
#4504=CARTESIAN_POINT('Ctrl Pts',(-40.2216269468216,-3.57650365036077,41.3466654882771));
#4505=CARTESIAN_POINT('Ctrl Pts',(-41.1902336041642,-2.78306388285063,42.5516537756568));
#4506=CARTESIAN_POINT('Ctrl Pts',(-41.9232954854326,-0.319314001471325,
43.4636142443544));
#4507=CARTESIAN_POINT('Ctrl Pts',(-41.5277697083711,2.51836449721285,42.9715631879558));
#4508=CARTESIAN_POINT('Ctrl Pts',(-40.2212194155536,3.57871465073305,41.3461585018745));
#4509=CARTESIAN_POINT('Ctrl Pts',(-39.5569456767728,3.60808145574054,40.5197734372531));
#4510=CARTESIAN_POINT('Ctrl Pts',(-39.477368731862,-3.86659752439627,40.593900586172));
#4511=CARTESIAN_POINT('Ctrl Pts',(-40.1894929494894,-3.83490845325251,41.4798136618972));
#4512=CARTESIAN_POINT('Ctrl Pts',(-41.2281451676179,-2.9839462913655,42.7719415792266));
#4513=CARTESIAN_POINT('Ctrl Pts',(-42.0139792188402,-0.342501308830848,
43.7495528497761));
#4514=CARTESIAN_POINT('Ctrl Pts',(-41.5900262533957,2.70002964867334,43.2221371742144));
#4515=CARTESIAN_POINT('Ctrl Pts',(-40.1890559820366,3.83713465748723,41.4792700556401));
#4516=CARTESIAN_POINT('Ctrl Pts',(-39.4769281664277,3.86861706529882,40.5933525038717));
#4517=CARTESIAN_POINT('Ctrl Pts',(-39.4796542534174,-3.99744637478881,40.5967438730344));
#4518=CARTESIAN_POINT('Ctrl Pts',(-40.2159170410829,-3.96468313906986,41.5126863660972));
#4519=CARTESIAN_POINT('Ctrl Pts',(-41.2896782637472,-3.08500898563694,42.8484913907676));
#4520=CARTESIAN_POINT('Ctrl Pts',(-42.1021630224346,-0.354103892226627,
43.8592572856558));
#4521=CARTESIAN_POINT('Ctrl Pts',(-41.6638152761297,2.79140231843839,43.313933884412));
#4522=CARTESIAN_POINT('Ctrl Pts',(-40.2154652903496,3.96691700960078,41.5121243688052));
#4523=CARTESIAN_POINT('Ctrl Pts',(-39.4791987827404,3.99946657680901,40.5961772479727));
#4524=CARTESIAN_POINT('',(-39.8602307695692,3.49965825470789,40.2721305557013));
#4525=CARTESIAN_POINT('',(-39.4791987827404,3.99946657680958,40.5961772479727));
#4526=CARTESIAN_POINT('Origin',(-39.868903890859,3.99946657680901,40.2829202788464));
#4527=CARTESIAN_POINT('Origin',(-39.4098138585607,0.001,40.509859425724));
#4528=CARTESIAN_POINT('Ctrl Pts',(-39.8606293063738,-3.49764057794021,40.2726263526607));
#4529=CARTESIAN_POINT('Ctrl Pts',(-40.5048591843821,-3.46897274668613,41.0740760832843));
#4530=CARTESIAN_POINT('Ctrl Pts',(-41.4444001649612,-2.69925786243233,42.2429055516146));
#4531=CARTESIAN_POINT('Ctrl Pts',(-42.155324261278,-0.309715905698299,43.1273257639282));
#4532=CARTESIAN_POINT('Ctrl Pts',(-41.7717700196972,2.44260202863359,42.6501677585516));
#4533=CARTESIAN_POINT('Ctrl Pts',(-40.504463902528,3.47117738340068,41.0735843356235));
#4534=CARTESIAN_POINT('Ctrl Pts',(-39.8602307695692,3.49965825470789,40.2721305557012));
#4535=CARTESIAN_POINT('Ctrl Pts',(-39.1974672594293,4.31180511145558,40.24569114687));
#4536=CARTESIAN_POINT('Ctrl Pts',(-39.2201507364144,4.22228504150357,40.2739103653462));
#4537=CARTESIAN_POINT('Ctrl Pts',(-39.2989150781729,4.06505375003635,40.3718965854342));
#4538=CARTESIAN_POINT('Ctrl Pts',(-39.4187229550068,4.0021401494881,40.5209427238975));
#4539=CARTESIAN_POINT('Ctrl Pts',(-39.4791987827404,3.99946657680898,40.5961772479727));
#4540=CARTESIAN_POINT('Ctrl Pts',(-39.1214395267526,4.26272565135191,40.1511093858786));
#4541=CARTESIAN_POINT('Ctrl Pts',(-39.1500724703612,4.14972607369249,40.1867299962307));
#4542=CARTESIAN_POINT('Ctrl Pts',(-39.249433906493,3.95134645051201,40.3103398849634));
#4543=CARTESIAN_POINT('Ctrl Pts',(-39.4005906107568,3.87199187696861,40.498385309337));
#4544=CARTESIAN_POINT('Ctrl Pts',(-39.4769281664277,3.86861706529879,40.5933525038717));
#4545=CARTESIAN_POINT('Ctrl Pts',(-39.054595204302,4.16500218781689,39.8948319256154));
#4546=CARTESIAN_POINT('Ctrl Pts',(-39.0950227488484,4.00545536011252,39.9451255163126));
#4547=CARTESIAN_POINT('Ctrl Pts',(-39.235505567456,3.72507486402002,40.1198921381907));
#4548=CARTESIAN_POINT('Ctrl Pts',(-39.4491608694582,3.61284399508037,40.3856884521776));
#4549=CARTESIAN_POINT('Ctrl Pts',(-39.5569437224685,3.6080790038556,40.5197749210517));
#4550=CARTESIAN_POINT('Ctrl Pts',(-39.1947430467357,4.12433534832131,39.6531690078254));
#4551=CARTESIAN_POINT('Ctrl Pts',(-39.240157720551,3.94510691843667,39.7096667845566));
#4552=CARTESIAN_POINT('Ctrl Pts',(-39.3975846848701,3.63070848148425,39.9055125923346));
#4553=CARTESIAN_POINT('Ctrl Pts',(-39.6371273161654,3.50501103949406,40.203513765956));
#4554=CARTESIAN_POINT('Ctrl Pts',(-39.7582062118363,3.49965825664434,40.3541410377115));
#4555=CARTESIAN_POINT('Ctrl Pts',(-39.2967675356044,4.12433532400103,39.5711585040876));
#4556=CARTESIAN_POINT('Ctrl Pts',(-39.3421345046584,3.94529518409703,39.6275969289153));
#4557=CARTESIAN_POINT('Ctrl Pts',(-39.4996632405512,3.63083260116261,39.8235693269898));
#4558=CARTESIAN_POINT('Ctrl Pts',(-39.7392790738875,3.50500540006609,40.1216615398765));
#4559=CARTESIAN_POINT('Ctrl Pts',(-39.8602307695692,3.49965825470786,40.2721305557012));
#4560=CARTESIAN_POINT('',(-39.2967677287144,4.12433532400096,39.5711583488597));
#4561=CARTESIAN_POINT('',(-39.1974672594293,4.31180511145556,40.24569114687));
#4562=CARTESIAN_POINT('Origin',(-39.5871723675479,4.31180511145557,39.9324341777436));
#4563=CARTESIAN_POINT('Origin',(-39.4878718982628,4.49927489891014,40.6069669757538));
#4564=CARTESIAN_POINT('Origin',(-39.8775770063815,4.49927489891014,40.2937100066275));
#4565=CARTESIAN_POINT('Ctrl Pts',(-39.2967675356044,4.12433532400099,39.5711585040876));
#4566=CARTESIAN_POINT('Ctrl Pts',(-38.906110626876,5.66605817700911,39.0851645265145));
#4567=CARTESIAN_POINT('Ctrl Pts',(-37.6796798687959,8.45606212580712,37.5594319744461));
#4568=CARTESIAN_POINT('Ctrl Pts',(-34.406368208023,11.3616196800085,33.4872916428352));
#4569=CARTESIAN_POINT('Ctrl Pts',(-31.6567821534211,11.1011376289874,30.0666884652153));
#4570=CARTESIAN_POINT('Ctrl Pts',(-30.2178753196022,10.127444568488,28.2766265466869));
#4571=CARTESIAN_POINT('Ctrl Pts',(-39.1947430467356,4.12433534832127,39.6531690078254));
#4572=CARTESIAN_POINT('Ctrl Pts',(-38.8041234823606,5.66591080372433,39.1672214922488));
#4573=CARTESIAN_POINT('Ctrl Pts',(-37.5775151490838,8.45597636272054,37.641268041724));
#4574=CARTESIAN_POINT('Ctrl Pts',(-34.3044671730458,11.3613481905,33.5694557789243));
#4575=CARTESIAN_POINT('Ctrl Pts',(-31.5546200126812,11.1010445195363,30.1485278029794));
#4576=CARTESIAN_POINT('Ctrl Pts',(-30.115850754002,10.1274445433437,28.3586370486295));
#4577=CARTESIAN_POINT('Ctrl Pts',(-39.0545954787957,4.16500226348005,39.8948319449958));
#4578=CARTESIAN_POINT('Ctrl Pts',(-38.6600718781683,5.72198491694667,39.4040276539305));
#4579=CARTESIAN_POINT('Ctrl Pts',(-37.4216180957308,8.53947470324376,37.8633379977981));
#4580=CARTESIAN_POINT('Ctrl Pts',(-34.1159268695035,11.4737548073694,33.7509162411038));
#4581=CARTESIAN_POINT('Ctrl Pts',(-31.3393320216967,11.2106340284063,30.2967130870374));
#4582=CARTESIAN_POINT('Ctrl Pts',(-29.8861830443255,10.2273034511828,28.4889333939675));
#4583=CARTESIAN_POINT('Ctrl Pts',(-39.1214395267526,4.2627256513519,40.1511093858786));
#4584=CARTESIAN_POINT('Ctrl Pts',(-38.7176828489059,5.85614653246832,39.6488187578632));
#4585=CARTESIAN_POINT('Ctrl Pts',(-37.450058934797,8.73978201592386,38.0718402278246));
#4586=CARTESIAN_POINT('Ctrl Pts',(-34.0669731051789,11.742791681252,33.8631363244694));
#4587=CARTESIAN_POINT('Ctrl Pts',(-31.225065859234,11.4736101909103,30.3276817935759));
#4588=CARTESIAN_POINT('Ctrl Pts',(-29.7379086532131,10.4672666334119,28.4775944316683));
#4589=CARTESIAN_POINT('Ctrl Pts',(-39.1974672594293,4.31180511145558,40.2456911468699));
#4590=CARTESIAN_POINT('Ctrl Pts',(-38.7890532061413,5.92360627596407,39.7376065438756));
#4591=CARTESIAN_POINT('Ctrl Pts',(-37.5068755566663,8.84042858607108,38.1425225433202));
#4592=CARTESIAN_POINT('Ctrl Pts',(-34.0847768987861,11.8780569381908,33.8852850070538));
#4593=CARTESIAN_POINT('Ctrl Pts',(-31.2102095729978,11.6057347939414,30.3091999366568));
#4594=CARTESIAN_POINT('Ctrl Pts',(-29.7058978376272,10.5877829579647,28.4377716038357));
#4595=CARTESIAN_POINT('',(-30.2178753196022,10.127444568488,28.2766265466869));
#4596=CARTESIAN_POINT('',(-29.7058978376272,10.5877829579663,28.4377716038356));
#4597=CARTESIAN_POINT('Origin',(-30.0956029457458,10.5877829579647,28.1245146347093));
#4598=CARTESIAN_POINT('Origin',(-32.5181605662575,0.,31.9363470825404));
#4599=CARTESIAN_POINT('Ctrl Pts',(-39.2967675356044,4.12433532400099,39.5711585040876));
#4600=CARTESIAN_POINT('Ctrl Pts',(-38.906110626876,5.66605817700911,39.0851645265145));
#4601=CARTESIAN_POINT('Ctrl Pts',(-37.6796798687959,8.45606212580712,37.5594319744461));
#4602=CARTESIAN_POINT('Ctrl Pts',(-34.406368208023,11.3616196800085,33.4872916428352));
#4603=CARTESIAN_POINT('Ctrl Pts',(-31.6567821534211,11.1011376289874,30.0666884652153));
#4604=CARTESIAN_POINT('Ctrl Pts',(-30.2178753196022,10.127444568488,28.2766265466869));
#4605=CARTESIAN_POINT('Ctrl Pts',(-30.2178753196024,10.1274445684881,28.2766265466871));
#4606=CARTESIAN_POINT('Ctrl Pts',(-29.4096756216107,9.58054436693469,27.2711914011041));
#4607=CARTESIAN_POINT('Ctrl Pts',(-28.9037175192789,8.78708719488094,26.1779382318007));
#4608=CARTESIAN_POINT('Ctrl Pts',(-28.6200022185201,7.84347826091008,25.1747371954902));
#4609=CARTESIAN_POINT('Ctrl Pts',(-30.1595755678308,10.12744455412,28.3234896906543));
#4610=CARTESIAN_POINT('Ctrl Pts',(-29.3436823040785,9.57672193665791,27.312702441899));
#4611=CARTESIAN_POINT('Ctrl Pts',(-28.8316437651328,8.77644189925348,26.2164834579836));
#4612=CARTESIAN_POINT('Ctrl Pts',(-28.5436134676301,7.8264143214659,25.2138751519812));
#4613=CARTESIAN_POINT('Ctrl Pts',(-30.0348241084132,10.1589514736427,28.4066307626919));
#4614=CARTESIAN_POINT('Ctrl Pts',(-29.2004523541052,9.60116440317405,27.3812421070062));
#4615=CARTESIAN_POINT('Ctrl Pts',(-28.6723826499223,8.78867079982266,26.2740632327815));
#4616=CARTESIAN_POINT('Ctrl Pts',(-28.3706395806642,7.82596134254711,25.266178890194));
#4617=CARTESIAN_POINT('Ctrl Pts',(-29.8300171547123,10.3129550901093,28.4874915881666));
#4618=CARTESIAN_POINT('Ctrl Pts',(-28.9617879734769,9.74642874433367,27.4261032307877));
#4619=CARTESIAN_POINT('Ctrl Pts',(-28.4037621068782,8.92093368322292,26.2835754812444));
#4620=CARTESIAN_POINT('Ctrl Pts',(-28.0760731753654,7.94235107356778,25.2438155070844));
#4621=CARTESIAN_POINT('Ctrl Pts',(-29.7333356795582,10.4844832512053,28.4719054562638));
#4622=CARTESIAN_POINT('Ctrl Pts',(-28.8481952506098,9.91464212502807,27.3808131579242));
#4623=CARTESIAN_POINT('Ctrl Pts',(-28.2798881573099,9.08663066498764,26.2043677643726));
#4624=CARTESIAN_POINT('Ctrl Pts',(-27.9468372783623,8.10296444720573,25.1298094332777));
#4625=CARTESIAN_POINT('Ctrl Pts',(-29.7058978376274,10.5877829579649,28.4377716038359));
#4626=CARTESIAN_POINT('Ctrl Pts',(-28.8164914445333,10.0160236563408,27.3313118958564));
#4627=CARTESIAN_POINT('Ctrl Pts',(-28.2488586637928,9.18650024919372,26.136921271441));
#4628=CARTESIAN_POINT('Ctrl Pts',(-27.9214435826679,8.20000000004236,25.0451323448915));
#4629=CARTESIAN_POINT('',(-28.6200022185201,7.84347826091008,25.1747371954902));
#4630=CARTESIAN_POINT('',(-27.9214435826679,8.20000000002118,25.0451323448915));
#4631=CARTESIAN_POINT('Origin',(-28.4003714035345,8.20000000004236,24.9015073387124));
#4632=CARTESIAN_POINT('Ctrl Pts',(-27.9214435826679,8.20000000004236,25.0451323448915));
#4633=CARTESIAN_POINT('Ctrl Pts',(-28.2488586637928,9.18650024919372,26.136921271441));
#4634=CARTESIAN_POINT('Ctrl Pts',(-28.8164914445333,10.0160236563408,27.3313118958564));
#4635=CARTESIAN_POINT('Ctrl Pts',(-29.7058978376274,10.5877829579649,28.4377716038359));
#4636=CARTESIAN_POINT('Ctrl Pts',(-30.2178753196024,10.1274445684881,28.2766265466871));
#4637=CARTESIAN_POINT('Ctrl Pts',(-29.4096756216107,9.58054436693469,27.2711914011041));
#4638=CARTESIAN_POINT('Ctrl Pts',(-28.9037175192789,8.78708719488094,26.1779382318007));
#4639=CARTESIAN_POINT('Ctrl Pts',(-28.6200022185201,7.84347826091008,25.1747371954902));
#4640=CARTESIAN_POINT('Ctrl Pts',(-28.6200022185155,7.84347826089463,25.1747371954738));
#4641=CARTESIAN_POINT('Ctrl Pts',(-28.3994575204868,7.10996848246005,24.3949037884629));
#4642=CARTESIAN_POINT('Ctrl Pts',(-28.516324542882,6.3235253991895,23.5659224393897));
#4643=CARTESIAN_POINT('Ctrl Pts',(-28.9263316024773,5.6890585292936,22.744440175047));
#4644=CARTESIAN_POINT('Ctrl Pts',(-28.5436134676253,7.82641432145055,25.2138751519651));
#4645=CARTESIAN_POINT('Ctrl Pts',(-28.3229536412581,7.08167525911487,24.423700134173));
#4646=CARTESIAN_POINT('Ctrl Pts',(-28.4444342480909,6.28167351133754,23.585166089206));
#4647=CARTESIAN_POINT('Ctrl Pts',(-28.863022465746,5.63736063237251,22.7552484053466));
#4648=CARTESIAN_POINT('Ctrl Pts',(-28.3706369845761,7.82595959678771,25.2661813291251));
#4649=CARTESIAN_POINT('Ctrl Pts',(-28.1488401640948,7.05380395079079,24.4542913129945));
#4650=CARTESIAN_POINT('Ctrl Pts',(-28.2787377297651,6.22301151333524,23.5958337755313));
#4651=CARTESIAN_POINT('Ctrl Pts',(-28.7143693024219,5.55579835240729,22.7489913712548));
#4652=CARTESIAN_POINT('Ctrl Pts',(-28.0760671166622,7.94234855018867,25.2438197240237));
#4653=CARTESIAN_POINT('Ctrl Pts',(-27.8455679870189,7.11770596463996,24.4015545987296));
#4654=CARTESIAN_POINT('Ctrl Pts',(-27.9818643711595,6.23201751026789,23.5135878185391));
#4655=CARTESIAN_POINT('Ctrl Pts',(-28.4377537292383,5.52184782692331,22.643760580232));
#4656=CARTESIAN_POINT('Ctrl Pts',(-27.9468372783564,8.1029644471926,25.1298094332606));
#4657=CARTESIAN_POINT('Ctrl Pts',(-27.7024142605123,7.25106840975114,24.2798916433995));
#4658=CARTESIAN_POINT('Ctrl Pts',(-27.8314749436446,6.33837756840836,23.3823871315187));
#4659=CARTESIAN_POINT('Ctrl Pts',(-28.2866302125066,5.60397740846803,22.5062997310871));
#4660=CARTESIAN_POINT('Ctrl Pts',(-27.9214435826625,8.20000000002933,25.0451323448736));
#4661=CARTESIAN_POINT('Ctrl Pts',(-27.66692907462,7.34185706660093,24.1964355757204));
#4662=CARTESIAN_POINT('Ctrl Pts',(-27.7881716554282,6.42178674948245,23.2979896804639));
#4663=CARTESIAN_POINT('Ctrl Pts',(-28.2363544068061,5.67951544390301,22.4222711215357));
#4664=CARTESIAN_POINT('',(-28.9263316024773,5.6890585292936,22.744440175047));
#4665=CARTESIAN_POINT('',(-28.2363544068061,5.67951544390301,22.4222711215364));
#4666=CARTESIAN_POINT('Origin',(-28.6582234488511,5.94765209880694,22.4109024953682));
#4667=CARTESIAN_POINT('Ctrl Pts',(-28.2363544068061,5.67951544390301,22.4222711215357));
#4668=CARTESIAN_POINT('Ctrl Pts',(-27.7881716554282,6.42178674948245,23.2979896804639));
#4669=CARTESIAN_POINT('Ctrl Pts',(-27.66692907462,7.34185706660093,24.1964355757204));
#4670=CARTESIAN_POINT('Ctrl Pts',(-27.9214435826625,8.20000000002933,25.0451323448736));
#4671=CARTESIAN_POINT('Ctrl Pts',(-28.6200022185155,7.84347826089463,25.1747371954738));
#4672=CARTESIAN_POINT('Ctrl Pts',(-28.3994575204868,7.10996848246005,24.3949037884629));
#4673=CARTESIAN_POINT('Ctrl Pts',(-28.516324542882,6.3235253991895,23.5659224393897));
#4674=CARTESIAN_POINT('Ctrl Pts',(-28.9263316024773,5.6890585292936,22.744440175047));
#4675=CARTESIAN_POINT('Ctrl Pts',(-28.9263316024772,5.68905852929373,22.7444401750472));
#4676=CARTESIAN_POINT('Ctrl Pts',(-28.9903900767067,5.589931017502,22.6160938472733));
#4677=CARTESIAN_POINT('Ctrl Pts',(-29.0560401654676,5.49033155608793,22.4888554535942));
#4678=CARTESIAN_POINT('Ctrl Pts',(-29.1239774944938,5.39095682659983,22.3625600993417));
#4679=CARTESIAN_POINT('Ctrl Pts',(-28.8630224657459,5.63736063237265,22.7552484053467));
#4680=CARTESIAN_POINT('Ctrl Pts',(-28.928559235157,5.53861144716039,22.6269521931083));
#4681=CARTESIAN_POINT('Ctrl Pts',(-28.9957588651641,5.43938313108245,22.4996815092269));
#4682=CARTESIAN_POINT('Ctrl Pts',(-29.065315091292,5.34034809762647,22.373207571701));
#4683=CARTESIAN_POINT('Ctrl Pts',(-28.7143682764336,5.5557965866401,22.7489922835003));
#4684=CARTESIAN_POINT('Ctrl Pts',(-28.7834608867752,5.45668044689976,22.6215665074045));
#4685=CARTESIAN_POINT('Ctrl Pts',(-28.8543471886564,5.35711270641852,22.4950146040155));
#4686=CARTESIAN_POINT('Ctrl Pts',(-28.9277864655074,5.25770401908203,22.369009835929));
#4687=CARTESIAN_POINT('Ctrl Pts',(-28.43775111885,5.52184458396169,22.6437619086321));
#4688=CARTESIAN_POINT('Ctrl Pts',(-28.5117202786615,5.4172991141807,22.5200649180536));
#4689=CARTESIAN_POINT('Ctrl Pts',(-28.5879834843758,5.31242135082083,22.3972306044495));
#4690=CARTESIAN_POINT('Ctrl Pts',(-28.6671643189217,5.20776790206789,22.2746550464768));
#4691=CARTESIAN_POINT('Ctrl Pts',(-28.2866302125065,5.60397740846819,22.5062997310874));
#4692=CARTESIAN_POINT('Ctrl Pts',(-28.3598460957509,5.49216214196224,22.3857097120085));
#4693=CARTESIAN_POINT('Ctrl Pts',(-28.4355966323234,5.37988115608614,22.2662496760613));
#4694=CARTESIAN_POINT('Ctrl Pts',(-28.5149274116245,5.26799638315723,22.1471351647474));
#4695=CARTESIAN_POINT('Ctrl Pts',(-28.236354406806,5.67951544390316,22.422271121536));
#4696=CARTESIAN_POINT('Ctrl Pts',(-28.3068387249722,5.56354483757539,22.3025716394805));
#4697=CARTESIAN_POINT('Ctrl Pts',(-28.3802110185925,5.44702209105093,22.1842668198261));
#4698=CARTESIAN_POINT('Ctrl Pts',(-28.4573136305003,5.33076226142252,22.0665011241864));
#4699=CARTESIAN_POINT('',(-29.1239774944938,5.39095682659983,22.3625600993417));
#4700=CARTESIAN_POINT('',(-28.4573136305003,5.33076226142252,22.0665011241864));
#4701=CARTESIAN_POINT('Origin',(-28.8509195039486,5.636000318718,22.0228646169314));
#4702=CARTESIAN_POINT('Ctrl Pts',(-28.4573136305003,5.33076226142252,22.0665011241864));
#4703=CARTESIAN_POINT('Ctrl Pts',(-28.3802110185925,5.44702209105093,22.1842668198261));
#4704=CARTESIAN_POINT('Ctrl Pts',(-28.3068387249722,5.56354483757539,22.3025716394805));
#4705=CARTESIAN_POINT('Ctrl Pts',(-28.236354406806,5.67951544390316,22.422271121536));
#4706=CARTESIAN_POINT('Ctrl Pts',(-28.9263316024772,5.68905852929373,22.7444401750472));
#4707=CARTESIAN_POINT('Ctrl Pts',(-28.9903900767067,5.589931017502,22.6160938472733));
#4708=CARTESIAN_POINT('Ctrl Pts',(-29.0560401654676,5.49033155608793,22.4888554535942));
#4709=CARTESIAN_POINT('Ctrl Pts',(-29.1239774944938,5.39095682659983,22.3625600993417));
#4710=CARTESIAN_POINT('Ctrl Pts',(-29.1239774944938,5.39095682659983,22.3625600993417));
#4711=CARTESIAN_POINT('Ctrl Pts',(-29.4648187103371,4.89239434102201,21.7289369835115));
#4712=CARTESIAN_POINT('Ctrl Pts',(-29.8687034292898,4.38066975467788,21.1140177240596));
#4713=CARTESIAN_POINT('Ctrl Pts',(-30.4426728569559,4.08953077625735,20.5030481854754));
#4714=CARTESIAN_POINT('Ctrl Pts',(-29.0213182888906,5.30239155089645,22.3811931759705));
#4715=CARTESIAN_POINT('Ctrl Pts',(-29.3764894271546,4.80917373841913,21.7469260743528));
#4716=CARTESIAN_POINT('Ctrl Pts',(-29.7978327911728,4.29325594452419,21.1222868019252));
#4717=CARTESIAN_POINT('Ctrl Pts',(-30.3892874290928,3.99788408818977,20.4988706475951));
#4718=CARTESIAN_POINT('Ctrl Pts',(-28.7520238956946,5.18455789410141,22.337344219295));
#4719=CARTESIAN_POINT('Ctrl Pts',(-29.1477459585121,4.68197390591155,21.7183009532475));
#4720=CARTESIAN_POINT('Ctrl Pts',(-29.6124118091549,4.14920859265606,21.0839320902306));
#4721=CARTESIAN_POINT('Ctrl Pts',(-30.2419882424763,3.84094092769162,20.4398771025639));
#4722=CARTESIAN_POINT('Ctrl Pts',(-28.5245297084786,5.25753540344635,22.1605741715076));
#4723=CARTESIAN_POINT('Ctrl Pts',(-28.9267839767516,4.70209622060241,21.5714263818699));
#4724=CARTESIAN_POINT('Ctrl Pts',(-29.4167795779883,4.12677521537617,20.9538251314231));
#4725=CARTESIAN_POINT('Ctrl Pts',(-30.0711880310527,3.79729968315903,20.3030152235996));
#4726=CARTESIAN_POINT('Ctrl Pts',(-28.4573136305003,5.33076226142253,22.0665011241864));
#4727=CARTESIAN_POINT('Ctrl Pts',(-28.8453066706801,4.74748731887965,21.4862216185183));
#4728=CARTESIAN_POINT('Ctrl Pts',(-29.3370209613821,4.14881385801604,20.879352842717));
#4729=CARTESIAN_POINT('Ctrl Pts',(-29.9965310165203,3.80820646010194,20.2283563757486));
#4730=CARTESIAN_POINT('',(-30.4426728569559,4.08953077625735,20.5030481854754));
#4731=CARTESIAN_POINT('',(-29.9965310165155,3.80820646010194,20.22835637574));
#4732=CARTESIAN_POINT('Origin',(-30.1518691210993,4.2754185388145,20.1412762587821));
#4733=CARTESIAN_POINT('Ctrl Pts',(-29.9965310165203,3.80820646010194,20.2283563757486));
#4734=CARTESIAN_POINT('Ctrl Pts',(-29.3370209613821,4.14881385801604,20.879352842717));
#4735=CARTESIAN_POINT('Ctrl Pts',(-28.8453066706801,4.74748731887965,21.4862216185183));
#4736=CARTESIAN_POINT('Ctrl Pts',(-28.4573136305003,5.33076226142253,22.0665011241864));
#4737=CARTESIAN_POINT('Ctrl Pts',(-29.1239774944938,5.39095682659983,22.3625600993417));
#4738=CARTESIAN_POINT('Ctrl Pts',(-29.4648187103371,4.89239434102201,21.7289369835115));
#4739=CARTESIAN_POINT('Ctrl Pts',(-29.8687034292898,4.38066975467788,21.1140177240596));
#4740=CARTESIAN_POINT('Ctrl Pts',(-30.4426728569559,4.08953077625735,20.5030481854754));
#4741=CARTESIAN_POINT('Ctrl Pts',(-28.9263316024766,-5.68905852929478,22.7444401750485));
#4742=CARTESIAN_POINT('Ctrl Pts',(-28.5163245425783,-6.32352539966005,23.5659224399988));
#4743=CARTESIAN_POINT('Ctrl Pts',(-28.3994575203237,-7.10996848191754,24.3949037878861));
#4744=CARTESIAN_POINT('Ctrl Pts',(-28.6200022185155,-7.84347826089463,25.1747371954738));
#4745=CARTESIAN_POINT('Ctrl Pts',(-28.8630224657452,-5.6373606323737,22.7552484053481));
#4746=CARTESIAN_POINT('Ctrl Pts',(-28.4444342477806,-6.28167351181576,23.5851660898218));
#4747=CARTESIAN_POINT('Ctrl Pts',(-28.3229536410949,-7.08167525856407,24.4237001335886));
#4748=CARTESIAN_POINT('Ctrl Pts',(-28.5436134676253,-7.82641432145055,25.2138751519651));
#4749=CARTESIAN_POINT('Ctrl Pts',(-28.7143693024211,-5.55579835240851,22.7489913712564));
#4750=CARTESIAN_POINT('Ctrl Pts',(-28.2787377294417,-6.22301151383117,23.5958337761607));
#4751=CARTESIAN_POINT('Ctrl Pts',(-28.1488401639308,-7.05380395021975,24.4542913123941));
#4752=CARTESIAN_POINT('Ctrl Pts',(-28.3706369845761,-7.82595959678771,25.2661813291251));
#4753=CARTESIAN_POINT('Ctrl Pts',(-28.4377537292374,-5.5218478269246,22.6437605802335));
#4754=CARTESIAN_POINT('Ctrl Pts',(-27.9818643708204,-6.23201751079668,23.5135878191867));
#4755=CARTESIAN_POINT('Ctrl Pts',(-27.8455679868484,-7.11770596403015,24.4015545981067));
#4756=CARTESIAN_POINT('Ctrl Pts',(-28.0760671166622,-7.94234855018867,25.2438197240237));
#4757=CARTESIAN_POINT('Ctrl Pts',(-28.2866302125058,-5.60397740846938,22.5062997310887));
#4758=CARTESIAN_POINT('Ctrl Pts',(-27.831474943306,-6.33837756895535,23.3823871321712));
#4759=CARTESIAN_POINT('Ctrl Pts',(-27.7024142603315,-7.25106840912116,24.279891642771));
#4760=CARTESIAN_POINT('Ctrl Pts',(-27.9468372783564,-8.1029644471926,25.1298094332606));
#4761=CARTESIAN_POINT('Ctrl Pts',(-28.2363544068053,-5.67951544390439,22.4222711215372));
#4762=CARTESIAN_POINT('Ctrl Pts',(-27.7881716550949,-6.42178675003519,23.297989681116));
#4763=CARTESIAN_POINT('Ctrl Pts',(-27.6669290744318,-7.34185706596634,24.1964355750928));
#4764=CARTESIAN_POINT('Ctrl Pts',(-27.9214435826625,-8.20000000002932,25.0451323448736));
#4765=CARTESIAN_POINT('Ctrl Pts',(-27.9214435826625,-8.20000000002932,25.0451323448736));
#4766=CARTESIAN_POINT('Ctrl Pts',(-27.6669290744318,-7.34185706596634,24.1964355750928));
#4767=CARTESIAN_POINT('Ctrl Pts',(-27.7881716550949,-6.42178675003519,23.297989681116));
#4768=CARTESIAN_POINT('Ctrl Pts',(-28.2363544068053,-5.67951544390439,22.4222711215372));
#4769=CARTESIAN_POINT('Ctrl Pts',(-28.9263316024766,-5.68905852929478,22.7444401750485));
#4770=CARTESIAN_POINT('Ctrl Pts',(-28.5163245425783,-6.32352539966005,23.5659224399988));
#4771=CARTESIAN_POINT('Ctrl Pts',(-28.3994575203237,-7.10996848191754,24.3949037878861));
#4772=CARTESIAN_POINT('Ctrl Pts',(-28.6200022185155,-7.84347826089463,25.1747371954738));
#4773=CARTESIAN_POINT('Origin',(-25.7631387622337,4.,23.532795769899));
#4774=CARTESIAN_POINT('',(-31.2717566871497,3.5,19.1047941668133));
#4775=CARTESIAN_POINT('',(-31.5654537948371,3.82608695652174,19.4701655682478));
#4776=CARTESIAN_POINT('Origin',(-31.2717566863091,4.,19.1047941657675));
#4777=CARTESIAN_POINT('',(-33.8509346842752,3.82608695652174,17.6330236237295));
#4778=CARTESIAN_POINT('',(-26.0568358707617,3.82608695652174,23.8981671723792));
#4779=CARTESIAN_POINT('',(-33.5572375757472,3.5,17.2676522212492));
#4780=CARTESIAN_POINT('Origin',(-33.5572375757472,4.,17.2676522212492));
#4781=CARTESIAN_POINT('',(-25.7631387622337,3.5,23.532795769899));
#4782=CARTESIAN_POINT('Ctrl Pts',(-30.4426728569597,4.08953077625539,20.5030481854713));
#4783=CARTESIAN_POINT('Ctrl Pts',(-30.7770066746866,3.91994403268992,20.1471620206279));
#4784=CARTESIAN_POINT('Ctrl Pts',(-31.1602382134767,3.82608695655089,19.7958906900641));
#4785=CARTESIAN_POINT('Ctrl Pts',(-31.5654537948478,3.82608695652174,19.4701655682391));
#4786=CARTESIAN_POINT('Ctrl Pts',(-30.3892874290968,3.99788408818779,20.4988706475909));
#4787=CARTESIAN_POINT('Ctrl Pts',(-30.7338049205723,3.82583090919738,20.1357352931005));
#4788=CARTESIAN_POINT('Ctrl Pts',(-31.1276238137543,3.73017202087068,19.7764728027675));
#4789=CARTESIAN_POINT('Ctrl Pts',(-31.5433796980306,3.73111652610517,19.4427044749037));
#4790=CARTESIAN_POINT('Ctrl Pts',(-30.2419674807477,3.8410410230738,20.4398083106002));
#4791=CARTESIAN_POINT('Ctrl Pts',(-30.6086926557176,3.66147782089402,20.0646490171644));
#4792=CARTESIAN_POINT('Ctrl Pts',(-31.0243649802502,3.56130395233665,19.6902042380242));
#4793=CARTESIAN_POINT('Ctrl Pts',(-31.4619252094602,3.56364211804343,19.3413717077188));
#4794=CARTESIAN_POINT('Ctrl Pts',(-30.0711880310571,3.79729968315682,20.3030152235952));
#4795=CARTESIAN_POINT('Ctrl Pts',(-30.4523773893746,3.60538132309481,19.9239232601171));
#4796=CARTESIAN_POINT('Ctrl Pts',(-30.8826484680772,3.49877014919432,19.5411244079106));
#4797=CARTESIAN_POINT('Ctrl Pts',(-31.3352197146322,3.49999999999942,19.1837448091243));
#4798=CARTESIAN_POINT('Ctrl Pts',(-29.9965310165247,3.80820646009965,20.2283563757442));
#4799=CARTESIAN_POINT('Ctrl Pts',(-30.3806917469319,3.60980465296301,19.849154760402));
#4800=CARTESIAN_POINT('Ctrl Pts',(-30.8150022391172,3.50000000003411,19.4642564746992));
#4801=CARTESIAN_POINT('Ctrl Pts',(-31.2717566862952,3.5,19.104794165775));
#4802=CARTESIAN_POINT('Ctrl Pts',(-31.2717566862952,3.5,19.104794165775));
#4803=CARTESIAN_POINT('Ctrl Pts',(-30.8150022391172,3.50000000003411,19.4642564746992));
#4804=CARTESIAN_POINT('Ctrl Pts',(-30.3806917469319,3.60980465296301,19.849154760402));
#4805=CARTESIAN_POINT('Ctrl Pts',(-29.9965310165247,3.80820646009965,20.2283563757442));
#4806=CARTESIAN_POINT('Ctrl Pts',(-30.4426728569597,4.08953077625539,20.5030481854713));
#4807=CARTESIAN_POINT('Ctrl Pts',(-30.7770066746866,3.91994403268992,20.1471620206279));
#4808=CARTESIAN_POINT('Ctrl Pts',(-31.1602382134767,3.82608695655089,19.7958906900641));
#4809=CARTESIAN_POINT('Ctrl Pts',(-31.5654537948478,3.82608695652174,19.4701655682391));
#4810=CARTESIAN_POINT('Ctrl Pts',(-31.5654537948479,-3.82608695652174,19.4701655682391));
#4811=CARTESIAN_POINT('Ctrl Pts',(-31.1602382134767,-3.82608695655089,19.7958906900642));
#4812=CARTESIAN_POINT('Ctrl Pts',(-30.7770066746866,-3.91994403268992,20.1471620206279));
#4813=CARTESIAN_POINT('Ctrl Pts',(-30.4426728569597,-4.08953077625539,20.5030481854713));
#4814=CARTESIAN_POINT('Ctrl Pts',(-31.5433796980306,-3.73111652610517,19.4427044749037));
#4815=CARTESIAN_POINT('Ctrl Pts',(-31.1276238137542,-3.73017202087068,19.7764728027675));
#4816=CARTESIAN_POINT('Ctrl Pts',(-30.7338049205723,-3.82583090919738,20.1357352931005));
#4817=CARTESIAN_POINT('Ctrl Pts',(-30.3892874290968,-3.99788408818779,20.4988706475909));
#4818=CARTESIAN_POINT('Ctrl Pts',(-31.4619252094602,-3.56364211804343,19.3413717077188));
#4819=CARTESIAN_POINT('Ctrl Pts',(-31.0243649802502,-3.56130395233665,19.6902042380243));
#4820=CARTESIAN_POINT('Ctrl Pts',(-30.6086926557176,-3.66147782089402,20.0646490171644));
#4821=CARTESIAN_POINT('Ctrl Pts',(-30.2419674807478,-3.84104102307379,20.4398083106002));
#4822=CARTESIAN_POINT('Ctrl Pts',(-31.3352197146322,-3.49999999999942,19.1837448091243));
#4823=CARTESIAN_POINT('Ctrl Pts',(-30.8826484680772,-3.49877014919432,19.5411244079106));
#4824=CARTESIAN_POINT('Ctrl Pts',(-30.4523773893746,-3.6053813230948,19.923923260117));
#4825=CARTESIAN_POINT('Ctrl Pts',(-30.0711880310571,-3.79729968315682,20.3030152235952));
#4826=CARTESIAN_POINT('Ctrl Pts',(-31.2717566862952,-3.5,19.104794165775));
#4827=CARTESIAN_POINT('Ctrl Pts',(-30.8150022391171,-3.50000000003411,19.4642564746992));
#4828=CARTESIAN_POINT('Ctrl Pts',(-30.3806917469319,-3.60980465296301,19.849154760402));
#4829=CARTESIAN_POINT('Ctrl Pts',(-29.9965310165247,-3.80820646009965,20.2283563757442));
#4830=CARTESIAN_POINT('Ctrl Pts',(-29.9965310165247,-3.80820646009965,20.2283563757442));
#4831=CARTESIAN_POINT('Ctrl Pts',(-30.3806917469319,-3.60980465296301,19.849154760402));
#4832=CARTESIAN_POINT('Ctrl Pts',(-30.8150022391171,-3.50000000003411,19.4642564746992));
#4833=CARTESIAN_POINT('Ctrl Pts',(-31.2717566862952,-3.5,19.104794165775));
#4834=CARTESIAN_POINT('Ctrl Pts',(-31.5654537948479,-3.82608695652174,19.4701655682391));
#4835=CARTESIAN_POINT('Ctrl Pts',(-31.1602382134767,-3.82608695655089,19.7958906900642));
#4836=CARTESIAN_POINT('Ctrl Pts',(-30.7770066746866,-3.91994403268992,20.1471620206279));
#4837=CARTESIAN_POINT('Ctrl Pts',(-30.4426728569597,-4.08953077625539,20.5030481854713));
#4838=CARTESIAN_POINT('Origin',(-25.9846758163768,-3.5,23.8083970673693));
#4839=CARTESIAN_POINT('',(-35.9266705878366,-3.5,20.2153253088365));
#4840=CARTESIAN_POINT('Ctrl Pts',(-31.2203757771854,-3.5,19.0278317419919));
#4841=CARTESIAN_POINT('Ctrl Pts',(-31.2377392293501,-3.5,19.0533357110844));
#4842=CARTESIAN_POINT('Ctrl Pts',(-31.2548657492975,-3.5,19.0789892228382));
#4843=CARTESIAN_POINT('Ctrl Pts',(-31.2717579273141,-3.5,19.1047933550281));
#4844=CARTESIAN_POINT('Ctrl Pts',(-29.2561296255781,-4.23444146221482,20.6434138395942));
#4845=CARTESIAN_POINT('Ctrl Pts',(-29.2321907832773,-4.22398136323412,20.567085486863));
#4846=CARTESIAN_POINT('Ctrl Pts',(-29.2048183288103,-4.21414637802482,20.4929984565956));
#4847=CARTESIAN_POINT('Ctrl Pts',(-29.173977344592,-4.20485266216733,20.4210478788809));
#4848=CARTESIAN_POINT('Ctrl Pts',(-29.9094297454403,-3.7579830027296,20.2771839888693));
#4849=CARTESIAN_POINT('Ctrl Pts',(-29.8720297217996,-3.75415357182853,20.1839768607608));
#4850=CARTESIAN_POINT('Ctrl Pts',(-29.8304312421468,-3.7504536241533,20.0933715263586));
#4851=CARTESIAN_POINT('Ctrl Pts',(-29.7846557975724,-3.74706414844163,20.0052896073773));
#4852=CARTESIAN_POINT('Ctrl Pts',(-30.682414599168,-3.5,19.843860744335));
#4853=CARTESIAN_POINT('Ctrl Pts',(-30.627055886228,-3.50004017987367,19.7317995255753));
#4854=CARTESIAN_POINT('Ctrl Pts',(-30.5669396426808,-3.49996578197088,19.6228585519235));
#4855=CARTESIAN_POINT('Ctrl Pts',(-30.5019570340696,-3.5,19.5169410816056));
#4856=CARTESIAN_POINT('Ctrl Pts',(-31.4567091995617,-3.5,19.4098032762618));
#4857=CARTESIAN_POINT('Ctrl Pts',(-31.3833133512004,-3.5,19.2788758916236));
#4858=CARTESIAN_POINT('Ctrl Pts',(-31.3046342076731,-3.5,19.1515930992698));
#4859=CARTESIAN_POINT('Ctrl Pts',(-31.2203757771854,-3.5,19.0278317419919));
#4860=CARTESIAN_POINT('Origin',(-31.4567091995489,-8.2,19.4098032762388));
#4861=CARTESIAN_POINT('Ctrl Pts',(-27.7747008074593,-6.57286650452487,22.1421779405511));
#4862=CARTESIAN_POINT('Ctrl Pts',(-27.8418928412272,-6.30660392697944,21.8565501153477));
#4863=CARTESIAN_POINT('Ctrl Pts',(-27.8743415186903,-6.08978165764598,21.6167211770328));
#4864=CARTESIAN_POINT('Ctrl Pts',(-27.8707226207358,-5.92193002664039,21.4200513835753));
#4865=CARTESIAN_POINT('Ctrl Pts',(-28.2064825595978,-5.39561550114779,22.0943091234658));
#4866=CARTESIAN_POINT('Ctrl Pts',(-28.3184430734402,-5.21451619584564,21.7534546130607));
#4867=CARTESIAN_POINT('Ctrl Pts',(-28.3602732503951,-5.07085248557607,21.4348827069813));
#4868=CARTESIAN_POINT('Ctrl Pts',(-28.3348003570265,-4.96184007123012,21.1598966477637));
#4869=CARTESIAN_POINT('Ctrl Pts',(-29.1274663484029,-4.40889373701293,21.9922056781339));
#4870=CARTESIAN_POINT('Ctrl Pts',(-29.2149605489308,-4.32145439519447,21.545678412367));
#4871=CARTESIAN_POINT('Ctrl Pts',(-29.2060222936941,-4.25147539468997,21.1111827556742));
#4872=CARTESIAN_POINT('Ctrl Pts',(-29.1018554235385,-4.1991455715091,20.7298975493875));
#4873=CARTESIAN_POINT('Ctrl Pts',(-30.2681459038016,-3.90144429911523,21.8657460009478));
#4874=CARTESIAN_POINT('Ctrl Pts',(-30.2937953455138,-3.8621922085449,21.2914490484067));
#4875=CARTESIAN_POINT('Ctrl Pts',(-30.2055364753889,-3.8315814652354,20.7266055522149));
#4876=CARTESIAN_POINT('Ctrl Pts',(-29.9965310165127,-3.80820646010108,20.2283563757304));
#4877=CARTESIAN_POINT('Origin',(-32.1572088409151,-8.2,21.6563179559891));
#4878=CARTESIAN_POINT('Ctrl Pts',(-27.628231359957,-7.12475592547164,22.4386589644325));
#4879=CARTESIAN_POINT('Ctrl Pts',(-27.6506089039491,-7.01783864336484,22.3363151151792));
#4880=CARTESIAN_POINT('Ctrl Pts',(-27.6716197198293,-6.91742660573836,22.2408876404165));
#4881=CARTESIAN_POINT('Ctrl Pts',(-27.6907354171083,-6.82325632927843,22.151486633872));
#4882=CARTESIAN_POINT('Ctrl Pts',(-27.7637108366248,-6.5480576602592,22.4350080316309));
#4883=CARTESIAN_POINT('Ctrl Pts',(-27.7971231944737,-6.45436669912716,22.3288525503492));
#4884=CARTESIAN_POINT('Ctrl Pts',(-27.8275469205394,-6.36678114263355,22.2285160635582));
#4885=CARTESIAN_POINT('Ctrl Pts',(-27.8546548691247,-6.28492778474043,22.1333139569897));
#4886=CARTESIAN_POINT('Ctrl Pts',(-28.0094196375302,-5.99747951637851,22.4283866130741));
#4887=CARTESIAN_POINT('Ctrl Pts',(-28.0492721340718,-5.91865949009687,22.3156713950008));
#4888=CARTESIAN_POINT('Ctrl Pts',(-28.0847828144504,-5.84519636631295,22.2078352851385));
#4889=CARTESIAN_POINT('Ctrl Pts',(-28.1156931184075,-5.77669779368149,22.1043743546436));
#4890=CARTESIAN_POINT('Ctrl Pts',(-28.3481602245606,-5.51155730768103,22.419258152064));
#4891=CARTESIAN_POINT('Ctrl Pts',(-28.389995532463,-5.4468917552728,22.2976788994732));
#4892=CARTESIAN_POINT('Ctrl Pts',(-28.4264969735917,-5.38675677718735,22.1802141677856));
#4893=CARTESIAN_POINT('Ctrl Pts',(-28.4573136305002,-5.33076226142254,22.0665011241864));
#4894=CARTESIAN_POINT('Origin',(-32.2019234020295,-8.2,22.3154060355632));
#4895=CARTESIAN_POINT('Origin',(-37.5,-8.2,22.1726322213083));
#4896=CARTESIAN_POINT('Origin',(-37.5,-8.2,22.1726322213083));
#4897=CARTESIAN_POINT('Origin',(-37.5,6.5,22.1726322213083));
#4898=CARTESIAN_POINT('',(-29.7058978376272,6.5,28.4377716038356));
#4899=CARTESIAN_POINT('Origin',(-41.915876332824,0.,43.6275086521993));
#4900=CARTESIAN_POINT('',(-41.915876332824,0.,43.6275086521993));
#4901=CARTESIAN_POINT('',(-29.7058978376272,6.5,28.4377716038356));
#4902=CARTESIAN_POINT('Origin',(-37.5,6.5,22.1726322213083));
#4903=CARTESIAN_POINT('Origin',(-37.5,8.2,22.1726322213083));
#4904=CARTESIAN_POINT('Origin',(-37.5,8.2,22.1726322213083));
#4905=CARTESIAN_POINT('Origin',(-32.2019234020295,8.2,22.3154060355632));
#4906=CARTESIAN_POINT('Ctrl Pts',(-27.6907354171083,6.82325632927844,22.151486633872));
#4907=CARTESIAN_POINT('Ctrl Pts',(-27.6716197101726,6.91742665331071,22.2408876855796));
#4908=CARTESIAN_POINT('Ctrl Pts',(-27.6506089130391,7.01783859993386,22.336315073606));
#4909=CARTESIAN_POINT('Ctrl Pts',(-27.628231359957,7.12475592547164,22.4386589644325));
#4910=CARTESIAN_POINT('Ctrl Pts',(-27.8546548691247,6.28492778474043,22.1333139569897));
#4911=CARTESIAN_POINT('Ctrl Pts',(-27.8275469068452,6.36678118398371,22.2285161116518));
#4912=CARTESIAN_POINT('Ctrl Pts',(-27.7971232080461,6.45436666106886,22.3288525072276));
#4913=CARTESIAN_POINT('Ctrl Pts',(-27.7637108366248,6.54805766025919,22.4350080316309));
#4914=CARTESIAN_POINT('Ctrl Pts',(-28.1156931184075,5.77669779368148,22.1043743546436));
#4915=CARTESIAN_POINT('Ctrl Pts',(-28.0847827988353,5.84519640091662,22.2078353374042));
#4916=CARTESIAN_POINT('Ctrl Pts',(-28.0492721502604,5.9186594580793,22.3156713492146));
#4917=CARTESIAN_POINT('Ctrl Pts',(-28.0094196375302,5.99747951637849,22.4283866130741));
#4918=CARTESIAN_POINT('Ctrl Pts',(-28.4573136305003,5.33076226142253,22.0665011241864));
#4919=CARTESIAN_POINT('Ctrl Pts',(-28.4264969580239,5.3867568054743,22.1802142252304));
#4920=CARTESIAN_POINT('Ctrl Pts',(-28.389995549457,5.44689172900493,22.2976788500864));
#4921=CARTESIAN_POINT('Ctrl Pts',(-28.3481602245606,5.51155730768102,22.419258152064));
#4922=CARTESIAN_POINT('Origin',(-32.1572088409151,8.2,21.6563179559891));
#4923=CARTESIAN_POINT('Ctrl Pts',(-27.8707226207358,5.92193002664038,21.4200513835753));
#4924=CARTESIAN_POINT('Ctrl Pts',(-27.8743415186902,6.0897816576462,21.616721177033));
#4925=CARTESIAN_POINT('Ctrl Pts',(-27.8418928412272,6.30660392697944,21.8565501153477));
#4926=CARTESIAN_POINT('Ctrl Pts',(-27.7747008074593,6.57286650452486,22.1421779405511));
#4927=CARTESIAN_POINT('Ctrl Pts',(-28.3348003570265,4.96184007123012,21.1598966477637));
#4928=CARTESIAN_POINT('Ctrl Pts',(-28.360273250395,5.07085248557622,21.4348827069815));
#4929=CARTESIAN_POINT('Ctrl Pts',(-28.3184430734402,5.21451619584564,21.7534546130608));
#4930=CARTESIAN_POINT('Ctrl Pts',(-28.2064825595978,5.39561550114779,22.0943091234658));
#4931=CARTESIAN_POINT('Ctrl Pts',(-29.1018554235385,4.1991455715091,20.7298975493875));
#4932=CARTESIAN_POINT('Ctrl Pts',(-29.206022293694,4.25147539469005,21.1111827556744));
#4933=CARTESIAN_POINT('Ctrl Pts',(-29.2149605489308,4.32145439519447,21.545678412367));
#4934=CARTESIAN_POINT('Ctrl Pts',(-29.1274663484029,4.40889373701293,21.9922056781339));
#4935=CARTESIAN_POINT('Ctrl Pts',(-29.9965310165127,3.80820646010108,20.2283563757304));
#4936=CARTESIAN_POINT('Ctrl Pts',(-30.2055364753888,3.83158146523543,20.726605552215));
#4937=CARTESIAN_POINT('Ctrl Pts',(-30.2937953455138,3.86219220854491,21.2914490484067));
#4938=CARTESIAN_POINT('Ctrl Pts',(-30.2681459038016,3.90144429911523,21.8657460009478));
#4939=CARTESIAN_POINT('Origin',(-31.4567091995489,8.2,19.4098032762388));
#4940=CARTESIAN_POINT('Ctrl Pts',(-29.173977344592,4.20485266216732,20.4210478788808));
#4941=CARTESIAN_POINT('Ctrl Pts',(-29.2048183288103,4.21414637802481,20.4929984565956));
#4942=CARTESIAN_POINT('Ctrl Pts',(-29.2321907832774,4.2239813632341,20.567085486863));
#4943=CARTESIAN_POINT('Ctrl Pts',(-29.2561296255782,4.23444146221481,20.6434138395942));
#4944=CARTESIAN_POINT('Ctrl Pts',(-29.7846557975724,3.74706414844163,20.0052896073772));
#4945=CARTESIAN_POINT('Ctrl Pts',(-29.8304312421468,3.75045362415329,20.0933715263586));
#4946=CARTESIAN_POINT('Ctrl Pts',(-29.8720297217996,3.75415357182852,20.1839768607608));
#4947=CARTESIAN_POINT('Ctrl Pts',(-29.9094297454403,3.75798300272959,20.2771839888693));
#4948=CARTESIAN_POINT('Ctrl Pts',(-30.5019570340696,3.5,19.5169410816056));
#4949=CARTESIAN_POINT('Ctrl Pts',(-30.5669396426809,3.49996578197088,19.6228585519235));
#4950=CARTESIAN_POINT('Ctrl Pts',(-30.627055886228,3.50004017987367,19.7317995255753));
#4951=CARTESIAN_POINT('Ctrl Pts',(-30.682414599168,3.5,19.843860744335));
#4952=CARTESIAN_POINT('Ctrl Pts',(-31.2203757771854,3.5,19.0278317419919));
#4953=CARTESIAN_POINT('Ctrl Pts',(-31.3046342076731,3.5,19.1515930992698));
#4954=CARTESIAN_POINT('Ctrl Pts',(-31.3833133512004,3.5,19.2788758916236));
#4955=CARTESIAN_POINT('Ctrl Pts',(-31.4567091995617,3.5,19.4098032762618));
#4956=CARTESIAN_POINT('Ctrl Pts',(-31.2717579273141,3.5,19.1047933550281));
#4957=CARTESIAN_POINT('Ctrl Pts',(-31.2548657492975,3.5,19.0789892228382));
#4958=CARTESIAN_POINT('Ctrl Pts',(-31.2377392293501,3.5,19.0533357110844));
#4959=CARTESIAN_POINT('Ctrl Pts',(-31.2203757771854,3.5,19.0278317419919));
#4960=CARTESIAN_POINT('Origin',(-24.9999999999982,3.5,22.5834194507295));
#4961=CARTESIAN_POINT('',(-32.7940988135117,3.5,16.3182759020797));
#4962=CARTESIAN_POINT('Origin',(25.7631387622337,4.,23.532795769899));
#4963=CARTESIAN_POINT('',(31.565460285607,3.82608695652174,19.4701603507613));
#4964=CARTESIAN_POINT('Origin',(31.271763177079,4.,19.104788948281));
#4965=CARTESIAN_POINT('',(33.8509346842752,3.82608695652174,17.6330236237295));
#4966=CARTESIAN_POINT('Origin',(33.5572375757472,4.,17.2676522212492));
#4967=CARTESIAN_POINT('',(26.0568358707617,3.82608695652174,23.8981671723792));
#4968=CARTESIAN_POINT('Ctrl Pts',(30.4426863591478,4.08952688929947,20.5030353347674));
#4969=CARTESIAN_POINT('Ctrl Pts',(29.8687189123513,4.38066198084375,21.1140011189019));
#4970=CARTESIAN_POINT('Ctrl Pts',(29.4648329537637,4.89238039712915,21.7289170501304));
#4971=CARTESIAN_POINT('Ctrl Pts',(29.1239912685605,5.39093889376358,22.362536091268));
#4972=CARTESIAN_POINT('Ctrl Pts',(30.3893011425699,3.99788005283659,20.4988576027366));
#4973=CARTESIAN_POINT('Ctrl Pts',(29.7978485754543,4.29324791255512,21.1222699187828));
#4974=CARTESIAN_POINT('Ctrl Pts',(29.3765040915427,4.80915953275206,21.7469058134351));
#4975=CARTESIAN_POINT('Ctrl Pts',(29.0213325466616,5.30237349808853,22.3811689722368));
#4976=CARTESIAN_POINT('Ctrl Pts',(30.2420023483691,3.84093658666353,20.4398636332564));
#4977=CARTESIAN_POINT('Ctrl Pts',(29.6124281661253,4.14920000436592,21.0839146173662));
#4978=CARTESIAN_POINT('Ctrl Pts',(29.1477615824698,4.68195899416775,21.7182801750243));
#4979=CARTESIAN_POINT('Ctrl Pts',(28.7520393504391,5.18453911790043,22.3373199332146));
#4980=CARTESIAN_POINT('Ctrl Pts',(30.0712023477869,3.79729516945496,20.3030014350877));
#4981=CARTESIAN_POINT('Ctrl Pts',(29.4167962425547,4.12676623492322,20.9538072460487));
#4982=CARTESIAN_POINT('Ctrl Pts',(28.9268000677426,4.7020803477295,21.5714056855337));
#4983=CARTESIAN_POINT('Ctrl Pts',(28.5245453503329,5.25751510263028,22.1605503360617));
#4984=CARTESIAN_POINT('Ctrl Pts',(29.9965453813698,3.80820191269775,20.228342492255));
#4985=CARTESIAN_POINT('Ctrl Pts',(29.3370376874236,4.14880476330315,20.8793348434436));
#4986=CARTESIAN_POINT('Ctrl Pts',(28.8453227483081,4.74747100573226,21.4862010772956));
#4987=CARTESIAN_POINT('Ctrl Pts',(28.457328926129,5.33074128155675,22.0664774612079));
#4988=CARTESIAN_POINT('',(29.1239912685605,5.39093889376358,22.362536091268));
#4989=CARTESIAN_POINT('',(28.457328926129,5.33074128155674,22.0664774612079));
#4990=CARTESIAN_POINT('Origin',(28.8509329908873,5.63598157075284,22.0228402516584));
#4991=CARTESIAN_POINT('Ctrl Pts',(28.457328926129,5.33074128155675,22.0664774612079));
#4992=CARTESIAN_POINT('Ctrl Pts',(28.8453227483081,4.74747100573226,21.4862010772956));
#4993=CARTESIAN_POINT('Ctrl Pts',(29.3370376874236,4.14880476330315,20.8793348434436));
#4994=CARTESIAN_POINT('Ctrl Pts',(29.9965453813698,3.80820191269775,20.228342492255));
#4995=CARTESIAN_POINT('',(30.4426863591478,4.08952688929947,20.5030353347674));
#4996=CARTESIAN_POINT('Origin',(30.1518825789611,4.27541447517672,20.1412633529256));
#4997=CARTESIAN_POINT('Ctrl Pts',(30.4426863591478,4.08952688929947,20.5030353347674));
#4998=CARTESIAN_POINT('Ctrl Pts',(29.8687189123513,4.38066198084375,21.1140011189019));
#4999=CARTESIAN_POINT('Ctrl Pts',(29.4648329537637,4.89238039712915,21.7289170501304));
#5000=CARTESIAN_POINT('Ctrl Pts',(29.1239912685605,5.39093889376358,22.362536091268));
#5001=CARTESIAN_POINT('Ctrl Pts',(29.1239912685605,5.39093889376358,22.362536091268));
#5002=CARTESIAN_POINT('Ctrl Pts',(29.0560518824631,5.49031570025608,22.4888342834885));
#5003=CARTESIAN_POINT('Ctrl Pts',(28.9903998853656,5.58991730401816,22.6160755439352));
#5004=CARTESIAN_POINT('Ctrl Pts',(28.9263395980044,5.68904696364208,22.7444247810892));
#5005=CARTESIAN_POINT('Ctrl Pts',(29.0653291417611,5.34033009623498,22.3731834518216));
#5006=CARTESIAN_POINT('Ctrl Pts',(28.9957708182097,5.43936720669908,22.4996602440341));
#5007=CARTESIAN_POINT('Ctrl Pts',(28.9285692422548,5.53859766147627,22.6269338044972));
#5008=CARTESIAN_POINT('Ctrl Pts',(28.8630306250803,5.63734899025121,22.755232931667));
#5009=CARTESIAN_POINT('Ctrl Pts',(28.9278011387844,5.25768573316488,22.3689855842799));
#5010=CARTESIAN_POINT('Ctrl Pts',(28.854359670359,5.35709651370302,22.4949932234035));
#5011=CARTESIAN_POINT('Ctrl Pts',(28.7834713338864,5.45666640466736,22.6215480054811));
#5012=CARTESIAN_POINT('Ctrl Pts',(28.7143767934397,5.55578470022886,22.7489766908804));
#5013=CARTESIAN_POINT('Ctrl Pts',(28.6671798783914,5.20774857852287,22.2746309244499));
#5014=CARTESIAN_POINT('Ctrl Pts',(28.5879966956395,5.31240422358703,22.3972093193358));
#5015=CARTESIAN_POINT('Ctrl Pts',(28.5117313124281,5.41728424510491,22.5200464542404));
#5016=CARTESIAN_POINT('Ctrl Pts',(28.4377600988731,5.52183198387576,22.6437462916109));
#5017=CARTESIAN_POINT('Ctrl Pts',(28.5149430040181,5.26797598533405,22.1471113539398));
#5018=CARTESIAN_POINT('Ctrl Pts',(28.4356098258645,5.37986309438135,22.2662286364008));
#5019=CARTESIAN_POINT('Ctrl Pts',(28.3598570860422,5.49214649112893,22.3856914201181));
#5020=CARTESIAN_POINT('Ctrl Pts',(28.2866391400654,5.60396417823865,22.5062842207313));
#5021=CARTESIAN_POINT('Ctrl Pts',(28.457328926129,5.33074128155674,22.0664774612079));
#5022=CARTESIAN_POINT('Ctrl Pts',(28.3802239294488,5.44700354110046,22.1842458903143));
#5023=CARTESIAN_POINT('Ctrl Pts',(28.306849461774,5.56352879398661,22.3025534235717));
#5024=CARTESIAN_POINT('Ctrl Pts',(28.2363631231217,5.67950191309208,22.422255662263));
#5025=CARTESIAN_POINT('',(28.9263395980044,5.68904696364208,22.7444247810892));
#5026=CARTESIAN_POINT('',(28.2363631231217,5.67950191309208,22.422255662263));
#5027=CARTESIAN_POINT('Origin',(28.6582312453492,5.94764000744399,22.4108868538099));
#5028=CARTESIAN_POINT('Ctrl Pts',(28.2363631231217,5.67950191309208,22.422255662263));
#5029=CARTESIAN_POINT('Ctrl Pts',(28.306849461774,5.56352879398661,22.3025534235717));
#5030=CARTESIAN_POINT('Ctrl Pts',(28.3802239294488,5.44700354110046,22.1842458903143));
#5031=CARTESIAN_POINT('Ctrl Pts',(28.457328926129,5.33074128155674,22.0664774612079));
#5032=CARTESIAN_POINT('Ctrl Pts',(29.1239912685605,5.39093889376358,22.362536091268));
#5033=CARTESIAN_POINT('Ctrl Pts',(29.0560518824631,5.49031570025608,22.4888342834885));
#5034=CARTESIAN_POINT('Ctrl Pts',(28.9903998853656,5.58991730401816,22.6160755439352));
#5035=CARTESIAN_POINT('Ctrl Pts',(28.9263395980044,5.68904696364208,22.7444247810892));
#5036=CARTESIAN_POINT('Ctrl Pts',(28.9263395980044,5.68904696364207,22.7444247810892));
#5037=CARTESIAN_POINT('Ctrl Pts',(28.5163282270208,6.32351629435869,23.5659110537551));
#5038=CARTESIAN_POINT('Ctrl Pts',(28.3994598190978,7.10996436076323,24.3948965625995));
#5039=CARTESIAN_POINT('Ctrl Pts',(28.620006996082,7.84347826091363,25.1747333551393));
#5040=CARTESIAN_POINT('Ctrl Pts',(28.8630306250803,5.63734899025121,22.755232931667));
#5041=CARTESIAN_POINT('Ctrl Pts',(28.4444380242592,6.28166435371517,23.5851546596666));
#5042=CARTESIAN_POINT('Ctrl Pts',(28.3229559953499,7.08167117308417,24.4236929115685));
#5043=CARTESIAN_POINT('Ctrl Pts',(28.5436183191333,7.82641441149142,25.2138713696583));
#5044=CARTESIAN_POINT('Ctrl Pts',(28.7143778194239,5.55578646600077,22.7489757786338));
#5045=CARTESIAN_POINT('Ctrl Pts',(28.2787417127927,6.22300216698506,23.5958222893514));
#5046=CARTESIAN_POINT('Ctrl Pts',(28.1488426537895,7.05379986525641,24.4542841299212));
#5047=CARTESIAN_POINT('Ctrl Pts',(28.370642009487,7.82595982227991,25.2661776965934));
#5048=CARTESIAN_POINT('Ctrl Pts',(28.4377627092535,5.52183522684782,22.643744963209));
#5049=CARTESIAN_POINT('Ctrl Pts',(27.9818685858509,6.23200758449213,23.5135763761396));
#5050=CARTESIAN_POINT('Ctrl Pts',(27.8455706174336,7.11770162208985,24.4015476113576));
#5051=CARTESIAN_POINT('Ctrl Pts',(28.0760723596256,7.94234879578567,25.2438164322582));
#5052=CARTESIAN_POINT('Ctrl Pts',(28.2866391400653,5.60396417823865,22.5062842207313));
#5053=CARTESIAN_POINT('Ctrl Pts',(27.8314790225331,6.33836713998573,23.3823758094801));
#5054=CARTESIAN_POINT('Ctrl Pts',(27.702416745937,7.25106374238541,24.2798848481718));
#5055=CARTESIAN_POINT('Ctrl Pts',(27.9468424491942,8.10296454075749,25.1298063655149));
#5056=CARTESIAN_POINT('Ctrl Pts',(28.2363631231217,5.67950191309208,22.422255662263));
#5057=CARTESIAN_POINT('Ctrl Pts',(27.7881755232682,6.42177609762095,23.2979784094153));
#5058=CARTESIAN_POINT('Ctrl Pts',(27.6669313685539,7.3418522445726,24.1964288538278));
#5059=CARTESIAN_POINT('Ctrl Pts',(27.9214486116805,8.20000000005155,25.0451293430181));
#5060=CARTESIAN_POINT('',(28.620006996082,7.84347826091363,25.1747333551393));
#5061=CARTESIAN_POINT('',(27.9214486116805,8.20000000002577,25.0451293430181));
#5062=CARTESIAN_POINT('Origin',(28.4003761810965,8.20000000004607,24.9015034983615));
#5063=CARTESIAN_POINT('Ctrl Pts',(27.9214486116805,8.20000000005155,25.0451293430181));
#5064=CARTESIAN_POINT('Ctrl Pts',(27.6669313685539,7.3418522445726,24.1964288538278));
#5065=CARTESIAN_POINT('Ctrl Pts',(27.7881755232682,6.42177609762095,23.2979784094153));
#5066=CARTESIAN_POINT('Ctrl Pts',(28.2363631231217,5.67950191309208,22.422255662263));
#5067=CARTESIAN_POINT('Ctrl Pts',(28.9263395980044,5.68904696364207,22.7444247810892));
#5068=CARTESIAN_POINT('Ctrl Pts',(28.5163282270208,6.32351629435869,23.5659110537551));
#5069=CARTESIAN_POINT('Ctrl Pts',(28.3994598190978,7.10996436076323,24.3948965625995));
#5070=CARTESIAN_POINT('Ctrl Pts',(28.620006996082,7.84347826091363,25.1747333551393));
#5071=CARTESIAN_POINT('Ctrl Pts',(28.6200069960807,7.84347826090935,25.1747333551347));
#5072=CARTESIAN_POINT('Ctrl Pts',(28.9037231642105,8.78708477573134,26.177930537618));
#5073=CARTESIAN_POINT('Ctrl Pts',(29.4096812429417,9.58054053275717,27.2711797734643));
#5074=CARTESIAN_POINT('Ctrl Pts',(30.2178787824618,10.1274403785925,28.2766110832091));
#5075=CARTESIAN_POINT('Ctrl Pts',(28.5436183191322,7.82641441148674,25.2138713696531));
#5076=CARTESIAN_POINT('Ctrl Pts',(28.8316494761203,8.77643953618977,26.216475826886));
#5077=CARTESIAN_POINT('Ctrl Pts',(29.3436879779994,9.57671812706935,27.3126908622434));
#5078=CARTESIAN_POINT('Ctrl Pts',(30.1595790596668,10.1274403785925,28.3234742473665));
#5079=CARTESIAN_POINT('Ctrl Pts',(28.3706446055536,7.8259615680092,25.2661752576471));
#5080=CARTESIAN_POINT('Ctrl Pts',(28.6723884962876,8.78866850940544,26.274055733228));
#5081=CARTESIAN_POINT('Ctrl Pts',(29.2004581250679,9.60116061644509,27.3812306135758));
#5082=CARTESIAN_POINT('Ctrl Pts',(30.0348276409853,10.1589473052672,28.4066153386363));
#5083=CARTESIAN_POINT('Ctrl Pts',(28.0760784182873,7.94235131912867,25.2438122153055));
#5084=CARTESIAN_POINT('Ctrl Pts',(28.4037681071716,8.92093136379922,26.2835681988648));
#5085=CARTESIAN_POINT('Ctrl Pts',(28.961793833177,9.74642490232738,27.4260918349037));
#5086=CARTESIAN_POINT('Ctrl Pts',(29.8300206744538,10.3129508596305,28.4874761249475));
#5087=CARTESIAN_POINT('Ctrl Pts',(27.9468424491935,8.10296454074779,25.1298063655092));
#5088=CARTESIAN_POINT('Ctrl Pts',(28.2798941132686,9.08662821482625,26.2043605878768));
#5089=CARTESIAN_POINT('Ctrl Pts',(28.8482010668183,9.91463817942517,27.3808017711937));
#5090=CARTESIAN_POINT('Ctrl Pts',(29.7333391061739,10.4844789273173,28.4718899103332));
#5091=CARTESIAN_POINT('Ctrl Pts',(27.921448611679,8.20000000004159,25.0451293430131));
#5092=CARTESIAN_POINT('Ctrl Pts',(28.2488645320745,9.18649772008275,26.1369141211524));
#5093=CARTESIAN_POINT('Ctrl Pts',(28.816497195627,10.0160196478825,27.3313004902052));
#5094=CARTESIAN_POINT('Ctrl Pts',(29.7059011864865,10.5877785776195,28.4377559985369));
#5095=CARTESIAN_POINT('',(30.2178787824618,10.1274403785925,28.2766110832091));
#5096=CARTESIAN_POINT('',(29.7059011864865,10.5877785776195,28.4377559985369));
#5097=CARTESIAN_POINT('Origin',(30.0956061271621,10.5877785776195,28.1244988211044));
#5098=CARTESIAN_POINT('Ctrl Pts',(29.7059011864865,10.5877785776195,28.4377559985369));
#5099=CARTESIAN_POINT('Ctrl Pts',(28.816497195627,10.0160196478825,27.3313004902052));
#5100=CARTESIAN_POINT('Ctrl Pts',(28.2488645320745,9.18649772008275,26.1369141211524));
#5101=CARTESIAN_POINT('Ctrl Pts',(27.921448611679,8.20000000004159,25.0451293430131));
#5102=CARTESIAN_POINT('Ctrl Pts',(28.6200069960807,7.84347826090935,25.1747333551347));
#5103=CARTESIAN_POINT('Ctrl Pts',(28.9037231642105,8.78708477573134,26.177930537618));
#5104=CARTESIAN_POINT('Ctrl Pts',(29.4096812429417,9.58054053275717,27.2711797734643));
#5105=CARTESIAN_POINT('Ctrl Pts',(30.2178787824618,10.1274403785925,28.2766110832091));
#5106=CARTESIAN_POINT('Origin',(32.9078771990536,0.,31.6230808495132));
#5107=CARTESIAN_POINT('',(39.2967835018115,4.12433532400096,39.5711456699445));
#5108=CARTESIAN_POINT('',(39.1974833930794,4.31180511145555,40.2456785210329));
#5109=CARTESIAN_POINT('Origin',(39.5871883337551,4.31180511145555,39.9324213436004));
#5110=CARTESIAN_POINT('Origin',(32.5181722583779,0.,31.9363380269457));
#5111=CARTESIAN_POINT('Origin',(32.9078771990536,0.,31.6230808495132));
#5112=CARTESIAN_POINT('Ctrl Pts',(39.4792151037331,3.99946657680902,40.5961644715438));
#5113=CARTESIAN_POINT('Ctrl Pts',(39.2743317361026,4.0085242487811,40.3412810518491));
#5114=CARTESIAN_POINT('Ctrl Pts',(39.1974833930794,4.31180511145555,40.2456785210329));
#5115=CARTESIAN_POINT('Ctrl Pts',(39.4705419824433,3.49965825470789,40.5853747483987));
#5116=CARTESIAN_POINT('Ctrl Pts',(39.0607752471822,3.51777359865206,40.0756079090093));
#5117=CARTESIAN_POINT('Ctrl Pts',(38.9070785611358,4.12433532400096,39.884402847377));
#5118=CARTESIAN_POINT('Ctrl Pts',(39.860246923119,3.49965825470788,40.2721175709662));
#5119=CARTESIAN_POINT('Ctrl Pts',(39.4504801878579,3.51777359865206,39.7623507315768));
#5120=CARTESIAN_POINT('Ctrl Pts',(39.2967835018115,4.12433532400096,39.5711456699445));
#5121=CARTESIAN_POINT('',(39.860246923119,3.49965825470789,40.2721175709662));
#5122=CARTESIAN_POINT('',(39.4792151037331,3.99946657680901,40.5961644715438));
#5123=CARTESIAN_POINT('Origin',(39.8689200444088,3.99946657680901,40.2829072941113));
#5124=CARTESIAN_POINT('Origin',(39.4878882250229,4.49927489891014,40.6069541946889));
#5125=CARTESIAN_POINT('Origin',(39.8775931656986,4.49927489891014,40.2936970172564));
#5126=CARTESIAN_POINT('Origin',(39.7995350740903,0.001,40.1965895089503));
#5127=CARTESIAN_POINT('',(39.8606454602265,-3.49764057794021,40.2726133676821));
#5128=CARTESIAN_POINT('',(39.4796705747131,-3.99744637478881,40.596731096362));
#5129=CARTESIAN_POINT('Origin',(39.8693755153888,-3.99744637478881,40.2834739189295));
#5130=CARTESIAN_POINT('',(41.9158875813525,0.001,43.627486247216));
#5131=CARTESIAN_POINT('Origin',(39.4098301334147,0.001,40.5098466863828));
#5132=CARTESIAN_POINT('Origin',(39.4098301334147,0.001,40.5098466863828));
#5133=CARTESIAN_POINT('Origin',(39.7995350740903,0.001,40.1965895089503));
#5134=CARTESIAN_POINT('Ctrl Pts',(39.1979744477297,-4.30986666448585,40.2462894134151));
#5135=CARTESIAN_POINT('Ctrl Pts',(39.2747882422439,-4.00656350497944,40.341848964451));
#5136=CARTESIAN_POINT('Ctrl Pts',(39.4796705747131,-3.9974463747888,40.596731096362));
#5137=CARTESIAN_POINT('Ctrl Pts',(38.9075482655839,-4.12248115733429,39.8849871792208));
#5138=CARTESIAN_POINT('Ctrl Pts',(39.0611758546124,-3.51587483832147,40.0761062812926));
#5139=CARTESIAN_POINT('Ctrl Pts',(39.4709405195508,-3.4976405779402,40.5858705451146));
#5140=CARTESIAN_POINT('Ctrl Pts',(39.2972532062596,-4.1224811573343,39.5717300017883));
#5141=CARTESIAN_POINT('Ctrl Pts',(39.450880795288,-3.51587483832148,39.7628491038601));
#5142=CARTESIAN_POINT('Ctrl Pts',(39.8606454602265,-3.49764057794021,40.2726133676821));
#5143=CARTESIAN_POINT('',(39.2972532062596,-4.12248115733429,39.5717300017883));
#5144=CARTESIAN_POINT('',(39.1979744477297,-4.30986666448585,40.2462894134151));
#5145=CARTESIAN_POINT('Origin',(39.5876793884053,-4.30986666448585,39.9330322359826));
#5146=CARTESIAN_POINT('Origin',(39.4884006298754,-4.49725217163741,40.6075916476094));
#5147=CARTESIAN_POINT('Origin',(39.8781055705511,-4.49725217163741,40.2943344701769));
#5148=CARTESIAN_POINT('Ctrl Pts',(30.2178787824618,-10.1274403785925,28.2766110832091));
#5149=CARTESIAN_POINT('Ctrl Pts',(29.4096811017952,-9.58054043724464,27.2711795978722));
#5150=CARTESIAN_POINT('Ctrl Pts',(28.90372321376,-8.78708494052673,26.1779307128207));
#5151=CARTESIAN_POINT('Ctrl Pts',(28.6200069960809,-7.84347826091005,25.1747333551355));
#5152=CARTESIAN_POINT('Ctrl Pts',(30.1595790596668,-10.1274403785925,28.3234742473665));
#5153=CARTESIAN_POINT('Ctrl Pts',(29.3436878355093,-9.57671803088927,27.3126906857166));
#5154=CARTESIAN_POINT('Ctrl Pts',(28.8316495264234,-8.77643970210614,26.2164760019852));
#5155=CARTESIAN_POINT('Ctrl Pts',(28.5436183191324,-7.82641441148744,25.2138713696538));
#5156=CARTESIAN_POINT('Ctrl Pts',(30.0348276409853,-10.1589473052672,28.4066153386363));
#5157=CARTESIAN_POINT('Ctrl Pts',(29.2004579793506,-9.60116051903125,27.381230434499));
#5158=CARTESIAN_POINT('Ctrl Pts',(28.6723885489856,-8.78866867753663,26.2740559092486));
#5159=CARTESIAN_POINT('Ctrl Pts',(28.3706446055539,-7.82596156800992,25.2661752576479));
#5160=CARTESIAN_POINT('Ctrl Pts',(29.8300206744538,-10.3129508596305,28.4874761249475));
#5161=CARTESIAN_POINT('Ctrl Pts',(28.9617936815468,-9.74642480338727,27.4260916495398));
#5162=CARTESIAN_POINT('Ctrl Pts',(28.4037681644009,-8.92093153470257,26.2835683804523));
#5163=CARTESIAN_POINT('Ctrl Pts',(28.0760784182876,-7.9423513191294,25.2438122153063));
#5164=CARTESIAN_POINT('Ctrl Pts',(29.7333391061739,-10.4844789273173,28.4718899103332));
#5165=CARTESIAN_POINT('Ctrl Pts',(28.8482009122346,-9.91463807990615,27.3808015806421));
#5166=CARTESIAN_POINT('Ctrl Pts',(28.2798941714343,-9.08662838661742,26.2043607755417));
#5167=CARTESIAN_POINT('Ctrl Pts',(27.9468424491938,-8.10296454074853,25.12980636551));
#5168=CARTESIAN_POINT('Ctrl Pts',(29.7059011864865,-10.5877785776195,28.4377559985369));
#5169=CARTESIAN_POINT('Ctrl Pts',(28.8164970402983,-10.0160195480285,27.3313002969699));
#5170=CARTESIAN_POINT('Ctrl Pts',(28.248864589256,-9.18649789236886,26.1369143118264));
#5171=CARTESIAN_POINT('Ctrl Pts',(27.9214486116793,-8.20000000004233,25.0451293430139));
#5172=CARTESIAN_POINT('',(28.6200069960809,-7.84347826091005,25.1747333551355));
#5173=CARTESIAN_POINT('',(27.9214486116792,-8.20000000002117,25.0451293430139));
#5174=CARTESIAN_POINT('Origin',(28.4003761810953,-8.20000000004233,24.9015034983576));
#5175=CARTESIAN_POINT('',(29.7059011864865,-10.5877785776195,28.4377559985369));
#5176=CARTESIAN_POINT('Ctrl Pts',(27.9214486116793,-8.20000000004233,25.0451293430139));
#5177=CARTESIAN_POINT('Ctrl Pts',(28.248864589256,-9.18649789236886,26.1369143118264));
#5178=CARTESIAN_POINT('Ctrl Pts',(28.8164970402983,-10.0160195480285,27.3313002969699));
#5179=CARTESIAN_POINT('Ctrl Pts',(29.7059011864865,-10.5877785776195,28.4377559985369));
#5180=CARTESIAN_POINT('',(30.2178787824618,-10.1274403785925,28.2766110832091));
#5181=CARTESIAN_POINT('Origin',(30.0956061271621,-10.5877785776195,28.1244988211044));
#5182=CARTESIAN_POINT('Ctrl Pts',(30.2178787824618,-10.1274403785925,28.2766110832091));
#5183=CARTESIAN_POINT('Ctrl Pts',(29.4096811017952,-9.58054043724464,27.2711795978722));
#5184=CARTESIAN_POINT('Ctrl Pts',(28.90372321376,-8.78708494052673,26.1779307128207));
#5185=CARTESIAN_POINT('Ctrl Pts',(28.6200069960809,-7.84347826091005,25.1747333551355));
#5186=CARTESIAN_POINT('Ctrl Pts',(28.6200069960763,-7.8434782608946,25.174733355119));
#5187=CARTESIAN_POINT('Ctrl Pts',(28.3994598192626,-7.10996436129219,24.394896563162));
#5188=CARTESIAN_POINT('Ctrl Pts',(28.5163282273281,-6.32351629388259,23.5659110531387));
#5189=CARTESIAN_POINT('Ctrl Pts',(28.9263395980052,-5.68904696364088,22.7444247810876));
#5190=CARTESIAN_POINT('Ctrl Pts',(28.5436183191276,-7.8264144114721,25.2138713696378));
#5191=CARTESIAN_POINT('Ctrl Pts',(28.3229559955149,-7.08167117362119,24.4236929121385));
#5192=CARTESIAN_POINT('Ctrl Pts',(28.4444380245734,-6.28166435323096,23.585154659043));
#5193=CARTESIAN_POINT('Ctrl Pts',(28.8630306250811,-5.63734899025,22.7552329316654));
#5194=CARTESIAN_POINT('Ctrl Pts',(28.3706420094812,-7.82595982225988,25.2661776965724));
#5195=CARTESIAN_POINT('Ctrl Pts',(28.1488426539554,-7.05379986581314,24.4542841305068));
#5196=CARTESIAN_POINT('Ctrl Pts',(28.2787417131206,-6.2230021664822,23.5958222887133));
#5197=CARTESIAN_POINT('Ctrl Pts',(28.7143778194247,-5.55578646599954,22.7489757786322));
#5198=CARTESIAN_POINT('Ctrl Pts',(28.0760723596196,-7.94234879576427,25.2438164322363));
#5199=CARTESIAN_POINT('Ctrl Pts',(27.845570617606,-7.11770162268442,24.4015476119651));
#5200=CARTESIAN_POINT('Ctrl Pts',(27.9818685861951,-6.2320075839551,23.5135763754818));
#5201=CARTESIAN_POINT('Ctrl Pts',(28.4377627092543,-5.52183522684652,22.6437449632074));
#5202=CARTESIAN_POINT('Ctrl Pts',(27.9468424491878,-8.1029645407354,25.1298063654929));
#5203=CARTESIAN_POINT('Ctrl Pts',(27.7024167461196,-7.25106374299965,24.2798848487848));
#5204=CARTESIAN_POINT('Ctrl Pts',(27.831479022877,-6.33836713943009,23.3823758088171));
#5205=CARTESIAN_POINT('Ctrl Pts',(28.2866391400662,-5.60396417823728,22.5062842207297));
#5206=CARTESIAN_POINT('Ctrl Pts',(27.9214486116739,-8.20000000002929,25.0451293429961));
#5207=CARTESIAN_POINT('Ctrl Pts',(27.6669313687438,-7.34185224519134,24.1964288544399));
#5208=CARTESIAN_POINT('Ctrl Pts',(27.7881755236068,-6.42177609705958,23.2979784087528));
#5209=CARTESIAN_POINT('Ctrl Pts',(28.2363631231226,-5.67950191309068,22.4222556622614));
#5210=CARTESIAN_POINT('',(28.9263395980052,-5.68904696364088,22.7444247810876));
#5211=CARTESIAN_POINT('Origin',(28.6582312453499,-5.94764000744274,22.4108868538084));
#5212=CARTESIAN_POINT('Ctrl Pts',(28.2363631231226,-5.67950191309068,22.4222556622614));
#5213=CARTESIAN_POINT('Ctrl Pts',(27.7881755236068,-6.42177609705958,23.2979784087528));
#5214=CARTESIAN_POINT('Ctrl Pts',(27.6669313687438,-7.34185224519134,24.1964288544399));
#5215=CARTESIAN_POINT('Ctrl Pts',(27.9214486116739,-8.20000000002929,25.0451293429961));
#5216=CARTESIAN_POINT('Ctrl Pts',(28.6200069960763,-7.8434782608946,25.174733355119));
#5217=CARTESIAN_POINT('Ctrl Pts',(28.3994598192626,-7.10996436129219,24.394896563162));
#5218=CARTESIAN_POINT('Ctrl Pts',(28.5163282273281,-6.32351629388259,23.5659110531387));
#5219=CARTESIAN_POINT('Ctrl Pts',(28.9263395980052,-5.68904696364088,22.7444247810876));
#5220=CARTESIAN_POINT('Ctrl Pts',(28.9263395980051,-5.68904696364102,22.7444247810878));
#5221=CARTESIAN_POINT('Ctrl Pts',(28.9903998853677,-5.58991730401486,22.6160755439309));
#5222=CARTESIAN_POINT('Ctrl Pts',(29.0560518824616,-5.4903157002583,22.4888342834913));
#5223=CARTESIAN_POINT('Ctrl Pts',(29.1239912685605,-5.39093889376356,22.362536091268));
#5224=CARTESIAN_POINT('Ctrl Pts',(28.863030625081,-5.63734899025015,22.7552329316656));
#5225=CARTESIAN_POINT('Ctrl Pts',(28.928569242257,-5.53859766147299,22.6269338044929));
#5226=CARTESIAN_POINT('Ctrl Pts',(28.9957708182082,-5.43936720670129,22.4996602440369));
#5227=CARTESIAN_POINT('Ctrl Pts',(29.0653291417612,-5.34033009623496,22.3731834518215));
#5228=CARTESIAN_POINT('Ctrl Pts',(28.7143767934405,-5.5557847002278,22.748976690879));
#5229=CARTESIAN_POINT('Ctrl Pts',(28.7834713338887,-5.45666640466406,22.6215480054769));
#5230=CARTESIAN_POINT('Ctrl Pts',(28.8543596703574,-5.35709651370524,22.4949932234063));
#5231=CARTESIAN_POINT('Ctrl Pts',(28.9278011387844,-5.25768573316486,22.3689855842798));
#5232=CARTESIAN_POINT('Ctrl Pts',(28.4377600988739,-5.52183198387464,22.6437462916096));
#5233=CARTESIAN_POINT('Ctrl Pts',(28.5117313124305,-5.41728424510143,22.5200464542363));
#5234=CARTESIAN_POINT('Ctrl Pts',(28.5879966956377,-5.31240422358937,22.3972093193386));
#5235=CARTESIAN_POINT('Ctrl Pts',(28.6671798783915,-5.20774857852285,22.2746309244499));
#5236=CARTESIAN_POINT('Ctrl Pts',(28.2866391400661,-5.60396417823745,22.50628422073));
#5237=CARTESIAN_POINT('Ctrl Pts',(28.3598570860447,-5.49214649112521,22.3856914201141));
#5238=CARTESIAN_POINT('Ctrl Pts',(28.4356098258627,-5.37986309438385,22.2662286364035));
#5239=CARTESIAN_POINT('Ctrl Pts',(28.5149430040181,-5.26797598533403,22.1471113539397));
#5240=CARTESIAN_POINT('Ctrl Pts',(28.2363631231225,-5.67950191309084,22.4222556622617));
#5241=CARTESIAN_POINT('Ctrl Pts',(28.3068494617763,-5.56352879398275,22.3025534235677));
#5242=CARTESIAN_POINT('Ctrl Pts',(28.3802239294471,-5.44700354110306,22.1842458903169));
#5243=CARTESIAN_POINT('Ctrl Pts',(28.457328926129,-5.33074128155672,22.0664774612078));
#5244=CARTESIAN_POINT('',(29.1239912685605,-5.39093889376356,22.362536091268));
#5245=CARTESIAN_POINT('Origin',(28.8509329908873,-5.63598157075281,22.0228402516584));
#5246=CARTESIAN_POINT('Ctrl Pts',(28.9263395980051,-5.68904696364102,22.7444247810878));
#5247=CARTESIAN_POINT('Ctrl Pts',(28.9903998853677,-5.58991730401486,22.6160755439309));
#5248=CARTESIAN_POINT('Ctrl Pts',(29.0560518824616,-5.4903157002583,22.4888342834913));
#5249=CARTESIAN_POINT('Ctrl Pts',(29.1239912685605,-5.39093889376356,22.362536091268));
#5250=CARTESIAN_POINT('Ctrl Pts',(29.1239912685605,-5.39093889376355,22.362536091268));
#5251=CARTESIAN_POINT('Ctrl Pts',(29.4648329537637,-4.89238039712913,21.7289170501304));
#5252=CARTESIAN_POINT('Ctrl Pts',(29.8687189123513,-4.38066198084375,21.1140011189019));
#5253=CARTESIAN_POINT('Ctrl Pts',(30.4426863591478,-4.08952688929947,20.5030353347674));
#5254=CARTESIAN_POINT('Ctrl Pts',(29.0213325466616,-5.3023734980885,22.3811689722367));
#5255=CARTESIAN_POINT('Ctrl Pts',(29.3765040915428,-4.80915953275201,21.7469058134351));
#5256=CARTESIAN_POINT('Ctrl Pts',(29.7978485754543,-4.29324791255511,21.1222699187828));
#5257=CARTESIAN_POINT('Ctrl Pts',(30.3893011425698,-3.99788005283659,20.4988576027366));
#5258=CARTESIAN_POINT('Ctrl Pts',(28.7520393504391,-5.1845391179004,22.3373199332146));
#5259=CARTESIAN_POINT('Ctrl Pts',(29.1477615824699,-4.68195899416764,21.7182801750242));
#5260=CARTESIAN_POINT('Ctrl Pts',(29.6124281661253,-4.14920000436591,21.0839146173662));
#5261=CARTESIAN_POINT('Ctrl Pts',(30.2420023483691,-3.84093658666353,20.4398636332564));
#5262=CARTESIAN_POINT('Ctrl Pts',(28.5245453503329,-5.25751510263024,22.1605503360617));
#5263=CARTESIAN_POINT('Ctrl Pts',(28.9268000677427,-4.70208034772936,21.5714056855335));
#5264=CARTESIAN_POINT('Ctrl Pts',(29.4167962425547,-4.12676623492322,20.9538072460487));
#5265=CARTESIAN_POINT('Ctrl Pts',(30.0712023477868,-3.79729516945496,20.3030014350877));
#5266=CARTESIAN_POINT('Ctrl Pts',(28.457328926129,-5.33074128155671,22.0664774612078));
#5267=CARTESIAN_POINT('Ctrl Pts',(28.8453227483082,-4.74747100573212,21.4862010772954));
#5268=CARTESIAN_POINT('Ctrl Pts',(29.3370376874236,-4.14880476330314,20.8793348434436));
#5269=CARTESIAN_POINT('Ctrl Pts',(29.9965453813698,-3.80820191269775,20.228342492255));
#5270=CARTESIAN_POINT('',(30.4426863591478,-4.08952688929947,20.5030353347674));
#5271=CARTESIAN_POINT('Origin',(30.1518825789611,-4.27541447517672,20.1412633529256));
#5272=CARTESIAN_POINT('Ctrl Pts',(29.1239912685605,-5.39093889376355,22.362536091268));
#5273=CARTESIAN_POINT('Ctrl Pts',(29.4648329537637,-4.89238039712913,21.7289170501304));
#5274=CARTESIAN_POINT('Ctrl Pts',(29.8687189123513,-4.38066198084375,21.1140011189019));
#5275=CARTESIAN_POINT('Ctrl Pts',(30.4426863591478,-4.08952688929947,20.5030353347674));
#5276=CARTESIAN_POINT('Origin',(32.9078771990536,0.,31.6230808495132));
#5277=CARTESIAN_POINT('Origin',(32.5181722583779,0.,31.9363380269457));
#5278=CARTESIAN_POINT('Origin',(32.9078771990536,0.,31.6230808495132));
#5279=CARTESIAN_POINT('Origin',(25.7631387622337,-4.,23.532795769899));
#5280=CARTESIAN_POINT('',(31.565460285607,-3.82608695652174,19.4701603507613));
#5281=CARTESIAN_POINT('Origin',(31.271763177079,-4.,19.104788948281));
#5282=CARTESIAN_POINT('',(33.8509346842752,-3.82608695652174,17.6330236237295));
#5283=CARTESIAN_POINT('',(26.0568358707617,-3.82608695652174,23.8981671723792));
#5284=CARTESIAN_POINT('Origin',(33.5572375757472,-4.,17.2676522212492));
#5285=CARTESIAN_POINT('Ctrl Pts',(30.4426863591517,-4.08952688929751,20.5030353347634));
#5286=CARTESIAN_POINT('Ctrl Pts',(30.777018609711,-3.91994261946548,20.1471517968307));
#5287=CARTESIAN_POINT('Ctrl Pts',(31.1602475887387,-3.826086956551,19.7958831539315));
#5288=CARTESIAN_POINT('Ctrl Pts',(31.5654602856178,-3.82608695652174,19.4701603507526));
#5289=CARTESIAN_POINT('Ctrl Pts',(30.3893011425738,-3.99788005283461,20.4988576027324));
#5290=CARTESIAN_POINT('Ctrl Pts',(30.7338170019124,-3.82582941454509,20.1357249329413));
#5291=CARTESIAN_POINT('Ctrl Pts',(31.1276332638032,-3.73017200513543,19.7764651993646));
#5292=CARTESIAN_POINT('Ctrl Pts',(31.5433861888006,-3.73111652610517,19.4426992574172));
#5293=CARTESIAN_POINT('Ctrl Pts',(30.2419815864651,-3.8410366822353,20.4397948413361));
#5294=CARTESIAN_POINT('Ctrl Pts',(30.6087049968242,-3.66147617604609,20.0646383437455));
#5295=CARTESIAN_POINT('Ctrl Pts',(31.0243745663752,-3.56130391337944,19.6901964842122));
#5296=CARTESIAN_POINT('Ctrl Pts',(31.4619317002318,-3.56364211803969,19.3413664902343));
#5297=CARTESIAN_POINT('Ctrl Pts',(30.0712023477912,-3.79729516945275,20.3030014350833));
#5298=CARTESIAN_POINT('Ctrl Pts',(30.4523898672634,-3.60537964850586,19.9239123266555));
#5299=CARTESIAN_POINT('Ctrl Pts',(30.8826581262949,-3.49877012870526,19.5411165375143));
#5300=CARTESIAN_POINT('Ctrl Pts',(31.3352262054021,-3.49999999999942,19.1837395916378));
#5301=CARTESIAN_POINT('Ctrl Pts',(29.9965453813743,-3.80820191269547,20.2283424922506));
#5302=CARTESIAN_POINT('Ctrl Pts',(30.3807042614794,-3.60980299961274,19.8491437431154));
#5303=CARTESIAN_POINT('Ctrl Pts',(30.8150119138853,-3.50000000003423,19.4642485696765));
#5304=CARTESIAN_POINT('Ctrl Pts',(31.2717631770651,-3.5,19.1047889482885));
#5305=CARTESIAN_POINT('Ctrl Pts',(30.4426863591517,-4.08952688929751,20.5030353347634));
#5306=CARTESIAN_POINT('Ctrl Pts',(30.777018609711,-3.91994261946548,20.1471517968307));
#5307=CARTESIAN_POINT('Ctrl Pts',(31.1602475887387,-3.826086956551,19.7958831539315));
#5308=CARTESIAN_POINT('Ctrl Pts',(31.5654602856178,-3.82608695652174,19.4701603507526));
#5309=CARTESIAN_POINT('Ctrl Pts',(31.5654602856178,3.82608695652174,19.4701603507526));
#5310=CARTESIAN_POINT('Ctrl Pts',(31.1602475887388,3.826086956551,19.7958831539315));
#5311=CARTESIAN_POINT('Ctrl Pts',(30.777018609711,3.91994261946547,20.1471517968307));
#5312=CARTESIAN_POINT('Ctrl Pts',(30.4426863591517,4.08952688929751,20.5030353347634));
#5313=CARTESIAN_POINT('Ctrl Pts',(31.5433861888006,3.73111652610517,19.4426992574172));
#5314=CARTESIAN_POINT('Ctrl Pts',(31.1276332638033,3.73017200513543,19.7764651993646));
#5315=CARTESIAN_POINT('Ctrl Pts',(30.7338170019124,3.82582941454509,20.1357249329413));
#5316=CARTESIAN_POINT('Ctrl Pts',(30.3893011425738,3.99788005283461,20.4988576027324));
#5317=CARTESIAN_POINT('Ctrl Pts',(31.4619317002318,3.56364211803969,19.3413664902343));
#5318=CARTESIAN_POINT('Ctrl Pts',(31.0243745663752,3.56130391337944,19.6901964842122));
#5319=CARTESIAN_POINT('Ctrl Pts',(30.6087049968242,3.66147617604609,20.0646383437455));
#5320=CARTESIAN_POINT('Ctrl Pts',(30.2419815864651,3.8410366822353,20.4397948413361));
#5321=CARTESIAN_POINT('Ctrl Pts',(31.3352262054021,3.49999999999942,19.1837395916378));
#5322=CARTESIAN_POINT('Ctrl Pts',(30.8826581262949,3.49877012870526,19.5411165375142));
#5323=CARTESIAN_POINT('Ctrl Pts',(30.4523898672634,3.60537964850586,19.9239123266555));
#5324=CARTESIAN_POINT('Ctrl Pts',(30.0712023477912,3.79729516945275,20.3030014350833));
#5325=CARTESIAN_POINT('Ctrl Pts',(31.2717631770651,3.5,19.1047889482885));
#5326=CARTESIAN_POINT('Ctrl Pts',(30.8150119138853,3.50000000003423,19.4642485696765));
#5327=CARTESIAN_POINT('Ctrl Pts',(30.3807042614794,3.60980299961274,19.8491437431154));
#5328=CARTESIAN_POINT('Ctrl Pts',(29.9965453813743,3.80820191269547,20.2283424922506));
#5329=CARTESIAN_POINT('Ctrl Pts',(31.5654602856178,3.82608695652174,19.4701603507526));
#5330=CARTESIAN_POINT('Ctrl Pts',(31.1602475887388,3.826086956551,19.7958831539315));
#5331=CARTESIAN_POINT('Ctrl Pts',(30.777018609711,3.91994261946547,20.1471517968307));
#5332=CARTESIAN_POINT('Ctrl Pts',(30.4426863591517,4.08952688929751,20.5030353347634));
#5333=CARTESIAN_POINT('Ctrl Pts',(27.7747042197789,6.57285555092917,22.1421571607377));
#5334=CARTESIAN_POINT('Ctrl Pts',(27.8418952414844,6.30659710495051,21.8565329084005));
#5335=CARTESIAN_POINT('Ctrl Pts',(27.8743435589042,6.0897776484858,21.6167062282204));
#5336=CARTESIAN_POINT('Ctrl Pts',(27.8707249487549,5.92192773253032,21.4200378267297));
#5337=CARTESIAN_POINT('Ctrl Pts',(28.2064894455263,5.39560378531091,22.0942869681677));
#5338=CARTESIAN_POINT('Ctrl Pts',(28.3184479275828,5.2145077509685,21.7534361072692));
#5339=CARTESIAN_POINT('Ctrl Pts',(28.3602774261713,5.0708461836651,21.4348671415752));
#5340=CARTESIAN_POINT('Ctrl Pts',(28.3348051800517,4.96183511611274,21.1598830940045));
#5341=CARTESIAN_POINT('Ctrl Pts',(29.1274777004256,4.40888313916386,21.9921809152327));
#5342=CARTESIAN_POINT('Ctrl Pts',(29.2149693626683,4.32144589743559,21.5456579052484));
#5343=CARTESIAN_POINT('Ctrl Pts',(29.2060304919401,4.25146831959779,21.1111661358029));
#5344=CARTESIAN_POINT('Ctrl Pts',(29.1018649529717,4.19913944224149,20.7298836741829));
#5345=CARTESIAN_POINT('Ctrl Pts',(30.268160638317,3.90143719640474,21.8657182466604));
#5346=CARTESIAN_POINT('Ctrl Pts',(30.2938075923821,3.86218628290675,21.2914265540222));
#5347=CARTESIAN_POINT('Ctrl Pts',(30.2055485267562,3.83157635750537,20.7265880821951));
#5348=CARTESIAN_POINT('Ctrl Pts',(29.9965453813622,3.80820191269689,20.2283424922368));
#5349=CARTESIAN_POINT('Origin',(32.1572071348566,8.2,21.6562876914429));
#5350=CARTESIAN_POINT('Ctrl Pts',(27.6282314739149,7.12475599582343,22.4386440354768));
#5351=CARTESIAN_POINT('Ctrl Pts',(27.6506094140553,7.01783657268453,22.3362981247036));
#5352=CARTESIAN_POINT('Ctrl Pts',(27.671620574789,6.91742265271851,22.2408688639706));
#5353=CARTESIAN_POINT('Ctrl Pts',(27.6907365343051,6.8232507421662,22.151466301101));
#5354=CARTESIAN_POINT('Ctrl Pts',(27.7637127296829,6.54805011003867,22.4349929882309));
#5355=CARTESIAN_POINT('Ctrl Pts',(27.7971258495813,6.45435744726616,22.3288353140622));
#5356=CARTESIAN_POINT('Ctrl Pts',(27.8275501987655,6.3667704263602,22.2284968518442));
#5357=CARTESIAN_POINT('Ctrl Pts',(27.8546586139219,6.28491582280854,22.1332929569248));
#5358=CARTESIAN_POINT('Ctrl Pts',(28.0094262525579,5.99746504955392,22.4283713218173));
#5359=CARTESIAN_POINT('Ctrl Pts',(28.0492796593095,5.91864383696396,22.3156536533825));
#5360=CARTESIAN_POINT('Ctrl Pts',(28.0847910418025,5.84517971965677,22.2078152630358));
#5361=CARTESIAN_POINT('Ctrl Pts',(28.1157018263434,5.77668032722796,22.1043522055916));
#5362=CARTESIAN_POINT('Ctrl Pts',(28.3481737290797,5.51153810912602,22.4192425088741));
#5363=CARTESIAN_POINT('Ctrl Pts',(28.39000989357,5.44687182214922,22.297660450973));
#5364=CARTESIAN_POINT('Ctrl Pts',(28.4265119388298,5.38673625649362,22.1801930477432));
#5365=CARTESIAN_POINT('Ctrl Pts',(28.457328926129,5.33074128155672,22.0664774612078));
#5366=CARTESIAN_POINT('Origin',(32.2019234720595,8.2,22.3153888628043));
#5367=CARTESIAN_POINT('Origin',(37.5,8.2,22.1726124498872));
#5368=CARTESIAN_POINT('Origin',(37.5,8.2,22.1726124498872));
#5369=CARTESIAN_POINT('Origin',(37.5,6.5,22.1726124498872));
#5370=CARTESIAN_POINT('',(29.7059011864865,6.5,28.4377559985369));
#5371=CARTESIAN_POINT('Origin',(24.9999999999982,0.,22.5834194507295));
#5372=CARTESIAN_POINT('',(41.9158875813525,0.,43.627486247216));
#5373=CARTESIAN_POINT('',(29.7059011864865,6.5,28.4377559985369));
#5374=CARTESIAN_POINT('Origin',(24.9999999999982,0.,22.5834194507295));
#5375=CARTESIAN_POINT('',(41.9158875813525,0.,43.627486247216));
#5376=CARTESIAN_POINT('Origin',(37.5,6.5,22.1726124498872));
#5377=CARTESIAN_POINT('Origin',(37.5,-8.2,22.1726124498872));
#5378=CARTESIAN_POINT('Origin',(37.5,-8.2,22.1726124498872));
#5379=CARTESIAN_POINT('Origin',(32.5181722583779,0.,31.9363380269457));
#5380=CARTESIAN_POINT('',(46.7011773746494,4.12433532400096,33.6192592987272));
#5381=CARTESIAN_POINT('Origin',(40.3122710718914,0.,25.671194478296));
#5382=CARTESIAN_POINT('',(38.9070785611359,4.12433532400096,39.884402847377));
#5383=CARTESIAN_POINT('Origin',(-14.2840463202982,3.,44.0274606104667));
#5384=CARTESIAN_POINT('',(-32.7941086877128,3.,16.318288185996));
#5385=CARTESIAN_POINT('Origin',(-39.0592522363634,3.,24.1123869995107));
#5386=CARTESIAN_POINT('',(-8.01890693777085,3.,36.2333584480939));
#5387=CARTESIAN_POINT('Origin',(-32.5181722583779,0.,31.9363380269457));
#5388=CARTESIAN_POINT('',(-46.7016470790974,-4.1224811573343,33.619843630571));
#5389=CARTESIAN_POINT('Origin',(-40.3122710718914,0.,25.671194478296));
#5390=CARTESIAN_POINT('',(-38.9075482655839,-4.12248115733429,39.8849871792208));
#5391=CARTESIAN_POINT('Origin',(39.4878882250229,4.49927489891014,40.6069541946889));
#5392=CARTESIAN_POINT('',(47.2646407959568,3.49965825470789,34.3202311997489));
#5393=CARTESIAN_POINT('Origin',(47.2819870385365,4.49927489891014,34.3418106460392));
#5394=CARTESIAN_POINT('',(39.4705419824433,3.49965825470789,40.5853747483987));
#5395=CARTESIAN_POINT('Origin',(39.4098301334147,0.001,40.5098466863828));
#5396=CARTESIAN_POINT('',(47.2650393330643,-3.49764057794021,34.3207269964649));
#5397=CARTESIAN_POINT('Origin',(47.2039289469282,0.001,34.2447031377331));
#5398=CARTESIAN_POINT('',(39.4709405195508,-3.49764057794021,40.5858705451146));
#5399=CARTESIAN_POINT('Origin',(39.4884006298754,-4.49725217163741,40.6075916476094));
#5400=CARTESIAN_POINT('',(46.7016470790974,-4.12248115733429,33.619843630571));
#5401=CARTESIAN_POINT('Origin',(47.2824994433889,-4.49725217163741,34.3424480989597));
#5402=CARTESIAN_POINT('',(38.9075482655839,-4.12248115733429,39.8849871792208));
#5403=CARTESIAN_POINT('Origin',(-39.4884006298754,-4.49725217163741,40.6075916476094));
#5404=CARTESIAN_POINT('',(-47.2650393330643,-3.49764057794021,34.3207269964649));
#5405=CARTESIAN_POINT('Origin',(-47.2824994433889,-4.49725217163741,34.3424480989597));
#5406=CARTESIAN_POINT('',(-39.4709405195508,-3.49764057794021,40.5858705451146));
#5407=CARTESIAN_POINT('Origin',(-39.4098301334147,0.001,40.5098466863828));
#5408=CARTESIAN_POINT('',(-47.2646407959568,3.49965825470789,34.3202311997489));
#5409=CARTESIAN_POINT('Origin',(-47.2039289469282,0.001,34.2447031377331));
#5410=CARTESIAN_POINT('',(-39.4705419824433,3.49965825470789,40.5853747483987));
#5411=CARTESIAN_POINT('Origin',(-39.4878882250229,4.49927489891014,40.6069541946889));
#5412=CARTESIAN_POINT('',(-46.7011773746494,4.12433532400096,33.6192592987272));
#5413=CARTESIAN_POINT('Origin',(-47.2819870385365,4.49927489891014,34.3418106460392));
#5414=CARTESIAN_POINT('',(-38.9070785611358,4.12433532400096,39.884402847377));
#5415=CARTESIAN_POINT('Origin',(-45.8860842290657,0.,37.393681810333));
#5416=CARTESIAN_POINT('',(-50.7798318038703,0.,38.4189791691975));
#5417=CARTESIAN_POINT('Origin',(-49.0813899802275,0.,46.5256474284463));
#5418=CARTESIAN_POINT('',(-48.047369739494,0.,51.4610293463245));
#5419=CARTESIAN_POINT('Origin',(45.8860921454727,0.,37.393657283185));
#5420=CARTESIAN_POINT('',(50.7798402683211,0.,38.4189520262311));
#5421=CARTESIAN_POINT('',(49.7831415522295,0.,34.2610855088602));
#5422=CARTESIAN_POINT('Origin',(49.0814027778754,0.,46.525621193334));
#5423=CARTESIAN_POINT('',(48.0473851752149,0.,51.4610036639189));
#5424=CARTESIAN_POINT('Origin',(96.9848664036988,0.,61.7139510943793));
#5425=CARTESIAN_POINT('',(46.9926723811736,0.,60.8304711488225));
#5426=CARTESIAN_POINT('Origin',(1.E-5,0.,59.9999999999992));
#5427=CARTESIAN_POINT('',(-46.9926519372614,0.,60.8304962674591));
#5428=CARTESIAN_POINT('Origin',(-96.9848454875395,0.,61.7140029349697));
#5429=CARTESIAN_POINT('Origin',(-32.5181722583779,0.,31.9363380269457));
#5430=CARTESIAN_POINT('Origin',(-40.3122710718914,0.,25.671194478296));
#5431=CARTESIAN_POINT('Origin',(-14.2840463202982,-3.,44.0274606104667));
#5432=CARTESIAN_POINT('',(-32.7941086877128,-3.,16.318288185996));
#5433=CARTESIAN_POINT('',(-8.01890693777085,-3.,36.2333584480939));
#5434=CARTESIAN_POINT('Origin',(-39.0592522363634,-3.,24.1123869995107));
#5435=CARTESIAN_POINT('Origin',(-41.0954140012337,0.,26.6454568122713));
#5436=CARTESIAN_POINT('',(-32.7941086877128,0.,16.318288185996));
#5437=CARTESIAN_POINT('Origin',(-25.,0.,22.5834328137927));
#5438=CARTESIAN_POINT('Origin',(41.0954140012337,0.,26.6454568122713));
#5439=CARTESIAN_POINT('Origin',(40.3122710718914,0.,25.671194478296));
#5440=CARTESIAN_POINT('Origin',(51.2688061575687,0.,36.1093139888363));
#5441=CARTESIAN_POINT('Origin',(32.5181722583779,0.,31.9363380269457));
#5442=CARTESIAN_POINT('Origin',(1.E-5,0.,59.9999999999992));
#5443=UNCERTAINTY_MEASURE_WITH_UNIT(LENGTH_MEASURE(0.01),#5447,
'DISTANCE_ACCURACY_VALUE',
'Maximum model space distance between geometric entities at asserted c
onnectivities');
#5444=UNCERTAINTY_MEASURE_WITH_UNIT(LENGTH_MEASURE(0.01),#5447,
'DISTANCE_ACCURACY_VALUE',
'Maximum model space distance between geometric entities at asserted c
onnectivities');
#5445=(
GEOMETRIC_REPRESENTATION_CONTEXT(3)
GLOBAL_UNCERTAINTY_ASSIGNED_CONTEXT((#5443))
GLOBAL_UNIT_ASSIGNED_CONTEXT((#5447,#5448,#5449))
REPRESENTATION_CONTEXT('','3D')
);
#5446=(
GEOMETRIC_REPRESENTATION_CONTEXT(3)
GLOBAL_UNCERTAINTY_ASSIGNED_CONTEXT((#5444))
GLOBAL_UNIT_ASSIGNED_CONTEXT((#5447,#5448,#5449))
REPRESENTATION_CONTEXT('','3D')
);
#5447=(
LENGTH_UNIT()
NAMED_UNIT(*)
SI_UNIT(.MILLI.,.METRE.)
);
#5448=(
NAMED_UNIT(*)
PLANE_ANGLE_UNIT()
SI_UNIT($,.RADIAN.)
);
#5449=(
NAMED_UNIT(*)
SI_UNIT($,.STERADIAN.)
SOLID_ANGLE_UNIT()
);
#5450=SHAPE_DEFINITION_REPRESENTATION(#5451,#5452);
#5451=PRODUCT_DEFINITION_SHAPE('',$,#5454);
#5452=SHAPE_REPRESENTATION('',(#2306),#5445);
#5453=PRODUCT_DEFINITION_CONTEXT('part definition',#5458,'design');
#5454=PRODUCT_DEFINITION('bowtie-holder','bowtie-holder v9',#5455,#5453);
#5455=PRODUCT_DEFINITION_FORMATION('',$,#5460);
#5456=PRODUCT_RELATED_PRODUCT_CATEGORY('bowtie-holder v9',
'bowtie-holder v9',(#5460));
#5457=APPLICATION_PROTOCOL_DEFINITION('international standard',
'automotive_design',2009,#5458);
#5458=APPLICATION_CONTEXT(
'Core Data for Automotive Mechanical Design Process');
#5459=PRODUCT_CONTEXT('part definition',#5458,'mechanical');
#5460=PRODUCT('bowtie-holder','bowtie-holder v9',$,(#5459));
#5461=PRESENTATION_STYLE_ASSIGNMENT((#5463));
#5462=PRESENTATION_STYLE_ASSIGNMENT((#5464));
#5463=SURFACE_STYLE_USAGE(.BOTH.,#5465);
#5464=SURFACE_STYLE_USAGE(.BOTH.,#5466);
#5465=SURFACE_SIDE_STYLE('',(#5467));
#5466=SURFACE_SIDE_STYLE('',(#5468));
#5467=SURFACE_STYLE_FILL_AREA(#5469);
#5468=SURFACE_STYLE_FILL_AREA(#5470);
#5469=FILL_AREA_STYLE('Steel - Satin',(#5471));
#5470=FILL_AREA_STYLE('Plastic - Matte (Red)',(#5472));
#5471=FILL_AREA_STYLE_COLOUR('Steel - Satin',#5473);
#5472=FILL_AREA_STYLE_COLOUR('Plastic - Matte (Red)',#5474);
#5473=COLOUR_RGB('Steel - Satin',0.627450980392157,0.627450980392157,0.627450980392157);
#5474=COLOUR_RGB('Plastic - Matte (Red)',0.768627450980392,0.207843137254902,
0.152941176470588);
ENDSEC;
END-ISO-10303-21;
